Name,Created,Runtime,State,test_score,dataset,model,e5_model_name,fold,multimodal_state
tabpfnv2p5_REG_IMAGE_FLIPKART_RATIO_img_4,2026-09-06T18:07:18.000Z,149,finished,0.4937240753966071,REG_IMAGE_FLIPKART_RATIO,TabPFN-v2p5 🇩🇪,intfloat/e5-small-v2,4,img
tabpfnv2p5_REG_IMAGE_FLIPKART_RATIO_non_4,2026-09-06T18:03:39.000Z,216,finished,0.7469942075214172,REG_IMAGE_FLIPKART_RATIO,TabPFN-v2p5 🇩🇪,intfloat/e5-small-v2,4,non
tabpfnv2p5_REG_IMAGE_FLIPKART_RATIO_all_4,2026-09-06T17:57:38.000Z,357,finished,0.7717981001019079,REG_IMAGE_FLIPKART_RATIO,TabPFN-v2p5 🇩🇪,intfloat/e5-small-v2,4,all
tabpfnv2_REG_IMAGE_FLIPKART_RATIO_img_4,2026-09-06T17:54:57.000Z,159,finished,0.4451491856020383,REG_IMAGE_FLIPKART_RATIO,TabPFN-v2 🤯,intfloat/e5-small-v2,4,img
tabpfnv2_REG_IMAGE_FLIPKART_RATIO_non_4,2026-09-06T17:50:56.000Z,236,finished,0.7163786319024169,REG_IMAGE_FLIPKART_RATIO,TabPFN-v2 🤯,intfloat/e5-small-v2,4,non
tabpfnv2_REG_IMAGE_FLIPKART_RATIO_all_4,2026-09-06T17:44:30.000Z,380,finished,0.7271171930585307,REG_IMAGE_FLIPKART_RATIO,TabPFN-v2 🤯,intfloat/e5-small-v2,4,all
tabm_REG_IMAGE_FLIPKART_RATIO_img_4,2026-09-06T17:41:59.000Z,147,finished,0.452733884198107,REG_IMAGE_FLIPKART_RATIO,TabM Ⓜ️,intfloat/e5-small-v2,4,img
tabm_REG_IMAGE_FLIPKART_RATIO_non_4,2026-09-06T17:38:19.000Z,217,finished,0.7033369150315087,REG_IMAGE_FLIPKART_RATIO,TabM Ⓜ️,intfloat/e5-small-v2,4,non
tabm_REG_IMAGE_FLIPKART_RATIO_all_4,2026-09-06T17:32:40.000Z,334,finished,0.7150351719215473,REG_IMAGE_FLIPKART_RATIO,TabM Ⓜ️,intfloat/e5-small-v2,4,all
cat_REG_IMAGE_FLIPKART_RATIO_img_4,2026-09-06T17:30:19.000Z,135,finished,0.4295545358180686,REG_IMAGE_FLIPKART_RATIO,CatBoost 😸,intfloat/e5-small-v2,4,img
cat_REG_IMAGE_FLIPKART_RATIO_non_4,2026-09-06T17:27:05.000Z,189,finished,0.7014783172092711,REG_IMAGE_FLIPKART_RATIO,CatBoost 😸,intfloat/e5-small-v2,4,non
cat_REG_IMAGE_FLIPKART_RATIO_all_4,2026-09-06T17:21:46.000Z,312,finished,0.701727696895698,REG_IMAGE_FLIPKART_RATIO,CatBoost 😸,intfloat/e5-small-v2,4,all
light_REG_IMAGE_FLIPKART_RATIO_img_4,2026-09-06T17:19:30.000Z,132,finished,0.3694664164651791,REG_IMAGE_FLIPKART_RATIO,LightGBM 💡,intfloat/e5-small-v2,4,img
light_REG_IMAGE_FLIPKART_RATIO_non_4,2026-09-06T17:16:17.000Z,187,finished,0.6431228770343353,REG_IMAGE_FLIPKART_RATIO,LightGBM 💡,intfloat/e5-small-v2,4,non
light_REG_IMAGE_FLIPKART_RATIO_all_4,2026-09-06T17:11:09.000Z,304,finished,0.6585142073475048,REG_IMAGE_FLIPKART_RATIO,LightGBM 💡,intfloat/e5-small-v2,4,all
tabpfnv2p5_REG_IMAGE_FLIPKART_RATIO_img_3,2026-09-06T17:08:31.000Z,151,finished,0.5040634933571786,REG_IMAGE_FLIPKART_RATIO,TabPFN-v2p5 🇩🇪,intfloat/e5-small-v2,3,img
tabpfnv2p5_REG_IMAGE_FLIPKART_RATIO_non_3,2026-09-06T17:04:47.000Z,218,finished,0.7699482742242496,REG_IMAGE_FLIPKART_RATIO,TabPFN-v2p5 🇩🇪,intfloat/e5-small-v2,3,non
tabpfnv2p5_REG_IMAGE_FLIPKART_RATIO_all_3,2026-09-06T16:58:46.000Z,356,finished,0.7900565540228184,REG_IMAGE_FLIPKART_RATIO,TabPFN-v2p5 🇩🇪,intfloat/e5-small-v2,3,all
tabpfnv2_REG_IMAGE_FLIPKART_RATIO_img_3,2026-09-06T16:56:03.000Z,159,finished,0.4554842874286336,REG_IMAGE_FLIPKART_RATIO,TabPFN-v2 🤯,intfloat/e5-small-v2,3,img
tabpfnv2_REG_IMAGE_FLIPKART_RATIO_non_3,2026-09-06T16:52:02.000Z,236,finished,0.733585318581351,REG_IMAGE_FLIPKART_RATIO,TabPFN-v2 🤯,intfloat/e5-small-v2,3,non
tabpfnv2_REG_IMAGE_FLIPKART_RATIO_all_3,2026-09-06T16:45:35.000Z,380,finished,0.7487337361315486,REG_IMAGE_FLIPKART_RATIO,TabPFN-v2 🤯,intfloat/e5-small-v2,3,all
tabm_REG_IMAGE_FLIPKART_RATIO_img_3,2026-09-06T16:42:47.000Z,161,finished,0.4778469994082882,REG_IMAGE_FLIPKART_RATIO,TabM Ⓜ️,intfloat/e5-small-v2,3,img
tabm_REG_IMAGE_FLIPKART_RATIO_non_3,2026-09-06T16:39:08.000Z,213,finished,0.7289066348328754,REG_IMAGE_FLIPKART_RATIO,TabM Ⓜ️,intfloat/e5-small-v2,3,non
tabm_REG_IMAGE_FLIPKART_RATIO_all_3,2026-09-06T16:33:29.000Z,336,finished,0.7441779869175651,REG_IMAGE_FLIPKART_RATIO,TabM Ⓜ️,intfloat/e5-small-v2,3,all
cat_REG_IMAGE_FLIPKART_RATIO_img_3,2026-09-06T16:31:07.000Z,135,finished,0.4559780592025315,REG_IMAGE_FLIPKART_RATIO,CatBoost 😸,intfloat/e5-small-v2,3,img
cat_REG_IMAGE_FLIPKART_RATIO_non_3,2026-09-06T16:27:53.000Z,191,finished,0.724934695870078,REG_IMAGE_FLIPKART_RATIO,CatBoost 😸,intfloat/e5-small-v2,3,non
cat_REG_IMAGE_FLIPKART_RATIO_all_3,2026-09-06T16:22:35.000Z,312,finished,0.7283081399957545,REG_IMAGE_FLIPKART_RATIO,CatBoost 😸,intfloat/e5-small-v2,3,all
light_REG_IMAGE_FLIPKART_RATIO_img_3,2026-09-06T16:20:19.000Z,132,finished,0.4002284419699521,REG_IMAGE_FLIPKART_RATIO,LightGBM 💡,intfloat/e5-small-v2,3,img
light_REG_IMAGE_FLIPKART_RATIO_non_3,2026-09-06T16:17:06.000Z,186,finished,0.6750266116202772,REG_IMAGE_FLIPKART_RATIO,LightGBM 💡,intfloat/e5-small-v2,3,non
light_REG_IMAGE_FLIPKART_RATIO_all_3,2026-09-06T16:11:58.000Z,305,finished,0.6838785800584953,REG_IMAGE_FLIPKART_RATIO,LightGBM 💡,intfloat/e5-small-v2,3,all
tabpfnv2p5_REG_IMAGE_FLIPKART_RATIO_img_2,2026-09-06T16:09:21.000Z,150,finished,0.5266300499971691,REG_IMAGE_FLIPKART_RATIO,TabPFN-v2p5 🇩🇪,intfloat/e5-small-v2,2,img
tabpfnv2p5_REG_IMAGE_FLIPKART_RATIO_non_2,2026-09-06T16:05:37.000Z,219,finished,0.7727258549855269,REG_IMAGE_FLIPKART_RATIO,TabPFN-v2p5 🇩🇪,intfloat/e5-small-v2,2,non
tabpfnv2p5_REG_IMAGE_FLIPKART_RATIO_all_2,2026-09-06T15:59:37.000Z,355,finished,0.7917719733474321,REG_IMAGE_FLIPKART_RATIO,TabPFN-v2p5 🇩🇪,intfloat/e5-small-v2,2,all
tabpfnv2_REG_IMAGE_FLIPKART_RATIO_img_2,2026-09-06T15:56:55.000Z,158,finished,0.4660999616591124,REG_IMAGE_FLIPKART_RATIO,TabPFN-v2 🤯,intfloat/e5-small-v2,2,img
tabpfnv2_REG_IMAGE_FLIPKART_RATIO_non_2,2026-09-06T15:52:55.000Z,234,finished,0.7375459707412308,REG_IMAGE_FLIPKART_RATIO,TabPFN-v2 🤯,intfloat/e5-small-v2,2,non
tabpfnv2_REG_IMAGE_FLIPKART_RATIO_all_2,2026-09-06T15:46:23.000Z,384,finished,0.7467080619472954,REG_IMAGE_FLIPKART_RATIO,TabPFN-v2 🤯,intfloat/e5-small-v2,2,all
tabm_REG_IMAGE_FLIPKART_RATIO_img_2,2026-09-06T15:43:41.000Z,155,finished,0.4705566880407004,REG_IMAGE_FLIPKART_RATIO,TabM Ⓜ️,intfloat/e5-small-v2,2,img
tabm_REG_IMAGE_FLIPKART_RATIO_non_2,2026-09-06T15:39:56.000Z,220,finished,0.7255595011514128,REG_IMAGE_FLIPKART_RATIO,TabM Ⓜ️,intfloat/e5-small-v2,2,non
tabm_REG_IMAGE_FLIPKART_RATIO_all_2,2026-09-06T15:34:07.000Z,338,finished,0.7360172195043528,REG_IMAGE_FLIPKART_RATIO,TabM Ⓜ️,intfloat/e5-small-v2,2,all
cat_REG_IMAGE_FLIPKART_RATIO_img_2,2026-09-06T15:31:46.000Z,136,finished,0.4493039927557661,REG_IMAGE_FLIPKART_RATIO,CatBoost 😸,intfloat/e5-small-v2,2,img
cat_REG_IMAGE_FLIPKART_RATIO_non_2,2026-09-06T15:28:27.000Z,192,finished,0.7156400067594488,REG_IMAGE_FLIPKART_RATIO,CatBoost 😸,intfloat/e5-small-v2,2,non
cat_REG_IMAGE_FLIPKART_RATIO_all_2,2026-09-06T15:23:09.000Z,313,finished,0.7206804175248757,REG_IMAGE_FLIPKART_RATIO,CatBoost 😸,intfloat/e5-small-v2,2,all
light_REG_IMAGE_FLIPKART_RATIO_img_2,2026-09-06T15:20:53.000Z,132,finished,0.3858208812749037,REG_IMAGE_FLIPKART_RATIO,LightGBM 💡,intfloat/e5-small-v2,2,img
light_REG_IMAGE_FLIPKART_RATIO_non_2,2026-09-06T15:17:40.000Z,185,finished,0.6569297702238097,REG_IMAGE_FLIPKART_RATIO,LightGBM 💡,intfloat/e5-small-v2,2,non
light_REG_IMAGE_FLIPKART_RATIO_all_2,2026-09-06T15:12:27.000Z,307,finished,0.6652344186315005,REG_IMAGE_FLIPKART_RATIO,LightGBM 💡,intfloat/e5-small-v2,2,all
tabpfnv2p5_REG_IMAGE_FLIPKART_RATIO_img_1,2026-09-06T15:09:50.000Z,152,finished,0.4985325763978886,REG_IMAGE_FLIPKART_RATIO,TabPFN-v2p5 🇩🇪,intfloat/e5-small-v2,1,img
tabpfnv2p5_REG_IMAGE_FLIPKART_RATIO_non_1,2026-09-06T15:06:06.000Z,218,finished,0.741366960202082,REG_IMAGE_FLIPKART_RATIO,TabPFN-v2p5 🇩🇪,intfloat/e5-small-v2,1,non
tabpfnv2p5_REG_IMAGE_FLIPKART_RATIO_all_1,2026-09-06T15:00:06.000Z,355,finished,0.7562738805002563,REG_IMAGE_FLIPKART_RATIO,TabPFN-v2p5 🇩🇪,intfloat/e5-small-v2,1,all
tabpfnv2_REG_IMAGE_FLIPKART_RATIO_img_1,2026-09-06T14:57:24.000Z,158,finished,0.4556188708892765,REG_IMAGE_FLIPKART_RATIO,TabPFN-v2 🤯,intfloat/e5-small-v2,1,img
tabpfnv2_REG_IMAGE_FLIPKART_RATIO_non_1,2026-09-06T14:53:19.000Z,238,finished,0.7170937208872912,REG_IMAGE_FLIPKART_RATIO,TabPFN-v2 🤯,intfloat/e5-small-v2,1,non
tabpfnv2_REG_IMAGE_FLIPKART_RATIO_all_1,2026-09-06T14:46:51.000Z,384,finished,0.7254676163937477,REG_IMAGE_FLIPKART_RATIO,TabPFN-v2 🤯,intfloat/e5-small-v2,1,all
tabm_REG_IMAGE_FLIPKART_RATIO_img_1,2026-09-06T14:44:20.000Z,146,finished,0.4670824490979773,REG_IMAGE_FLIPKART_RATIO,TabM Ⓜ️,intfloat/e5-small-v2,1,img
tabm_REG_IMAGE_FLIPKART_RATIO_non_1,2026-09-06T14:40:41.000Z,215,finished,0.7000316716208623,REG_IMAGE_FLIPKART_RATIO,TabM Ⓜ️,intfloat/e5-small-v2,1,non
tabm_REG_IMAGE_FLIPKART_RATIO_all_1,2026-09-06T14:35:01.000Z,336,finished,0.7125580480848308,REG_IMAGE_FLIPKART_RATIO,TabM Ⓜ️,intfloat/e5-small-v2,1,all
cat_REG_IMAGE_FLIPKART_RATIO_img_1,2026-09-06T14:32:40.000Z,135,finished,0.4498412132661972,REG_IMAGE_FLIPKART_RATIO,CatBoost 😸,intfloat/e5-small-v2,1,img
cat_REG_IMAGE_FLIPKART_RATIO_non_1,2026-09-06T14:29:21.000Z,192,finished,0.7054124908326935,REG_IMAGE_FLIPKART_RATIO,CatBoost 😸,intfloat/e5-small-v2,1,non
cat_REG_IMAGE_FLIPKART_RATIO_all_1,2026-09-06T14:24:02.000Z,311,finished,0.7080314543720473,REG_IMAGE_FLIPKART_RATIO,CatBoost 😸,intfloat/e5-small-v2,1,all
light_REG_IMAGE_FLIPKART_RATIO_img_1,2026-09-06T14:21:46.000Z,132,finished,0.381334648763128,REG_IMAGE_FLIPKART_RATIO,LightGBM 💡,intfloat/e5-small-v2,1,img
light_REG_IMAGE_FLIPKART_RATIO_non_1,2026-09-06T14:18:33.000Z,188,finished,0.6510005134303325,REG_IMAGE_FLIPKART_RATIO,LightGBM 💡,intfloat/e5-small-v2,1,non
light_REG_IMAGE_FLIPKART_RATIO_all_1,2026-09-06T14:13:20.000Z,308,finished,0.6499433183412726,REG_IMAGE_FLIPKART_RATIO,LightGBM 💡,intfloat/e5-small-v2,1,all
tabpfnv2p5_REG_IMAGE_FLIPKART_RATIO_img_0,2026-09-06T14:10:43.000Z,150,finished,0.4998303588314202,REG_IMAGE_FLIPKART_RATIO,TabPFN-v2p5 🇩🇪,intfloat/e5-small-v2,0,img
tabpfnv2p5_REG_IMAGE_FLIPKART_RATIO_non_0,2026-09-06T14:06:57.000Z,218,finished,0.7409846450351565,REG_IMAGE_FLIPKART_RATIO,TabPFN-v2p5 🇩🇪,intfloat/e5-small-v2,0,non
tabpfnv2p5_REG_IMAGE_FLIPKART_RATIO_all_0,2026-09-06T14:00:55.000Z,357,finished,0.7624493313927594,REG_IMAGE_FLIPKART_RATIO,TabPFN-v2p5 🇩🇪,intfloat/e5-small-v2,0,all
tabpfnv2_REG_IMAGE_FLIPKART_RATIO_img_0,2026-09-06T13:58:08.000Z,159,finished,0.4343759062593462,REG_IMAGE_FLIPKART_RATIO,TabPFN-v2 🤯,intfloat/e5-small-v2,0,img
tabpfnv2_REG_IMAGE_FLIPKART_RATIO_non_0,2026-09-06T13:54:02.000Z,238,finished,0.711952436936798,REG_IMAGE_FLIPKART_RATIO,TabPFN-v2 🤯,intfloat/e5-small-v2,0,non
tabpfnv2p5_REG_IMAGE_DVM_CAR_img_4,2026-09-06T13:48:12.000Z,86,finished,0.7038147388573719,REG_IMAGE_DVM_CAR,TabPFN-v2p5 🇩🇪,intfloat/e5-small-v2,4,img
tabpfnv2_REG_IMAGE_FLIPKART_RATIO_all_0,2026-09-06T13:47:30.000Z,388,finished,0.7268190646521419,REG_IMAGE_FLIPKART_RATIO,TabPFN-v2 🤯,intfloat/e5-small-v2,0,all
tabpfnv2p5_REG_IMAGE_DVM_CAR_non_4,2026-09-06T13:46:01.000Z,126,finished,0.8916482395729897,REG_IMAGE_DVM_CAR,TabPFN-v2p5 🇩🇪,intfloat/e5-small-v2,4,non
tabm_REG_IMAGE_FLIPKART_RATIO_img_0,2026-09-06T13:44:48.000Z,156,finished,0.466601127663261,REG_IMAGE_FLIPKART_RATIO,TabM Ⓜ️,intfloat/e5-small-v2,0,img
tabpfnv2p5_REG_IMAGE_DVM_CAR_all_4,2026-09-06T13:42:32.000Z,204,finished,0.9338441467320416,REG_IMAGE_DVM_CAR,TabPFN-v2p5 🇩🇪,intfloat/e5-small-v2,4,all
tabm_REG_IMAGE_FLIPKART_RATIO_non_0,2026-09-06T13:41:14.000Z,212,finished,0.7064474328504273,REG_IMAGE_FLIPKART_RATIO,TabM Ⓜ️,intfloat/e5-small-v2,0,non
tabpfnv2_REG_IMAGE_DVM_CAR_img_4,2026-09-06T13:40:53.000Z,96,finished,0.6347965158918338,REG_IMAGE_DVM_CAR,TabPFN-v2 🤯,intfloat/e5-small-v2,4,img
tabpfnv2_REG_IMAGE_DVM_CAR_non_4,2026-09-06T13:38:16.000Z,153,finished,0.9049089160732638,REG_IMAGE_DVM_CAR,TabPFN-v2 🤯,intfloat/e5-small-v2,4,non
tabm_REG_IMAGE_FLIPKART_RATIO_all_0,2026-09-06T13:35:25.000Z,344,finished,0.7222753191629143,REG_IMAGE_FLIPKART_RATIO,TabM Ⓜ️,intfloat/e5-small-v2,0,all
tabpfnv2_REG_IMAGE_DVM_CAR_all_4,2026-09-06T13:34:26.000Z,227,finished,0.9099617069378424,REG_IMAGE_DVM_CAR,TabPFN-v2 🤯,intfloat/e5-small-v2,4,all
cat_REG_IMAGE_FLIPKART_RATIO_img_0,2026-09-06T13:32:59.000Z,143,finished,0.4337481237832329,REG_IMAGE_FLIPKART_RATIO,CatBoost 😸,intfloat/e5-small-v2,0,img
tabm_REG_IMAGE_DVM_CAR_img_4,2026-09-06T13:32:52.000Z,88,finished,0.5920488535803351,REG_IMAGE_DVM_CAR,TabM Ⓜ️,intfloat/e5-small-v2,4,img
tabm_REG_IMAGE_DVM_CAR_non_4,2026-09-06T13:30:51.000Z,115,finished,0.9067615651101936,REG_IMAGE_DVM_CAR,TabM Ⓜ️,intfloat/e5-small-v2,4,non
cat_REG_IMAGE_FLIPKART_RATIO_non_0,2026-09-06T13:29:40.000Z,192,finished,0.6960486442183097,REG_IMAGE_FLIPKART_RATIO,CatBoost 😸,intfloat/e5-small-v2,0,non
tabm_REG_IMAGE_DVM_CAR_all_4,2026-09-06T13:27:49.000Z,175,finished,0.8913755178588847,REG_IMAGE_DVM_CAR,TabM Ⓜ️,intfloat/e5-small-v2,4,all
cat_REG_IMAGE_DVM_CAR_img_4,2026-09-06T13:26:30.000Z,73,finished,0.5004345983711049,REG_IMAGE_DVM_CAR,CatBoost 😸,intfloat/e5-small-v2,4,img
cat_REG_IMAGE_DVM_CAR_non_4,2026-09-06T13:24:29.000Z,115,finished,0.567813276533641,REG_IMAGE_DVM_CAR,CatBoost 😸,intfloat/e5-small-v2,4,non
cat_REG_IMAGE_FLIPKART_RATIO_all_0,2026-09-06T13:24:11.000Z,323,finished,0.6987572194670227,REG_IMAGE_FLIPKART_RATIO,CatBoost 😸,intfloat/e5-small-v2,0,all
light_REG_IMAGE_FLIPKART_RATIO_img_0,2026-09-06T13:21:45.000Z,140,finished,0.372867044605992,REG_IMAGE_FLIPKART_RATIO,LightGBM 💡,intfloat/e5-small-v2,0,img
cat_REG_IMAGE_DVM_CAR_all_4,2026-09-06T13:21:32.000Z,174,finished,0.8493312152272183,REG_IMAGE_DVM_CAR,CatBoost 😸,intfloat/e5-small-v2,4,all
light_REG_IMAGE_DVM_CAR_img_4,2026-09-06T13:20:18.000Z,69,finished,0.4282778718577502,REG_IMAGE_DVM_CAR,LightGBM 💡,intfloat/e5-small-v2,4,img
light_REG_IMAGE_FLIPKART_RATIO_non_0,2026-09-06T13:18:31.000Z,190,finished,0.6354795809367146,REG_IMAGE_FLIPKART_RATIO,LightGBM 💡,intfloat/e5-small-v2,0,non
light_REG_IMAGE_DVM_CAR_non_4,2026-09-06T13:18:29.000Z,106,finished,0.7308449612694325,REG_IMAGE_DVM_CAR,LightGBM 💡,intfloat/e5-small-v2,4,non
light_REG_IMAGE_DVM_CAR_all_4,2026-09-06T13:15:41.000Z,163,finished,0.7301406430267283,REG_IMAGE_DVM_CAR,LightGBM 💡,intfloat/e5-small-v2,4,all
tabpfnv2p5_REG_IMAGE_DVM_CAR_img_3,2026-09-06T13:14:12.000Z,84,finished,0.088253731330259,REG_IMAGE_DVM_CAR,TabPFN-v2p5 🇩🇪,intfloat/e5-small-v2,3,img
tabpfnv2p5_REG_IMAGE_DVM_CAR_non_3,2026-09-06T13:12:04.000Z,123,finished,0.1963034866408946,REG_IMAGE_DVM_CAR,TabPFN-v2p5 🇩🇪,intfloat/e5-small-v2,3,non
tabpfnv2p5_REG_IMAGE_DVM_CAR_all_3,2026-09-06T13:08:45.000Z,193,finished,0.1875238449052461,REG_IMAGE_DVM_CAR,TabPFN-v2p5 🇩🇪,intfloat/e5-small-v2,3,all
light_REG_IMAGE_FLIPKART_RATIO_all_0,2026-09-06T13:08:25.000Z,599,finished,0.6459195270652559,REG_IMAGE_FLIPKART_RATIO,LightGBM 💡,intfloat/e5-small-v2,0,all
tabpfnv2_REG_IMAGE_DVM_CAR_img_3,2026-09-06T13:07:06.000Z,95,finished,0.0775507681881315,REG_IMAGE_DVM_CAR,TabPFN-v2 🤯,intfloat/e5-small-v2,3,img
tabpfnv2_REG_IMAGE_DVM_CAR_non_3,2026-09-06T13:04:24.000Z,155,finished,0.1875310895502708,REG_IMAGE_DVM_CAR,TabPFN-v2 🤯,intfloat/e5-small-v2,3,non
tabpfnv2_REG_IMAGE_DVM_CAR_all_3,2026-09-06T13:00:13.000Z,243,finished,0.2017825001985268,REG_IMAGE_DVM_CAR,TabPFN-v2 🤯,intfloat/e5-small-v2,3,all
tabm_REG_IMAGE_DVM_CAR_img_3,2026-09-06T12:58:38.000Z,87,finished,0.0799627344277732,REG_IMAGE_DVM_CAR,TabM Ⓜ️,intfloat/e5-small-v2,3,img
tabm_REG_IMAGE_DVM_CAR_non_3,2026-09-06T12:56:28.000Z,128,finished,0.2122954260576229,REG_IMAGE_DVM_CAR,TabM Ⓜ️,intfloat/e5-small-v2,3,non
tabm_REG_IMAGE_DVM_CAR_all_3,2026-09-06T12:53:25.000Z,178,finished,0.2206720865070891,REG_IMAGE_DVM_CAR,TabM Ⓜ️,intfloat/e5-small-v2,3,all
cat_REG_IMAGE_DVM_CAR_img_3,2026-09-06T12:52:06.000Z,75,finished,0.0719887806861262,REG_IMAGE_DVM_CAR,CatBoost 😸,intfloat/e5-small-v2,3,img
cat_REG_IMAGE_DVM_CAR_non_3,2026-09-06T12:49:40.000Z,144,finished,0.2071715274110127,REG_IMAGE_DVM_CAR,CatBoost 😸,intfloat/e5-small-v2,3,non
cat_REG_IMAGE_DVM_CAR_all_3,2026-09-06T12:46:11.000Z,205,finished,0.2019091221464921,REG_IMAGE_DVM_CAR,CatBoost 😸,intfloat/e5-small-v2,3,all
light_REG_IMAGE_DVM_CAR_img_3,2026-09-06T12:44:57.000Z,70,finished,0.0636537436041223,REG_IMAGE_DVM_CAR,LightGBM 💡,intfloat/e5-small-v2,3,img
light_REG_IMAGE_DVM_CAR_non_3,2026-09-06T12:43:07.000Z,105,finished,0.1835999701331392,REG_IMAGE_DVM_CAR,LightGBM 💡,intfloat/e5-small-v2,3,non
light_REG_IMAGE_DVM_CAR_all_3,2026-09-06T12:40:15.000Z,164,finished,0.1835857347020801,REG_IMAGE_DVM_CAR,LightGBM 💡,intfloat/e5-small-v2,3,all
tabpfnv2p5_REG_IMAGE_DVM_CAR_img_2,2026-09-06T12:38:41.000Z,88,finished,0.6655829271032708,REG_IMAGE_DVM_CAR,TabPFN-v2p5 🇩🇪,intfloat/e5-small-v2,2,img
tabpfnv2p5_REG_IMAGE_DVM_CAR_non_2,2026-09-06T12:36:30.000Z,128,finished,0.8482934513704754,REG_IMAGE_DVM_CAR,TabPFN-v2p5 🇩🇪,intfloat/e5-small-v2,2,non
tabpfnv2p5_REG_IMAGE_DVM_CAR_all_2,2026-09-06T12:32:46.000Z,218,finished,0.8433193952922076,REG_IMAGE_DVM_CAR,TabPFN-v2p5 🇩🇪,intfloat/e5-small-v2,2,all
tabpfnv2_REG_IMAGE_DVM_CAR_img_2,2026-09-06T12:31:01.000Z,101,finished,0.6137764780155754,REG_IMAGE_DVM_CAR,TabPFN-v2 🤯,intfloat/e5-small-v2,2,img
tabpfnv2_REG_IMAGE_DVM_CAR_non_2,2026-09-06T12:28:30.000Z,146,finished,0.8385903061765434,REG_IMAGE_DVM_CAR,TabPFN-v2 🤯,intfloat/e5-small-v2,2,non
tabpfnv2_REG_IMAGE_DVM_CAR_all_2,2026-09-06T12:24:04.000Z,262,finished,0.837339144879828,REG_IMAGE_DVM_CAR,TabPFN-v2 🤯,intfloat/e5-small-v2,2,all
tabm_REG_IMAGE_DVM_CAR_img_2,2026-09-06T12:22:09.000Z,105,finished,0.2804174647799696,REG_IMAGE_DVM_CAR,TabM Ⓜ️,intfloat/e5-small-v2,2,img
tabm_REG_IMAGE_DVM_CAR_non_2,2026-09-06T12:19:53.000Z,130,finished,0.7936004356359001,REG_IMAGE_DVM_CAR,TabM Ⓜ️,intfloat/e5-small-v2,2,non
tabm_REG_IMAGE_DVM_CAR_all_2,2026-09-06T12:16:55.000Z,173,finished,0.8000550130175257,REG_IMAGE_DVM_CAR,TabM Ⓜ️,intfloat/e5-small-v2,2,all
cat_REG_IMAGE_DVM_CAR_img_2,2026-09-06T12:15:37.000Z,71,finished,0.2528244647831655,REG_IMAGE_DVM_CAR,CatBoost 😸,intfloat/e5-small-v2,2,img
cat_REG_IMAGE_DVM_CAR_non_2,2026-09-06T12:13:37.000Z,114,finished,0.7959643035205551,REG_IMAGE_DVM_CAR,CatBoost 😸,intfloat/e5-small-v2,2,non
cat_REG_IMAGE_DVM_CAR_all_2,2026-09-06T12:10:38.000Z,174,finished,0.7272727013278546,REG_IMAGE_DVM_CAR,CatBoost 😸,intfloat/e5-small-v2,2,all
light_REG_IMAGE_DVM_CAR_img_2,2026-09-06T12:09:20.000Z,72,finished,-0.1147706045622516,REG_IMAGE_DVM_CAR,LightGBM 💡,intfloat/e5-small-v2,2,img
light_REG_IMAGE_DVM_CAR_non_2,2026-09-06T12:07:25.000Z,108,finished,0.4621130329854192,REG_IMAGE_DVM_CAR,LightGBM 💡,intfloat/e5-small-v2,2,non
light_REG_IMAGE_DVM_CAR_all_2,2026-09-06T12:04:38.000Z,163,finished,0.2920253491253829,REG_IMAGE_DVM_CAR,LightGBM 💡,intfloat/e5-small-v2,2,all
tabpfnv2p5_REG_IMAGE_DVM_CAR_img_1,2026-09-06T12:03:03.000Z,87,finished,0.6862424055133005,REG_IMAGE_DVM_CAR,TabPFN-v2p5 🇩🇪,intfloat/e5-small-v2,1,img
tabpfnv2p5_REG_IMAGE_DVM_CAR_non_1,2026-09-06T12:00:47.000Z,129,finished,0.8502004948365651,REG_IMAGE_DVM_CAR,TabPFN-v2p5 🇩🇪,intfloat/e5-small-v2,1,non
tabpfnv2p5_REG_IMAGE_DVM_CAR_all_1,2026-09-06T11:57:03.000Z,222,finished,0.8580570107356564,REG_IMAGE_DVM_CAR,TabPFN-v2p5 🇩🇪,intfloat/e5-small-v2,1,all
tabpfnv2_REG_IMAGE_DVM_CAR_img_1,2026-09-06T11:55:02.000Z,112,finished,0.607718081063956,REG_IMAGE_DVM_CAR,TabPFN-v2 🤯,intfloat/e5-small-v2,1,img
tabpfnv2_REG_IMAGE_DVM_CAR_non_1,2026-09-06T11:52:21.000Z,154,finished,0.9019854326529946,REG_IMAGE_DVM_CAR,TabPFN-v2 🤯,intfloat/e5-small-v2,1,non
tabpfnv2p5_MUL_IMAGE_MINECRAFT_img_4,2026-09-06T11:50:36.000Z,604,finished,0.965463591011422,MUL_IMAGE_MINECRAFT,TabPFN-v2p5 🇩🇪,intfloat/e5-small-v2,4,img
tabpfnv2p5_MUL_IMAGE_MINECRAFT_non_4,2026-09-06T11:50:10.000Z,21,finished,0.946024603810224,MUL_IMAGE_MINECRAFT,TabPFN-v2p5 🇩🇪,intfloat/e5-small-v2,4,non
tabpfnv2_REG_IMAGE_DVM_CAR_all_1,2026-09-06T11:48:26.000Z,229,finished,0.9335756730313411,REG_IMAGE_DVM_CAR,TabPFN-v2 🤯,intfloat/e5-small-v2,1,all
tabm_REG_IMAGE_DVM_CAR_img_1,2026-09-06T11:46:52.000Z,88,finished,0.5674639661979823,REG_IMAGE_DVM_CAR,TabM Ⓜ️,intfloat/e5-small-v2,1,img
tabm_REG_IMAGE_DVM_CAR_non_1,2026-09-06T11:44:51.000Z,117,finished,0.9168795887639288,REG_IMAGE_DVM_CAR,TabM Ⓜ️,intfloat/e5-small-v2,1,non
tabpfnv2p5_MUL_IMAGE_MINECRAFT_all_4,2026-09-06T11:42:30.000Z,660,finished,0.9934864297374316,MUL_IMAGE_MINECRAFT,TabPFN-v2p5 🇩🇪,intfloat/e5-small-v2,4,all
tabm_REG_IMAGE_DVM_CAR_all_1,2026-09-06T11:41:38.000Z,187,finished,0.9171980582650334,REG_IMAGE_DVM_CAR,TabM Ⓜ️,intfloat/e5-small-v2,1,all
cat_REG_IMAGE_DVM_CAR_img_1,2026-09-06T11:40:15.000Z,77,finished,0.5215105386336937,REG_IMAGE_DVM_CAR,CatBoost 😸,intfloat/e5-small-v2,1,img
tabpfnv2_MUL_IMAGE_MINECRAFT_img_4,2026-09-06T11:39:27.000Z,640,finished,0.965695420136158,MUL_IMAGE_MINECRAFT,TabPFN-v2 🤯,intfloat/e5-small-v2,4,img
tabpfnv2_MUL_IMAGE_MINECRAFT_non_4,2026-09-06T11:39:06.000Z,16,finished,0.9461639786977712,MUL_IMAGE_MINECRAFT,TabPFN-v2 🤯,intfloat/e5-small-v2,4,non
cat_REG_IMAGE_DVM_CAR_non_1,2026-09-06T11:38:14.000Z,114,finished,0.9444578148152164,REG_IMAGE_DVM_CAR,CatBoost 😸,intfloat/e5-small-v2,1,non
cat_REG_IMAGE_DVM_CAR_all_1,2026-09-06T11:35:17.000Z,173,finished,0.9322928441312356,REG_IMAGE_DVM_CAR,CatBoost 😸,intfloat/e5-small-v2,1,all
light_REG_IMAGE_DVM_CAR_img_1,2026-09-06T11:34:03.000Z,70,finished,0.3878974249370857,REG_IMAGE_DVM_CAR,LightGBM 💡,intfloat/e5-small-v2,1,img
light_REG_IMAGE_DVM_CAR_non_1,2026-09-06T11:32:14.000Z,105,finished,0.8467360654933248,REG_IMAGE_DVM_CAR,LightGBM 💡,intfloat/e5-small-v2,1,non
tabpfnv2_MUL_IMAGE_MINECRAFT_all_4,2026-09-06T11:31:22.000Z,661,finished,0.9926674516776725,MUL_IMAGE_MINECRAFT,TabPFN-v2 🤯,intfloat/e5-small-v2,4,all
tabm_MUL_IMAGE_MINECRAFT_img_4,2026-09-06T11:29:01.000Z,601,finished,0.963959980541704,MUL_IMAGE_MINECRAFT,TabM Ⓜ️,intfloat/e5-small-v2,4,img
light_REG_IMAGE_DVM_CAR_all_1,2026-09-06T11:28:40.000Z,208,finished,0.7984361831015493,REG_IMAGE_DVM_CAR,LightGBM 💡,intfloat/e5-small-v2,1,all
tabm_MUL_IMAGE_MINECRAFT_non_4,2026-09-06T11:28:40.000Z,17,finished,0.9428503327326944,MUL_IMAGE_MINECRAFT,TabM Ⓜ️,intfloat/e5-small-v2,4,non
tabpfnv2p5_REG_IMAGE_DVM_CAR_img_0,2026-09-06T11:25:42.000Z,171,finished,0.2792502845593273,REG_IMAGE_DVM_CAR,TabPFN-v2p5 🇩🇪,intfloat/e5-small-v2,0,img
tabpfnv2p5_REG_IMAGE_DVM_CAR_non_0,2026-09-06T11:23:26.000Z,129,finished,0.275415747259134,REG_IMAGE_DVM_CAR,TabPFN-v2p5 🇩🇪,intfloat/e5-small-v2,0,non
tabm_MUL_IMAGE_MINECRAFT_all_4,2026-09-06T11:20:41.000Z,634,finished,0.9914242869459692,MUL_IMAGE_MINECRAFT,TabM Ⓜ️,intfloat/e5-small-v2,4,all
tabpfnv2p5_REG_IMAGE_DVM_CAR_all_0,2026-09-06T11:19:52.000Z,208,finished,0.2830797679767022,REG_IMAGE_DVM_CAR,TabPFN-v2p5 🇩🇪,intfloat/e5-small-v2,0,all
cat_MUL_IMAGE_MINECRAFT_img_4,2026-09-06T11:19:01.000Z,575,finished,0.9511568561491804,MUL_IMAGE_MINECRAFT,CatBoost 😸,intfloat/e5-small-v2,4,img
cat_MUL_IMAGE_MINECRAFT_non_4,2026-09-06T11:18:29.000Z,26,finished,0.940309925510413,MUL_IMAGE_MINECRAFT,CatBoost 😸,intfloat/e5-small-v2,4,non
tabpfnv2_REG_IMAGE_DVM_CAR_img_0,2026-09-06T11:18:13.000Z,96,finished,0.2281338513362952,REG_IMAGE_DVM_CAR,TabPFN-v2 🤯,intfloat/e5-small-v2,0,img
tabpfnv2_REG_IMAGE_DVM_CAR_non_0,2026-09-06T11:15:31.000Z,157,finished,0.2980301680061777,REG_IMAGE_DVM_CAR,TabPFN-v2 🤯,intfloat/e5-small-v2,0,non
tabpfnv2_REG_IMAGE_DVM_CAR_all_0,2026-09-06T11:11:35.000Z,228,finished,0.3058601674609013,REG_IMAGE_DVM_CAR,TabPFN-v2 🤯,intfloat/e5-small-v2,0,all
tabm_REG_IMAGE_DVM_CAR_img_0,2026-09-06T11:10:01.000Z,91,finished,0.2784944615771845,REG_IMAGE_DVM_CAR,TabM Ⓜ️,intfloat/e5-small-v2,0,img
cat_MUL_IMAGE_MINECRAFT_all_4,2026-09-06T11:09:08.000Z,689,finished,0.9876281351511343,MUL_IMAGE_MINECRAFT,CatBoost 😸,intfloat/e5-small-v2,4,all
light_MUL_IMAGE_MINECRAFT_img_4,2026-09-06T11:08:54.000Z,571,finished,0.9472991035786116,MUL_IMAGE_MINECRAFT,LightGBM 💡,intfloat/e5-small-v2,4,img
light_MUL_IMAGE_MINECRAFT_non_4,2026-09-06T11:08:38.000Z,14,finished,0.9404985121103624,MUL_IMAGE_MINECRAFT,LightGBM 💡,intfloat/e5-small-v2,4,non
tabm_REG_IMAGE_DVM_CAR_non_0,2026-09-06T11:07:50.000Z,124,finished,0.2913605491453619,REG_IMAGE_DVM_CAR,TabM Ⓜ️,intfloat/e5-small-v2,0,non
tabm_REG_IMAGE_DVM_CAR_all_0,2026-09-06T11:04:48.000Z,178,finished,0.3026508917132774,REG_IMAGE_DVM_CAR,TabM Ⓜ️,intfloat/e5-small-v2,0,all
cat_REG_IMAGE_DVM_CAR_img_0,2026-09-06T11:03:29.000Z,75,finished,0.208929846496483,REG_IMAGE_DVM_CAR,CatBoost 😸,intfloat/e5-small-v2,0,img
cat_REG_IMAGE_DVM_CAR_non_0,2026-09-06T11:00:48.000Z,154,finished,0.445859351663916,REG_IMAGE_DVM_CAR,CatBoost 😸,intfloat/e5-small-v2,0,non
light_MUL_IMAGE_MINECRAFT_all_4,2026-09-06T10:58:42.000Z,619,finished,0.9866679871545856,MUL_IMAGE_MINECRAFT,LightGBM 💡,intfloat/e5-small-v2,4,all
tabpfnv2p5_MUL_IMAGE_MINECRAFT_img_3,2026-09-06T10:58:33.000Z,599,finished,0.9691675413166486,MUL_IMAGE_MINECRAFT,TabPFN-v2p5 🇩🇪,intfloat/e5-small-v2,3,img
tabpfnv2p5_MUL_IMAGE_MINECRAFT_non_3,2026-09-06T10:58:21.000Z,16,finished,0.9410009159458688,MUL_IMAGE_MINECRAFT,TabPFN-v2p5 🇩🇪,intfloat/e5-small-v2,3,non
cat_REG_IMAGE_DVM_CAR_all_0,2026-09-06T10:56:37.000Z,241,finished,0.4043447155228711,REG_IMAGE_DVM_CAR,CatBoost 😸,intfloat/e5-small-v2,0,all
light_REG_IMAGE_DVM_CAR_img_0,2026-09-06T10:55:24.000Z,69,finished,0.2115018290978738,REG_IMAGE_DVM_CAR,LightGBM 💡,intfloat/e5-small-v2,0,img
light_REG_IMAGE_DVM_CAR_non_0,2026-09-06T10:53:34.000Z,103,finished,0.311984008106294,REG_IMAGE_DVM_CAR,LightGBM 💡,intfloat/e5-small-v2,0,non
light_REG_IMAGE_DVM_CAR_all_0,2026-09-06T10:49:55.000Z,211,finished,0.3078525765753602,REG_IMAGE_DVM_CAR,LightGBM 💡,intfloat/e5-small-v2,0,all
tabpfnv2p5_MUL_IMAGE_MINECRAFT_all_3,2026-09-06T10:48:28.000Z,599,finished,0.992655044754582,MUL_IMAGE_MINECRAFT,TabPFN-v2p5 🇩🇪,intfloat/e5-small-v2,3,all
tabpfnv2_MUL_IMAGE_MINECRAFT_img_3,2026-09-06T10:47:09.000Z,667,finished,0.9718286907805104,MUL_IMAGE_MINECRAFT,TabPFN-v2 🤯,intfloat/e5-small-v2,3,img
tabpfnv2_MUL_IMAGE_MINECRAFT_non_3,2026-09-06T10:46:48.000Z,15,finished,0.9416842842561728,MUL_IMAGE_MINECRAFT,TabPFN-v2 🤯,intfloat/e5-small-v2,3,non
tabpfnv2_MUL_IMAGE_MINECRAFT_all_3,2026-09-06T10:38:27.000Z,599,finished,0.9915779629427012,MUL_IMAGE_MINECRAFT,TabPFN-v2 🤯,intfloat/e5-small-v2,3,all
tabm_MUL_IMAGE_MINECRAFT_img_3,2026-09-06T10:36:11.000Z,631,finished,0.96647277757386,MUL_IMAGE_MINECRAFT,TabM Ⓜ️,intfloat/e5-small-v2,3,img
tabm_MUL_IMAGE_MINECRAFT_non_3,2026-09-06T10:35:45.000Z,20,finished,0.9364138039224832,MUL_IMAGE_MINECRAFT,TabM Ⓜ️,intfloat/e5-small-v2,3,non
tabm_MUL_IMAGE_MINECRAFT_all_3,2026-09-06T10:28:48.000Z,573,finished,0.9893276625138112,MUL_IMAGE_MINECRAFT,TabM Ⓜ️,intfloat/e5-small-v2,3,all
cat_MUL_IMAGE_MINECRAFT_img_3,2026-09-06T10:25:08.000Z,631,finished,0.9561613289569546,MUL_IMAGE_MINECRAFT,CatBoost 😸,intfloat/e5-small-v2,3,img
cat_MUL_IMAGE_MINECRAFT_non_3,2026-09-06T10:24:36.000Z,26,finished,0.9341750828648684,MUL_IMAGE_MINECRAFT,CatBoost 😸,intfloat/e5-small-v2,3,non
cat_MUL_IMAGE_MINECRAFT_all_3,2026-09-06T10:18:50.000Z,593,finished,0.9874524600785584,MUL_IMAGE_MINECRAFT,CatBoost 😸,intfloat/e5-small-v2,3,all
light_MUL_IMAGE_MINECRAFT_img_3,2026-09-06T10:13:55.000Z,637,finished,0.947379599404116,MUL_IMAGE_MINECRAFT,LightGBM 💡,intfloat/e5-small-v2,3,img
light_MUL_IMAGE_MINECRAFT_non_3,2026-09-06T10:13:34.000Z,14,finished,0.9390017452900036,MUL_IMAGE_MINECRAFT,LightGBM 💡,intfloat/e5-small-v2,3,non
light_MUL_IMAGE_MINECRAFT_all_3,2026-09-06T10:09:16.000Z,571,finished,0.9838460685460432,MUL_IMAGE_MINECRAFT,LightGBM 💡,intfloat/e5-small-v2,3,all
tabpfnv2p5_MUL_IMAGE_MINECRAFT_img_2,2026-09-06T10:02:31.000Z,660,finished,0.9631368608762768,MUL_IMAGE_MINECRAFT,TabPFN-v2p5 🇩🇪,intfloat/e5-small-v2,2,img
tabpfnv2p5_MUL_IMAGE_MINECRAFT_non_2,2026-09-06T10:02:09.000Z,17,finished,0.9413529942093468,MUL_IMAGE_MINECRAFT,TabPFN-v2p5 🇩🇪,intfloat/e5-small-v2,2,non
tabpfnv2p5_MUL_IMAGE_MINECRAFT_all_2,2026-09-06T09:59:11.000Z,599,finished,0.9901285055904502,MUL_IMAGE_MINECRAFT,TabPFN-v2p5 🇩🇪,intfloat/e5-small-v2,2,all
tabpfnv2_MUL_IMAGE_MINECRAFT_img_2,2026-09-06T09:51:07.000Z,657,finished,0.9640941038701084,MUL_IMAGE_MINECRAFT,TabPFN-v2 🤯,intfloat/e5-small-v2,2,img
tabpfnv2_MUL_IMAGE_MINECRAFT_non_2,2026-09-06T09:50:46.000Z,15,finished,0.9396258753176568,MUL_IMAGE_MINECRAFT,TabPFN-v2 🤯,intfloat/e5-small-v2,2,non
tabpfnv2_MUL_IMAGE_MINECRAFT_all_2,2026-09-06T09:49:06.000Z,599,finished,0.9892227728345192,MUL_IMAGE_MINECRAFT,TabPFN-v2 🤯,intfloat/e5-small-v2,2,all
tabm_MUL_IMAGE_MINECRAFT_img_2,2026-09-06T09:40:25.000Z,614,finished,0.9610886895854094,MUL_IMAGE_MINECRAFT,TabM Ⓜ️,intfloat/e5-small-v2,2,img
tabm_MUL_IMAGE_MINECRAFT_non_2,2026-09-06T09:40:04.000Z,18,finished,0.9381825073669876,MUL_IMAGE_MINECRAFT,TabM Ⓜ️,intfloat/e5-small-v2,2,non
tabm_MUL_IMAGE_MINECRAFT_all_2,2026-09-06T09:39:27.000Z,573,finished,0.98628495143491,MUL_IMAGE_MINECRAFT,TabM Ⓜ️,intfloat/e5-small-v2,2,all
cat_MUL_IMAGE_MINECRAFT_img_2,2026-09-06T09:29:48.000Z,572,finished,0.9486449442991868,MUL_IMAGE_MINECRAFT,CatBoost 😸,intfloat/e5-small-v2,2,img
cat_MUL_IMAGE_MINECRAFT_non_2,2026-09-06T09:29:22.000Z,23,finished,0.9372344457406966,MUL_IMAGE_MINECRAFT,CatBoost 😸,intfloat/e5-small-v2,2,non
cat_MUL_IMAGE_MINECRAFT_all_2,2026-09-06T09:29:12.000Z,645,finished,0.9852106960536346,MUL_IMAGE_MINECRAFT,CatBoost 😸,intfloat/e5-small-v2,2,all
light_MUL_IMAGE_MINECRAFT_img_2,2026-09-06T09:19:48.000Z,569,finished,0.9447701912588788,MUL_IMAGE_MINECRAFT,LightGBM 💡,intfloat/e5-small-v2,2,img
light_MUL_IMAGE_MINECRAFT_non_2,2026-09-06T09:19:32.000Z,14,finished,0.9358492116061116,MUL_IMAGE_MINECRAFT,LightGBM 💡,intfloat/e5-small-v2,2,non
light_MUL_IMAGE_MINECRAFT_all_2,2026-09-06T09:19:02.000Z,604,finished,0.9807596839482156,MUL_IMAGE_MINECRAFT,LightGBM 💡,intfloat/e5-small-v2,2,all
tabpfnv2p5_MUL_IMAGE_MINECRAFT_img_1,2026-09-06T09:09:27.000Z,599,finished,0.9594184422715256,MUL_IMAGE_MINECRAFT,TabPFN-v2p5 🇩🇪,intfloat/e5-small-v2,1,img
tabpfnv2p5_MUL_IMAGE_MINECRAFT_non_1,2026-09-06T09:09:06.000Z,15,finished,0.9441676216691048,MUL_IMAGE_MINECRAFT,TabPFN-v2p5 🇩🇪,intfloat/e5-small-v2,1,non
tabpfnv2p5_MUL_IMAGE_MINECRAFT_all_1,2026-09-06T09:08:20.000Z,637,finished,0.990744495332212,MUL_IMAGE_MINECRAFT,TabPFN-v2p5 🇩🇪,intfloat/e5-small-v2,1,all
tabpfnv2_MUL_IMAGE_MINECRAFT_img_1,2026-09-06T08:59:01.000Z,599,finished,0.9660803859731204,MUL_IMAGE_MINECRAFT,TabPFN-v2 🤯,intfloat/e5-small-v2,1,img
tabpfnv2_MUL_IMAGE_MINECRAFT_non_1,2026-09-06T08:58:40.000Z,15,finished,0.9436561942595753,MUL_IMAGE_MINECRAFT,TabPFN-v2 🤯,intfloat/e5-small-v2,1,non
tabpfnv2_MUL_IMAGE_MINECRAFT_all_1,2026-09-06T08:57:55.000Z,620,finished,0.9899385542570984,MUL_IMAGE_MINECRAFT,TabPFN-v2 🤯,intfloat/e5-small-v2,1,all
tabm_MUL_IMAGE_MINECRAFT_img_1,2026-09-06T08:49:06.000Z,572,finished,0.9509523583909189,MUL_IMAGE_MINECRAFT,TabM Ⓜ️,intfloat/e5-small-v2,1,img
tabm_MUL_IMAGE_MINECRAFT_non_1,2026-09-06T08:48:45.000Z,17,finished,0.9362021864135158,MUL_IMAGE_MINECRAFT,TabM Ⓜ️,intfloat/e5-small-v2,1,non
tabm_MUL_IMAGE_MINECRAFT_all_1,2026-09-06T08:48:06.000Z,586,finished,0.982394592980076,MUL_IMAGE_MINECRAFT,TabM Ⓜ️,intfloat/e5-small-v2,1,all
cat_MUL_IMAGE_MINECRAFT_img_1,2026-09-06T08:39:10.000Z,573,finished,0.9436436106503486,MUL_IMAGE_MINECRAFT,CatBoost 😸,intfloat/e5-small-v2,1,img
cat_MUL_IMAGE_MINECRAFT_non_1,2026-09-06T08:38:43.000Z,23,finished,0.937244968475424,MUL_IMAGE_MINECRAFT,CatBoost 😸,intfloat/e5-small-v2,1,non
cat_MUL_IMAGE_MINECRAFT_all_1,2026-09-06T08:37:54.000Z,609,finished,0.9825162509830104,MUL_IMAGE_MINECRAFT,CatBoost 😸,intfloat/e5-small-v2,1,all
light_MUL_IMAGE_MINECRAFT_img_1,2026-09-06T08:29:09.000Z,568,finished,0.9385702621157506,MUL_IMAGE_MINECRAFT,LightGBM 💡,intfloat/e5-small-v2,1,img
light_MUL_IMAGE_MINECRAFT_non_1,2026-09-06T08:28:53.000Z,14,finished,0.9340703472089188,MUL_IMAGE_MINECRAFT,LightGBM 💡,intfloat/e5-small-v2,1,non
light_MUL_IMAGE_MINECRAFT_all_1,2026-09-06T08:28:10.000Z,582,finished,0.982303090312194,MUL_IMAGE_MINECRAFT,LightGBM 💡,intfloat/e5-small-v2,1,all
tabpfnv2p5_MUL_IMAGE_MINECRAFT_img_0,2026-09-06T08:18:47.000Z,599,finished,0.9618928718723336,MUL_IMAGE_MINECRAFT,TabPFN-v2p5 🇩🇪,intfloat/e5-small-v2,0,img
tabpfnv2p5_MUL_IMAGE_MINECRAFT_non_0,2026-09-06T08:18:26.000Z,15,finished,0.942484031088328,MUL_IMAGE_MINECRAFT,TabPFN-v2p5 🇩🇪,intfloat/e5-small-v2,0,non
tabpfnv2p5_MUL_IMAGE_MINECRAFT_all_0,2026-09-06T08:17:49.000Z,614,finished,0.9920915994896262,MUL_IMAGE_MINECRAFT,TabPFN-v2p5 🇩🇪,intfloat/e5-small-v2,0,all
tabpfnv2_MUL_IMAGE_MINECRAFT_img_0,2026-09-06T08:08:21.000Z,598,finished,0.9660057094982992,MUL_IMAGE_MINECRAFT,TabPFN-v2 🤯,intfloat/e5-small-v2,0,img
tabpfnv2_MUL_IMAGE_MINECRAFT_non_0,2026-09-06T08:08:05.000Z,14,finished,0.9429334569073484,MUL_IMAGE_MINECRAFT,TabPFN-v2 🤯,intfloat/e5-small-v2,0,non
tabpfnv2_MUL_IMAGE_MINECRAFT_all_0,2026-09-06T08:07:28.000Z,618,finished,0.9916119890597908,MUL_IMAGE_MINECRAFT,TabPFN-v2 🤯,intfloat/e5-small-v2,0,all
tabm_MUL_IMAGE_MINECRAFT_img_0,2026-09-06T07:58:25.000Z,573,finished,0.9611119460147226,MUL_IMAGE_MINECRAFT,TabM Ⓜ️,intfloat/e5-small-v2,0,img
tabm_MUL_IMAGE_MINECRAFT_non_0,2026-09-06T07:58:04.000Z,17,finished,0.9408826139921346,MUL_IMAGE_MINECRAFT,TabM Ⓜ️,intfloat/e5-small-v2,0,non
tabm_MUL_IMAGE_MINECRAFT_all_0,2026-09-06T07:57:33.000Z,588,finished,0.9907711521795864,MUL_IMAGE_MINECRAFT,TabM Ⓜ️,intfloat/e5-small-v2,0,all
cat_MUL_IMAGE_MINECRAFT_img_0,2026-09-06T07:48:25.000Z,574,finished,0.9519821624669796,MUL_IMAGE_MINECRAFT,CatBoost 😸,intfloat/e5-small-v2,0,img
cat_MUL_IMAGE_MINECRAFT_non_0,2026-09-06T07:47:53.000Z,25,finished,0.9414844946476382,MUL_IMAGE_MINECRAFT,CatBoost 😸,intfloat/e5-small-v2,0,non
cat_MUL_IMAGE_MINECRAFT_all_0,2026-09-06T07:47:08.000Z,622,finished,0.9879910664616636,MUL_IMAGE_MINECRAFT,CatBoost 😸,intfloat/e5-small-v2,0,all
light_MUL_IMAGE_MINECRAFT_img_0,2026-09-06T07:38:19.000Z,570,finished,0.94359063045737,MUL_IMAGE_MINECRAFT,LightGBM 💡,intfloat/e5-small-v2,0,img
light_MUL_IMAGE_MINECRAFT_non_0,2026-09-06T07:35:36.000Z,157,finished,0.937161069427064,MUL_IMAGE_MINECRAFT,LightGBM 💡,intfloat/e5-small-v2,0,non
light_MUL_IMAGE_MINECRAFT_all_0,2026-09-06T07:34:58.000Z,725,finished,0.985783943860324,MUL_IMAGE_MINECRAFT,LightGBM 💡,intfloat/e5-small-v2,0,all
tabpfnv2p5_REG_IMAGE_SOCAL_HOUSES_img_4,2026-09-06T07:34:28.000Z,65,finished,0.3617476224899292,REG_IMAGE_SOCAL_HOUSES,TabPFN-v2p5 🇩🇪,intfloat/e5-small-v2,4,img
tabpfnv2p5_REG_IMAGE_SOCAL_HOUSES_non_4,2026-09-06T07:31:35.000Z,197,finished,0.7448961138725281,REG_IMAGE_SOCAL_HOUSES,TabPFN-v2p5 🇩🇪,intfloat/e5-small-v2,4,non
tabpfnv2p5_REG_IMAGE_SOCAL_HOUSES_all_4,2026-09-06T07:30:54.000Z,207,finished,0.7798498868942261,REG_IMAGE_SOCAL_HOUSES,TabPFN-v2p5 🇩🇪,intfloat/e5-small-v2,4,all
tabpfnv2_REG_IMAGE_SOCAL_HOUSES_img_4,2026-09-06T07:29:40.000Z,68,finished,0.3047895431518554,REG_IMAGE_SOCAL_HOUSES,TabPFN-v2 🤯,intfloat/e5-small-v2,4,img
tabpfnv2_REG_IMAGE_SOCAL_HOUSES_non_4,2026-09-06T07:26:53.000Z,162,finished,0.7119554281234741,REG_IMAGE_SOCAL_HOUSES,TabPFN-v2 🤯,intfloat/e5-small-v2,4,non
tabpfnv2_REG_IMAGE_SOCAL_HOUSES_all_4,2026-09-06T07:26:31.000Z,296,finished,0.7415714263916016,REG_IMAGE_SOCAL_HOUSES,TabPFN-v2 🤯,intfloat/e5-small-v2,4,all
tabm_REG_IMAGE_SOCAL_HOUSES_img_4,2026-09-06T07:25:34.000Z,72,finished,0.374183714389801,REG_IMAGE_SOCAL_HOUSES,TabM Ⓜ️,intfloat/e5-small-v2,4,img
tabm_REG_IMAGE_SOCAL_HOUSES_non_4,2026-09-06T07:23:23.000Z,183,finished,0.7237100601196289,REG_IMAGE_SOCAL_HOUSES,TabM Ⓜ️,intfloat/e5-small-v2,4,non
tabm_REG_IMAGE_SOCAL_HOUSES_all_4,2026-09-06T07:22:11.000Z,199,finished,0.7410019636154175,REG_IMAGE_SOCAL_HOUSES,TabM Ⓜ️,intfloat/e5-small-v2,4,all
cat_REG_IMAGE_SOCAL_HOUSES_img_4,2026-09-06T07:22:00.000Z,78,finished,0.331336342167741,REG_IMAGE_SOCAL_HOUSES,CatBoost 😸,intfloat/e5-small-v2,4,img
cat_REG_IMAGE_SOCAL_HOUSES_non_4,2026-09-06T07:19:02.000Z,173,finished,0.7072329506528939,REG_IMAGE_SOCAL_HOUSES,CatBoost 😸,intfloat/e5-small-v2,4,non
cat_REG_IMAGE_SOCAL_HOUSES_all_4,2026-09-06T07:18:57.000Z,189,finished,0.7299926707590898,REG_IMAGE_SOCAL_HOUSES,CatBoost 😸,intfloat/e5-small-v2,4,all
light_REG_IMAGE_SOCAL_HOUSES_img_4,2026-09-06T07:17:54.000Z,57,finished,0.2898776966379376,REG_IMAGE_SOCAL_HOUSES,LightGBM 💡,intfloat/e5-small-v2,4,img
light_REG_IMAGE_SOCAL_HOUSES_non_4,2026-09-06T07:15:28.000Z,139,finished,0.6776805059379686,REG_IMAGE_SOCAL_HOUSES,LightGBM 💡,intfloat/e5-small-v2,4,non
light_REG_IMAGE_SOCAL_HOUSES_all_4,2026-09-06T07:15:07.000Z,230,finished,0.6954125818441617,REG_IMAGE_SOCAL_HOUSES,LightGBM 💡,intfloat/e5-small-v2,4,all
tabpfnv2p5_REG_IMAGE_SOCAL_HOUSES_img_3,2026-09-06T07:14:20.000Z,65,finished,0.3823440074920654,REG_IMAGE_SOCAL_HOUSES,TabPFN-v2p5 🇩🇪,intfloat/e5-small-v2,3,img
tabpfnv2p5_REG_IMAGE_SOCAL_HOUSES_non_3,2026-09-06T07:11:38.000Z,155,finished,0.7726897597312927,REG_IMAGE_SOCAL_HOUSES,TabPFN-v2p5 🇩🇪,intfloat/e5-small-v2,3,non
tabpfnv2p5_REG_IMAGE_SOCAL_HOUSES_all_3,2026-09-06T07:10:30.000Z,271,finished,0.8187525868415833,REG_IMAGE_SOCAL_HOUSES,TabPFN-v2p5 🇩🇪,intfloat/e5-small-v2,3,all
tabpfnv2_REG_IMAGE_SOCAL_HOUSES_img_3,2026-09-06T07:10:24.000Z,68,finished,0.3299682140350342,REG_IMAGE_SOCAL_HOUSES,TabPFN-v2 🤯,intfloat/e5-small-v2,3,img
tabpfnv2_REG_IMAGE_SOCAL_HOUSES_non_3,2026-09-06T07:06:51.000Z,214,finished,0.733862042427063,REG_IMAGE_SOCAL_HOUSES,TabPFN-v2 🤯,intfloat/e5-small-v2,3,non
tabpfnv2_REG_IMAGE_SOCAL_HOUSES_all_3,2026-09-06T07:06:45.000Z,216,finished,0.7767386436462402,REG_IMAGE_SOCAL_HOUSES,TabPFN-v2 🤯,intfloat/e5-small-v2,3,all
tabm_REG_IMAGE_SOCAL_HOUSES_img_3,2026-09-06T07:05:31.000Z,70,finished,0.3789617419242859,REG_IMAGE_SOCAL_HOUSES,TabM Ⓜ️,intfloat/e5-small-v2,3,img
tabm_REG_IMAGE_SOCAL_HOUSES_non_3,2026-09-06T07:02:55.000Z,153,finished,0.7449514865875244,REG_IMAGE_SOCAL_HOUSES,TabM Ⓜ️,intfloat/e5-small-v2,3,non
tabm_REG_IMAGE_SOCAL_HOUSES_all_3,2026-09-06T07:02:41.000Z,245,finished,0.7605565786361694,REG_IMAGE_SOCAL_HOUSES,TabM Ⓜ️,intfloat/e5-small-v2,3,all
cat_REG_IMAGE_SOCAL_HOUSES_img_3,2026-09-06T07:01:46.000Z,62,finished,0.363059236692572,REG_IMAGE_SOCAL_HOUSES,CatBoost 😸,intfloat/e5-small-v2,3,img
cat_REG_IMAGE_SOCAL_HOUSES_non_3,2026-09-06T06:59:20.000Z,143,finished,0.7330592709184558,REG_IMAGE_SOCAL_HOUSES,CatBoost 😸,intfloat/e5-small-v2,3,non
cat_REG_IMAGE_SOCAL_HOUSES_all_3,2026-09-06T06:58:41.000Z,235,finished,0.7643628986315562,REG_IMAGE_SOCAL_HOUSES,CatBoost 😸,intfloat/e5-small-v2,3,all
light_REG_IMAGE_SOCAL_HOUSES_img_3,2026-09-06T06:58:17.000Z,57,finished,0.3103310649694875,REG_IMAGE_SOCAL_HOUSES,LightGBM 💡,intfloat/e5-small-v2,3,img
light_REG_IMAGE_SOCAL_HOUSES_non_3,2026-09-06T06:55:49.000Z,168,finished,0.70015511355405,REG_IMAGE_SOCAL_HOUSES,LightGBM 💡,intfloat/e5-small-v2,3,non
light_REG_IMAGE_SOCAL_HOUSES_all_3,2026-09-06T06:55:09.000Z,185,finished,0.730993874489119,REG_IMAGE_SOCAL_HOUSES,LightGBM 💡,intfloat/e5-small-v2,3,all
tabpfnv2p5_REG_IMAGE_SOCAL_HOUSES_img_2,2026-09-06T06:54:01.000Z,65,finished,0.3665027022361755,REG_IMAGE_SOCAL_HOUSES,TabPFN-v2p5 🇩🇪,intfloat/e5-small-v2,2,img
tabpfnv2p5_REG_IMAGE_SOCAL_HOUSES_non_2,2026-09-06T06:51:18.000Z,156,finished,0.7991387248039246,REG_IMAGE_SOCAL_HOUSES,TabPFN-v2p5 🇩🇪,intfloat/e5-small-v2,2,non
tabpfnv2p5_REG_IMAGE_SOCAL_HOUSES_all_2,2026-09-06T06:51:12.000Z,272,finished,0.8189165592193604,REG_IMAGE_SOCAL_HOUSES,TabPFN-v2p5 🇩🇪,intfloat/e5-small-v2,2,all
tabpfnv2_REG_IMAGE_SOCAL_HOUSES_img_2,2026-09-06T06:50:05.000Z,69,finished,0.3218454718589782,REG_IMAGE_SOCAL_HOUSES,TabPFN-v2 🤯,intfloat/e5-small-v2,2,img
tabpfnv2_REG_IMAGE_SOCAL_HOUSES_non_2,2026-09-06T06:47:18.000Z,161,finished,0.7761080265045166,REG_IMAGE_SOCAL_HOUSES,TabPFN-v2 🤯,intfloat/e5-small-v2,2,non
tabpfnv2_REG_IMAGE_SOCAL_HOUSES_all_2,2026-09-06T06:46:09.000Z,295,finished,0.7987812161445618,REG_IMAGE_SOCAL_HOUSES,TabPFN-v2 🤯,intfloat/e5-small-v2,2,all
tabm_REG_IMAGE_SOCAL_HOUSES_img_2,2026-09-06T06:45:59.000Z,76,finished,0.3681849241256714,REG_IMAGE_SOCAL_HOUSES,TabM Ⓜ️,intfloat/e5-small-v2,2,img
tabm_REG_IMAGE_SOCAL_HOUSES_non_2,2026-09-06T06:43:01.000Z,182,finished,0.7467381358146667,REG_IMAGE_SOCAL_HOUSES,TabM Ⓜ️,intfloat/e5-small-v2,2,non
tabm_REG_IMAGE_SOCAL_HOUSES_all_2,2026-09-06T06:42:35.000Z,202,finished,0.7620376944541931,REG_IMAGE_SOCAL_HOUSES,TabM Ⓜ️,intfloat/e5-small-v2,2,all
cat_REG_IMAGE_SOCAL_HOUSES_img_2,2026-09-06T06:41:27.000Z,61,finished,0.3518299961925597,REG_IMAGE_SOCAL_HOUSES,CatBoost 😸,intfloat/e5-small-v2,2,img
cat_REG_IMAGE_SOCAL_HOUSES_non_2,2026-09-06T06:39:00.000Z,144,finished,0.7444182826280352,REG_IMAGE_SOCAL_HOUSES,CatBoost 😸,intfloat/e5-small-v2,2,non
cat_REG_IMAGE_SOCAL_HOUSES_all_2,2026-09-06T06:39:00.000Z,236,finished,0.7568970251464993,REG_IMAGE_SOCAL_HOUSES,CatBoost 😸,intfloat/e5-small-v2,2,all
light_REG_IMAGE_SOCAL_HOUSES_img_2,2026-09-06T06:37:58.000Z,57,finished,0.2829145515256347,REG_IMAGE_SOCAL_HOUSES,LightGBM 💡,intfloat/e5-small-v2,2,img
light_REG_IMAGE_SOCAL_HOUSES_non_2,2026-09-06T06:35:31.000Z,140,finished,0.7123403078237696,REG_IMAGE_SOCAL_HOUSES,LightGBM 💡,intfloat/e5-small-v2,2,non
light_REG_IMAGE_SOCAL_HOUSES_all_2,2026-09-06T06:35:06.000Z,229,finished,0.7216540392116004,REG_IMAGE_SOCAL_HOUSES,LightGBM 💡,intfloat/e5-small-v2,2,all
tabpfnv2p5_REG_IMAGE_SOCAL_HOUSES_img_1,2026-09-06T06:34:23.000Z,65,finished,0.367702841758728,REG_IMAGE_SOCAL_HOUSES,TabPFN-v2p5 🇩🇪,intfloat/e5-small-v2,1,img
tabpfnv2p5_REG_IMAGE_SOCAL_HOUSES_non_1,2026-09-06T06:31:42.000Z,155,finished,0.7715417146682739,REG_IMAGE_SOCAL_HOUSES,TabPFN-v2p5 🇩🇪,intfloat/e5-small-v2,1,non
tabpfnv2p5_REG_IMAGE_SOCAL_HOUSES_all_1,2026-09-06T06:30:28.000Z,271,finished,0.8024704456329346,REG_IMAGE_SOCAL_HOUSES,TabPFN-v2p5 🇩🇪,intfloat/e5-small-v2,1,all
tabpfnv2_REG_IMAGE_SOCAL_HOUSES_img_1,2026-09-06T06:30:28.000Z,67,finished,0.3117191791534424,REG_IMAGE_SOCAL_HOUSES,TabPFN-v2 🤯,intfloat/e5-small-v2,1,img
tabpfnv2_REG_IMAGE_SOCAL_HOUSES_non_1,2026-09-06T06:26:49.000Z,214,finished,0.7411913275718689,REG_IMAGE_SOCAL_HOUSES,TabPFN-v2 🤯,intfloat/e5-small-v2,1,non
tabpfnv2_REG_IMAGE_SOCAL_HOUSES_all_1,2026-09-06T06:26:49.000Z,216,finished,0.7675217986106873,REG_IMAGE_SOCAL_HOUSES,TabPFN-v2 🤯,intfloat/e5-small-v2,1,all
tabm_REG_IMAGE_SOCAL_HOUSES_img_1,2026-09-06T06:25:35.000Z,68,finished,0.3562765717506408,REG_IMAGE_SOCAL_HOUSES,TabM Ⓜ️,intfloat/e5-small-v2,1,img
tabm_REG_IMAGE_SOCAL_HOUSES_non_1,2026-09-06T06:22:43.000Z,166,finished,0.7400671243667603,REG_IMAGE_SOCAL_HOUSES,TabM Ⓜ️,intfloat/e5-small-v2,1,non
tabm_REG_IMAGE_SOCAL_HOUSES_all_1,2026-09-06T06:22:34.000Z,249,finished,0.7500360012054443,REG_IMAGE_SOCAL_HOUSES,TabM Ⓜ️,intfloat/e5-small-v2,1,all
cat_REG_IMAGE_SOCAL_HOUSES_img_1,2026-09-06T06:21:36.000Z,60,finished,0.3199843774269649,REG_IMAGE_SOCAL_HOUSES,CatBoost 😸,intfloat/e5-small-v2,1,img
cat_REG_IMAGE_SOCAL_HOUSES_non_1,2026-09-06T06:19:37.000Z,172,finished,0.7366678060386778,REG_IMAGE_SOCAL_HOUSES,CatBoost 😸,intfloat/e5-small-v2,1,non
cat_REG_IMAGE_SOCAL_HOUSES_all_1,2026-09-06T06:18:22.000Z,190,finished,0.7424647107433622,REG_IMAGE_SOCAL_HOUSES,CatBoost 😸,intfloat/e5-small-v2,1,all
light_REG_IMAGE_SOCAL_HOUSES_img_1,2026-09-06T06:18:18.000Z,75,finished,0.2979805594294203,REG_IMAGE_SOCAL_HOUSES,LightGBM 💡,intfloat/e5-small-v2,1,img
light_REG_IMAGE_SOCAL_HOUSES_non_1,2026-09-06T06:15:26.000Z,169,finished,0.70569895464713,REG_IMAGE_SOCAL_HOUSES,LightGBM 💡,intfloat/e5-small-v2,1,non
light_REG_IMAGE_SOCAL_HOUSES_all_1,2026-09-06T06:15:14.000Z,185,finished,0.7122229228103794,REG_IMAGE_SOCAL_HOUSES,LightGBM 💡,intfloat/e5-small-v2,1,all
tabpfnv2p5_REG_IMAGE_SOCAL_HOUSES_img_0,2026-09-06T06:14:06.000Z,65,finished,0.3627863526344299,REG_IMAGE_SOCAL_HOUSES,TabPFN-v2p5 🇩🇪,intfloat/e5-small-v2,0,img
tabpfnv2p5_REG_IMAGE_SOCAL_HOUSES_non_0,2026-09-06T06:11:24.000Z,156,finished,0.76194828748703,REG_IMAGE_SOCAL_HOUSES,TabPFN-v2p5 🇩🇪,intfloat/e5-small-v2,0,non
tabpfnv2p5_REG_IMAGE_SOCAL_HOUSES_all_0,2026-09-06T06:10:49.000Z,272,finished,0.7982997298240662,REG_IMAGE_SOCAL_HOUSES,TabPFN-v2p5 🇩🇪,intfloat/e5-small-v2,0,all
tabpfnv2_REG_IMAGE_SOCAL_HOUSES_img_0,2026-09-06T06:10:10.000Z,69,finished,0.3232535719871521,REG_IMAGE_SOCAL_HOUSES,TabPFN-v2 🤯,intfloat/e5-small-v2,0,img
tabpfnv2_REG_IMAGE_SOCAL_HOUSES_non_0,2026-09-06T06:07:10.000Z,215,finished,0.7326143980026245,REG_IMAGE_SOCAL_HOUSES,TabPFN-v2 🤯,intfloat/e5-small-v2,0,non
tabpfnv2_REG_IMAGE_SOCAL_HOUSES_all_0,2026-09-06T06:06:15.000Z,230,finished,0.7650787234306335,REG_IMAGE_SOCAL_HOUSES,TabPFN-v2 🤯,intfloat/e5-small-v2,0,all
tabm_REG_IMAGE_SOCAL_HOUSES_img_0,2026-09-06T06:05:36.000Z,87,finished,0.3755872845649719,REG_IMAGE_SOCAL_HOUSES,TabM Ⓜ️,intfloat/e5-small-v2,0,img
tabm_REG_IMAGE_SOCAL_HOUSES_non_0,2026-09-06T06:02:17.000Z,195,finished,0.7298293113708496,REG_IMAGE_SOCAL_HOUSES,TabM Ⓜ️,intfloat/e5-small-v2,0,non
tabpfnv2p5_REG_IMAGE_LAHAINA_AUCTION_img_4,2026-09-06T06:02:07.000Z,28,finished,0.1715044379234314,REG_IMAGE_LAHAINA_AUCTION,TabPFN-v2p5 🇩🇪,intfloat/e5-small-v2,4,img
tabpfnv2p5_REG_IMAGE_LAHAINA_AUCTION_non_4,2026-09-06T06:01:36.000Z,26,finished,0.5560357570648193,REG_IMAGE_LAHAINA_AUCTION,TabPFN-v2p5 🇩🇪,intfloat/e5-small-v2,4,non
tabpfnv2p5_REG_IMAGE_LAHAINA_AUCTION_all_4,2026-09-06T06:00:48.000Z,41,finished,0.5625548958778381,REG_IMAGE_LAHAINA_AUCTION,TabPFN-v2p5 🇩🇪,intfloat/e5-small-v2,4,all
tabpfnv2_REG_IMAGE_LAHAINA_AUCTION_img_4,2026-09-06T06:00:17.000Z,27,finished,0.1655831933021545,REG_IMAGE_LAHAINA_AUCTION,TabPFN-v2 🤯,intfloat/e5-small-v2,4,img
tabpfnv2_REG_IMAGE_LAHAINA_AUCTION_non_4,2026-09-06T05:59:45.000Z,27,finished,0.5473918914794922,REG_IMAGE_LAHAINA_AUCTION,TabPFN-v2 🤯,intfloat/e5-small-v2,4,non
tabpfnv2_REG_IMAGE_LAHAINA_AUCTION_all_4,2026-09-06T05:58:58.000Z,42,finished,0.563650369644165,REG_IMAGE_LAHAINA_AUCTION,TabPFN-v2 🤯,intfloat/e5-small-v2,4,all
tabpfnv2p5_REG_IMAGE_LAHAINA_AUCTION_img_3,2026-09-06T05:58:26.000Z,27,finished,0.1300623416900634,REG_IMAGE_LAHAINA_AUCTION,TabPFN-v2p5 🇩🇪,intfloat/e5-small-v2,3,img
tabm_REG_IMAGE_SOCAL_HOUSES_all_0,2026-09-06T05:58:12.000Z,240,finished,0.7314320206642151,REG_IMAGE_SOCAL_HOUSES,TabM Ⓜ️,intfloat/e5-small-v2,0,all
tabpfnv2p5_REG_IMAGE_LAHAINA_AUCTION_non_3,2026-09-06T05:57:55.000Z,25,finished,0.5527487993240356,REG_IMAGE_LAHAINA_AUCTION,TabPFN-v2p5 🇩🇪,intfloat/e5-small-v2,3,non
tabpfnv2p5_REG_IMAGE_LAHAINA_AUCTION_all_3,2026-09-06T05:57:12.000Z,40,finished,0.5608037710189819,REG_IMAGE_LAHAINA_AUCTION,TabPFN-v2p5 🇩🇪,intfloat/e5-small-v2,3,all
cat_REG_IMAGE_SOCAL_HOUSES_img_0,2026-09-06T05:56:48.000Z,78,finished,0.3504416901597454,REG_IMAGE_SOCAL_HOUSES,CatBoost 😸,intfloat/e5-small-v2,0,img
tabpfnv2_REG_IMAGE_LAHAINA_AUCTION_img_3,2026-09-06T05:56:41.000Z,28,finished,0.1296720504760742,REG_IMAGE_LAHAINA_AUCTION,TabPFN-v2 🤯,intfloat/e5-small-v2,3,img
tabpfnv2_REG_IMAGE_LAHAINA_AUCTION_non_3,2026-09-06T05:56:09.000Z,27,finished,0.5664021968841553,REG_IMAGE_LAHAINA_AUCTION,TabPFN-v2 🤯,intfloat/e5-small-v2,3,non
tabpfnv2_REG_IMAGE_LAHAINA_AUCTION_all_3,2026-09-06T05:55:22.000Z,41,finished,0.5579039454460144,REG_IMAGE_LAHAINA_AUCTION,TabPFN-v2 🤯,intfloat/e5-small-v2,3,all
tabpfnv2p5_REG_IMAGE_LAHAINA_AUCTION_img_2,2026-09-06T05:54:50.000Z,28,finished,0.1201743483543396,REG_IMAGE_LAHAINA_AUCTION,TabPFN-v2p5 🇩🇪,intfloat/e5-small-v2,2,img
tabpfnv2p5_REG_IMAGE_LAHAINA_AUCTION_non_2,2026-09-06T05:54:19.000Z,25,finished,0.6890652179718018,REG_IMAGE_LAHAINA_AUCTION,TabPFN-v2p5 🇩🇪,intfloat/e5-small-v2,2,non
cat_REG_IMAGE_SOCAL_HOUSES_non_0,2026-09-06T05:53:51.000Z,173,finished,0.733187130368383,REG_IMAGE_SOCAL_HOUSES,CatBoost 😸,intfloat/e5-small-v2,0,non
tabpfnv2p5_REG_IMAGE_LAHAINA_AUCTION_all_2,2026-09-06T05:53:37.000Z,40,finished,0.701080858707428,REG_IMAGE_LAHAINA_AUCTION,TabPFN-v2p5 🇩🇪,intfloat/e5-small-v2,2,all
tabpfnv2_REG_IMAGE_LAHAINA_AUCTION_img_2,2026-09-06T05:53:05.000Z,28,finished,0.1505818963050842,REG_IMAGE_LAHAINA_AUCTION,TabPFN-v2 🤯,intfloat/e5-small-v2,2,img
tabpfnv2_REG_IMAGE_LAHAINA_AUCTION_non_2,2026-09-06T05:52:34.000Z,27,finished,0.7130135297775269,REG_IMAGE_LAHAINA_AUCTION,TabPFN-v2 🤯,intfloat/e5-small-v2,2,non
tabpfnv2_REG_IMAGE_LAHAINA_AUCTION_all_2,2026-09-06T05:51:46.000Z,42,finished,0.71419358253479,REG_IMAGE_LAHAINA_AUCTION,TabPFN-v2 🤯,intfloat/e5-small-v2,2,all
tabpfnv2p5_REG_IMAGE_LAHAINA_AUCTION_img_1,2026-09-06T05:51:15.000Z,28,finished,0.1231167912483215,REG_IMAGE_LAHAINA_AUCTION,TabPFN-v2p5 🇩🇪,intfloat/e5-small-v2,1,img
tabpfnv2p5_REG_IMAGE_LAHAINA_AUCTION_non_1,2026-09-06T05:50:43.000Z,26,finished,0.6417112350463867,REG_IMAGE_LAHAINA_AUCTION,TabPFN-v2p5 🇩🇪,intfloat/e5-small-v2,1,non
tabpfnv2p5_REG_IMAGE_LAHAINA_AUCTION_all_1,2026-09-06T05:49:56.000Z,40,finished,0.6570430994033813,REG_IMAGE_LAHAINA_AUCTION,TabPFN-v2p5 🇩🇪,intfloat/e5-small-v2,1,all
cat_REG_IMAGE_SOCAL_HOUSES_all_0,2026-09-06T05:49:51.000Z,235,finished,0.7473894361890612,REG_IMAGE_SOCAL_HOUSES,CatBoost 😸,intfloat/e5-small-v2,0,all
tabpfnv2_REG_IMAGE_LAHAINA_AUCTION_img_1,2026-09-06T05:49:24.000Z,28,finished,0.1310361623764038,REG_IMAGE_LAHAINA_AUCTION,TabPFN-v2 🤯,intfloat/e5-small-v2,1,img
tabpfnv2_REG_IMAGE_LAHAINA_AUCTION_non_1,2026-09-06T05:48:53.000Z,27,finished,0.6480578184127808,REG_IMAGE_LAHAINA_AUCTION,TabPFN-v2 🤯,intfloat/e5-small-v2,1,non
light_REG_IMAGE_SOCAL_HOUSES_img_0,2026-09-06T05:48:33.000Z,72,finished,0.2966706663506521,REG_IMAGE_SOCAL_HOUSES,LightGBM 💡,intfloat/e5-small-v2,0,img
tabpfnv2_REG_IMAGE_LAHAINA_AUCTION_all_1,2026-09-06T05:48:05.000Z,42,finished,0.6594129800796509,REG_IMAGE_LAHAINA_AUCTION,TabPFN-v2 🤯,intfloat/e5-small-v2,1,all
tabpfnv2p5_REG_IMAGE_LAHAINA_AUCTION_img_0,2026-09-06T05:47:34.000Z,27,finished,0.0931302905082702,REG_IMAGE_LAHAINA_AUCTION,TabPFN-v2p5 🇩🇪,intfloat/e5-small-v2,0,img
tabpfnv2p5_REG_IMAGE_LAHAINA_AUCTION_non_0,2026-09-06T05:47:02.000Z,26,finished,0.4228850603103637,REG_IMAGE_LAHAINA_AUCTION,TabPFN-v2p5 🇩🇪,intfloat/e5-small-v2,0,non
tabpfnv2p5_REG_IMAGE_LAHAINA_AUCTION_all_0,2026-09-06T05:46:15.000Z,40,finished,0.4433552622795105,REG_IMAGE_LAHAINA_AUCTION,TabPFN-v2p5 🇩🇪,intfloat/e5-small-v2,0,all
tabpfnv2_REG_IMAGE_LAHAINA_AUCTION_img_0,2026-09-06T05:45:43.000Z,28,finished,0.0979595184326172,REG_IMAGE_LAHAINA_AUCTION,TabPFN-v2 🤯,intfloat/e5-small-v2,0,img
light_REG_IMAGE_SOCAL_HOUSES_non_0,2026-09-06T05:45:40.000Z,168,finished,0.699456874971073,REG_IMAGE_SOCAL_HOUSES,LightGBM 💡,intfloat/e5-small-v2,0,non
tabpfnv2_REG_IMAGE_LAHAINA_AUCTION_non_0,2026-09-06T05:45:11.000Z,27,finished,0.4374547004699707,REG_IMAGE_LAHAINA_AUCTION,TabPFN-v2 🤯,intfloat/e5-small-v2,0,non
tabpfnv2_REG_IMAGE_LAHAINA_AUCTION_all_0,2026-09-06T05:44:24.000Z,42,finished,0.4729768037796021,REG_IMAGE_LAHAINA_AUCTION,TabPFN-v2 🤯,intfloat/e5-small-v2,0,all
tabpfnv2p5_BIN_IMAGE_OASIS_ALZHEIMERS_img_4,2026-09-06T05:44:03.000Z,16,finished,0.8850267379679144,BIN_IMAGE_OASIS_ALZHEIMERS,TabPFN-v2p5 🇩🇪,intfloat/e5-small-v2,4,img
tabpfnv2p5_BIN_IMAGE_OASIS_ALZHEIMERS_non_4,2026-09-06T05:43:47.000Z,14,finished,0.8957219251336898,BIN_IMAGE_OASIS_ALZHEIMERS,TabPFN-v2p5 🇩🇪,intfloat/e5-small-v2,4,non
tabpfnv2p5_BIN_IMAGE_OASIS_ALZHEIMERS_all_4,2026-09-06T05:43:26.000Z,16,finished,0.927807486631016,BIN_IMAGE_OASIS_ALZHEIMERS,TabPFN-v2p5 🇩🇪,intfloat/e5-small-v2,4,all
tabpfnv2_BIN_IMAGE_OASIS_ALZHEIMERS_img_4,2026-09-06T05:43:05.000Z,15,finished,0.9010695187165776,BIN_IMAGE_OASIS_ALZHEIMERS,TabPFN-v2 🤯,intfloat/e5-small-v2,4,img
tabpfnv2_BIN_IMAGE_OASIS_ALZHEIMERS_non_4,2026-09-06T05:42:49.000Z,14,finished,0.8663101604278075,BIN_IMAGE_OASIS_ALZHEIMERS,TabPFN-v2 🤯,intfloat/e5-small-v2,4,non
tabpfnv2_BIN_IMAGE_OASIS_ALZHEIMERS_all_4,2026-09-06T05:42:28.000Z,15,finished,0.9224598930481284,BIN_IMAGE_OASIS_ALZHEIMERS,TabPFN-v2 🤯,intfloat/e5-small-v2,4,all
tabpfnv2p5_BIN_IMAGE_OASIS_ALZHEIMERS_img_3,2026-09-06T05:42:06.000Z,16,finished,0.946524064171123,BIN_IMAGE_OASIS_ALZHEIMERS,TabPFN-v2p5 🇩🇪,intfloat/e5-small-v2,3,img
tabpfnv2p5_BIN_IMAGE_OASIS_ALZHEIMERS_non_3,2026-09-06T05:41:45.000Z,15,finished,0.9598930481283424,BIN_IMAGE_OASIS_ALZHEIMERS,TabPFN-v2p5 🇩🇪,intfloat/e5-small-v2,3,non
tabpfnv2p5_BIN_IMAGE_OASIS_ALZHEIMERS_all_3,2026-09-06T05:41:24.000Z,16,finished,0.962566844919786,BIN_IMAGE_OASIS_ALZHEIMERS,TabPFN-v2p5 🇩🇪,intfloat/e5-small-v2,3,all
tabpfnv2_BIN_IMAGE_OASIS_ALZHEIMERS_img_3,2026-09-06T05:41:03.000Z,16,finished,0.9438502673796793,BIN_IMAGE_OASIS_ALZHEIMERS,TabPFN-v2 🤯,intfloat/e5-small-v2,3,img
light_REG_IMAGE_SOCAL_HOUSES_all_0,2026-09-06T05:40:48.000Z,288,finished,0.7082628360363441,REG_IMAGE_SOCAL_HOUSES,LightGBM 💡,intfloat/e5-small-v2,0,all
tabpfnv2_BIN_IMAGE_OASIS_ALZHEIMERS_non_3,2026-09-06T05:40:47.000Z,14,finished,0.9598930481283424,BIN_IMAGE_OASIS_ALZHEIMERS,TabPFN-v2 🤯,intfloat/e5-small-v2,3,non
tabpfnv2_BIN_IMAGE_OASIS_ALZHEIMERS_all_3,2026-09-06T05:40:26.000Z,16,finished,0.9705882352941176,BIN_IMAGE_OASIS_ALZHEIMERS,TabPFN-v2 🤯,intfloat/e5-small-v2,3,all
tabpfnv2p5_BIN_IMAGE_OASIS_ALZHEIMERS_img_2,2026-09-06T05:40:05.000Z,16,finished,0.8890374331550802,BIN_IMAGE_OASIS_ALZHEIMERS,TabPFN-v2p5 🇩🇪,intfloat/e5-small-v2,2,img
tabpfnv2p5_BIN_IMAGE_OASIS_ALZHEIMERS_non_2,2026-09-06T05:39:49.000Z,14,finished,0.9491978609625668,BIN_IMAGE_OASIS_ALZHEIMERS,TabPFN-v2p5 🇩🇪,intfloat/e5-small-v2,2,non
tabpfnv2p5_BIN_IMAGE_OASIS_ALZHEIMERS_all_2,2026-09-06T05:39:27.000Z,17,finished,0.9438502673796793,BIN_IMAGE_OASIS_ALZHEIMERS,TabPFN-v2p5 🇩🇪,intfloat/e5-small-v2,2,all
tabpfnv2_BIN_IMAGE_OASIS_ALZHEIMERS_img_2,2026-09-06T05:39:06.000Z,16,finished,0.8663101604278075,BIN_IMAGE_OASIS_ALZHEIMERS,TabPFN-v2 🤯,intfloat/e5-small-v2,2,img
tabpfnv2_BIN_IMAGE_OASIS_ALZHEIMERS_non_2,2026-09-06T05:38:50.000Z,14,finished,0.9465240641711228,BIN_IMAGE_OASIS_ALZHEIMERS,TabPFN-v2 🤯,intfloat/e5-small-v2,2,non
tabpfnv2_BIN_IMAGE_OASIS_ALZHEIMERS_all_2,2026-09-06T05:38:29.000Z,16,finished,0.9411764705882352,BIN_IMAGE_OASIS_ALZHEIMERS,TabPFN-v2 🤯,intfloat/e5-small-v2,2,all
tabpfnv2p5_BIN_IMAGE_OASIS_ALZHEIMERS_img_1,2026-09-06T05:38:08.000Z,16,finished,0.962566844919786,BIN_IMAGE_OASIS_ALZHEIMERS,TabPFN-v2p5 🇩🇪,intfloat/e5-small-v2,1,img
tabpfnv2p5_BIN_IMAGE_OASIS_ALZHEIMERS_non_1,2026-09-06T05:37:47.000Z,14,finished,0.8449197860962566,BIN_IMAGE_OASIS_ALZHEIMERS,TabPFN-v2p5 🇩🇪,intfloat/e5-small-v2,1,non
tabpfnv2p5_BIN_IMAGE_OASIS_ALZHEIMERS_all_1,2026-09-06T05:37:26.000Z,15,finished,0.962566844919786,BIN_IMAGE_OASIS_ALZHEIMERS,TabPFN-v2p5 🇩🇪,intfloat/e5-small-v2,1,all
tabpfnv2_BIN_IMAGE_OASIS_ALZHEIMERS_img_1,2026-09-06T05:37:04.000Z,16,finished,0.9545454545454544,BIN_IMAGE_OASIS_ALZHEIMERS,TabPFN-v2 🤯,intfloat/e5-small-v2,1,img
tabpfnv2_BIN_IMAGE_OASIS_ALZHEIMERS_non_1,2026-09-06T05:36:48.000Z,14,finished,0.8342245989304813,BIN_IMAGE_OASIS_ALZHEIMERS,TabPFN-v2 🤯,intfloat/e5-small-v2,1,non
tabpfnv2_BIN_IMAGE_OASIS_ALZHEIMERS_all_1,2026-09-06T05:36:27.000Z,15,finished,0.9518716577540108,BIN_IMAGE_OASIS_ALZHEIMERS,TabPFN-v2 🤯,intfloat/e5-small-v2,1,all
tabpfnv2p5_BIN_IMAGE_OASIS_ALZHEIMERS_img_0,2026-09-06T05:36:06.000Z,16,finished,0.8556149732620321,BIN_IMAGE_OASIS_ALZHEIMERS,TabPFN-v2p5 🇩🇪,intfloat/e5-small-v2,0,img
tabpfnv2p5_BIN_IMAGE_OASIS_ALZHEIMERS_non_0,2026-09-06T05:35:50.000Z,14,finished,0.9171122994652406,BIN_IMAGE_OASIS_ALZHEIMERS,TabPFN-v2p5 🇩🇪,intfloat/e5-small-v2,0,non
tabpfnv2p5_BIN_IMAGE_OASIS_ALZHEIMERS_all_0,2026-09-06T05:35:29.000Z,15,finished,0.9197860962566844,BIN_IMAGE_OASIS_ALZHEIMERS,TabPFN-v2p5 🇩🇪,intfloat/e5-small-v2,0,all
tabpfnv2_BIN_IMAGE_OASIS_ALZHEIMERS_img_0,2026-09-06T05:35:08.000Z,15,finished,0.8529411764705882,BIN_IMAGE_OASIS_ALZHEIMERS,TabPFN-v2 🤯,intfloat/e5-small-v2,0,img
tabpfnv2_BIN_IMAGE_OASIS_ALZHEIMERS_non_0,2026-09-06T05:34:52.000Z,13,finished,0.9331550802139038,BIN_IMAGE_OASIS_ALZHEIMERS,TabPFN-v2 🤯,intfloat/e5-small-v2,0,non
tabpfnv2_BIN_IMAGE_OASIS_ALZHEIMERS_all_0,2026-09-06T05:34:30.000Z,16,finished,0.9010695187165776,BIN_IMAGE_OASIS_ALZHEIMERS,TabPFN-v2 🤯,intfloat/e5-small-v2,0,all
tabm_REG_IMAGE_LAHAINA_AUCTION_4,2026-09-05T21:27:09.000Z,26,finished,0.0883471965789794,REG_IMAGE_LAHAINA_AUCTION,TabM Ⓜ️,intfloat/e5-small-v2,4,img
tabm_REG_IMAGE_LAHAINA_AUCTION_4,2026-09-05T21:26:37.000Z,25,finished,0.5594195127487183,REG_IMAGE_LAHAINA_AUCTION,TabM Ⓜ️,intfloat/e5-small-v2,4,non
tabm_REG_IMAGE_LAHAINA_AUCTION_4,2026-09-05T21:25:55.000Z,38,finished,0.5668238401412964,REG_IMAGE_LAHAINA_AUCTION,TabM Ⓜ️,intfloat/e5-small-v2,4,all
cat_REG_IMAGE_LAHAINA_AUCTION_4,2026-09-05T21:25:23.000Z,27,finished,0.0923308850523355,REG_IMAGE_LAHAINA_AUCTION,CatBoost 😸,intfloat/e5-small-v2,4,img
cat_REG_IMAGE_LAHAINA_AUCTION_4,2026-09-05T21:24:52.000Z,27,finished,0.4506445280295155,REG_IMAGE_LAHAINA_AUCTION,CatBoost 😸,intfloat/e5-small-v2,4,non
cat_REG_IMAGE_LAHAINA_AUCTION_4,2026-09-05T21:24:04.000Z,43,finished,0.5028416329829992,REG_IMAGE_LAHAINA_AUCTION,CatBoost 😸,intfloat/e5-small-v2,4,all
light_REG_IMAGE_LAHAINA_AUCTION_4,2026-09-05T21:23:33.000Z,26,finished,-0.0302015394649248,REG_IMAGE_LAHAINA_AUCTION,LightGBM 💡,intfloat/e5-small-v2,4,img
light_REG_IMAGE_LAHAINA_AUCTION_4,2026-09-05T21:23:06.000Z,25,finished,0.4758143680989245,REG_IMAGE_LAHAINA_AUCTION,LightGBM 💡,intfloat/e5-small-v2,4,non
light_REG_IMAGE_LAHAINA_AUCTION_4,2026-09-05T21:22:24.000Z,38,finished,0.5479397846055416,REG_IMAGE_LAHAINA_AUCTION,LightGBM 💡,intfloat/e5-small-v2,4,all
tabm_REG_IMAGE_LAHAINA_AUCTION_3,2026-09-05T21:20:17.000Z,27,finished,0.0578468441963195,REG_IMAGE_LAHAINA_AUCTION,TabM Ⓜ️,intfloat/e5-small-v2,3,img
tabm_REG_IMAGE_LAHAINA_AUCTION_3,2026-09-05T21:19:46.000Z,24,finished,0.5394681692123413,REG_IMAGE_LAHAINA_AUCTION,TabM Ⓜ️,intfloat/e5-small-v2,3,non
tabm_REG_IMAGE_LAHAINA_AUCTION_3,2026-09-05T21:19:04.000Z,38,finished,0.5437896251678467,REG_IMAGE_LAHAINA_AUCTION,TabM Ⓜ️,intfloat/e5-small-v2,3,all
cat_REG_IMAGE_LAHAINA_AUCTION_3,2026-09-05T21:18:32.000Z,27,finished,0.0492999201026355,REG_IMAGE_LAHAINA_AUCTION,CatBoost 😸,intfloat/e5-small-v2,3,img
cat_REG_IMAGE_LAHAINA_AUCTION_3,2026-09-05T21:18:00.000Z,29,finished,0.5744710302047218,REG_IMAGE_LAHAINA_AUCTION,CatBoost 😸,intfloat/e5-small-v2,3,non
cat_REG_IMAGE_LAHAINA_AUCTION_3,2026-09-05T21:17:13.000Z,40,finished,0.5854970791897027,REG_IMAGE_LAHAINA_AUCTION,CatBoost 😸,intfloat/e5-small-v2,3,all
light_REG_IMAGE_LAHAINA_AUCTION_3,2026-09-05T21:16:41.000Z,27,finished,0.0852546920045871,REG_IMAGE_LAHAINA_AUCTION,LightGBM 💡,intfloat/e5-small-v2,3,img
light_REG_IMAGE_LAHAINA_AUCTION_3,2026-09-05T21:16:15.000Z,24,finished,0.5708530951050557,REG_IMAGE_LAHAINA_AUCTION,LightGBM 💡,intfloat/e5-small-v2,3,non
light_REG_IMAGE_LAHAINA_AUCTION_3,2026-09-05T21:15:33.000Z,37,finished,0.5815140596162351,REG_IMAGE_LAHAINA_AUCTION,LightGBM 💡,intfloat/e5-small-v2,3,all
tabm_REG_IMAGE_LAHAINA_AUCTION_2,2026-09-05T21:13:25.000Z,28,finished,0.1025760173797607,REG_IMAGE_LAHAINA_AUCTION,TabM Ⓜ️,intfloat/e5-small-v2,2,img
tabm_REG_IMAGE_LAHAINA_AUCTION_2,2026-09-05T21:12:54.000Z,25,finished,0.7298469543457031,REG_IMAGE_LAHAINA_AUCTION,TabM Ⓜ️,intfloat/e5-small-v2,2,non
tabm_REG_IMAGE_LAHAINA_AUCTION_2,2026-09-05T21:12:12.000Z,38,finished,0.67803955078125,REG_IMAGE_LAHAINA_AUCTION,TabM Ⓜ️,intfloat/e5-small-v2,2,all
cat_REG_IMAGE_LAHAINA_AUCTION_2,2026-09-05T21:11:40.000Z,27,finished,0.084446160637873,REG_IMAGE_LAHAINA_AUCTION,CatBoost 😸,intfloat/e5-small-v2,2,img
cat_REG_IMAGE_LAHAINA_AUCTION_2,2026-09-05T21:11:06.000Z,27,finished,0.7305651501985547,REG_IMAGE_LAHAINA_AUCTION,CatBoost 😸,intfloat/e5-small-v2,2,non
cat_REG_IMAGE_LAHAINA_AUCTION_2,2026-09-05T21:10:19.000Z,42,finished,0.6937527969583284,REG_IMAGE_LAHAINA_AUCTION,CatBoost 😸,intfloat/e5-small-v2,2,all
light_REG_IMAGE_LAHAINA_AUCTION_2,2026-09-05T21:09:48.000Z,26,finished,0.0028354983726909,REG_IMAGE_LAHAINA_AUCTION,LightGBM 💡,intfloat/e5-small-v2,2,img
light_REG_IMAGE_LAHAINA_AUCTION_2,2026-09-05T21:09:21.000Z,25,finished,0.5236802102838449,REG_IMAGE_LAHAINA_AUCTION,LightGBM 💡,intfloat/e5-small-v2,2,non
light_REG_IMAGE_LAHAINA_AUCTION_2,2026-09-05T21:08:39.000Z,38,finished,0.545058554938076,REG_IMAGE_LAHAINA_AUCTION,LightGBM 💡,intfloat/e5-small-v2,2,all
tabm_REG_IMAGE_LAHAINA_AUCTION_1,2026-09-05T21:06:32.000Z,27,finished,0.1239652633666992,REG_IMAGE_LAHAINA_AUCTION,TabM Ⓜ️,intfloat/e5-small-v2,1,img
tabm_REG_IMAGE_LAHAINA_AUCTION_1,2026-09-05T21:06:00.000Z,25,finished,0.6630198955535889,REG_IMAGE_LAHAINA_AUCTION,TabM Ⓜ️,intfloat/e5-small-v2,1,non
tabm_REG_IMAGE_LAHAINA_AUCTION_1,2026-09-05T21:05:18.000Z,38,finished,0.67640620470047,REG_IMAGE_LAHAINA_AUCTION,TabM Ⓜ️,intfloat/e5-small-v2,1,all
cat_REG_IMAGE_LAHAINA_AUCTION_1,2026-09-05T21:04:47.000Z,27,finished,0.0646381138436086,REG_IMAGE_LAHAINA_AUCTION,CatBoost 😸,intfloat/e5-small-v2,1,img
cat_REG_IMAGE_LAHAINA_AUCTION_1,2026-09-05T21:04:15.000Z,28,finished,0.6316714163088586,REG_IMAGE_LAHAINA_AUCTION,CatBoost 😸,intfloat/e5-small-v2,1,non
cat_REG_IMAGE_LAHAINA_AUCTION_1,2026-09-05T21:03:28.000Z,41,finished,0.6495395385375989,REG_IMAGE_LAHAINA_AUCTION,CatBoost 😸,intfloat/e5-small-v2,1,all
light_REG_IMAGE_LAHAINA_AUCTION_1,2026-09-05T21:02:56.000Z,26,finished,-0.0023677577908758,REG_IMAGE_LAHAINA_AUCTION,LightGBM 💡,intfloat/e5-small-v2,1,img
light_REG_IMAGE_LAHAINA_AUCTION_1,2026-09-05T21:02:30.000Z,24,finished,0.5292383895472699,REG_IMAGE_LAHAINA_AUCTION,LightGBM 💡,intfloat/e5-small-v2,1,non
light_REG_IMAGE_LAHAINA_AUCTION_1,2026-09-05T21:01:47.000Z,37,finished,0.5970530299386818,REG_IMAGE_LAHAINA_AUCTION,LightGBM 💡,intfloat/e5-small-v2,1,all
tabm_REG_IMAGE_LAHAINA_AUCTION_0,2026-09-05T20:59:40.000Z,26,finished,0.1188885569572448,REG_IMAGE_LAHAINA_AUCTION,TabM Ⓜ️,intfloat/e5-small-v2,0,img
tabm_REG_IMAGE_LAHAINA_AUCTION_0,2026-09-05T20:59:08.000Z,25,finished,0.395582914352417,REG_IMAGE_LAHAINA_AUCTION,TabM Ⓜ️,intfloat/e5-small-v2,0,non
tabm_REG_IMAGE_LAHAINA_AUCTION_0,2026-09-05T20:58:26.000Z,38,finished,0.4592259526252746,REG_IMAGE_LAHAINA_AUCTION,TabM Ⓜ️,intfloat/e5-small-v2,0,all
cat_REG_IMAGE_LAHAINA_AUCTION_0,2026-09-05T20:57:54.000Z,27,finished,0.0701030760770043,REG_IMAGE_LAHAINA_AUCTION,CatBoost 😸,intfloat/e5-small-v2,0,img
cat_REG_IMAGE_LAHAINA_AUCTION_0,2026-09-05T20:57:22.000Z,27,finished,0.4137353050073371,REG_IMAGE_LAHAINA_AUCTION,CatBoost 😸,intfloat/e5-small-v2,0,non
cat_REG_IMAGE_LAHAINA_AUCTION_0,2026-09-05T20:56:35.000Z,44,finished,0.4481961150399028,REG_IMAGE_LAHAINA_AUCTION,CatBoost 😸,intfloat/e5-small-v2,0,all
light_REG_IMAGE_LAHAINA_AUCTION_0,2026-09-05T20:56:04.000Z,26,finished,0.1165606994335495,REG_IMAGE_LAHAINA_AUCTION,LightGBM 💡,intfloat/e5-small-v2,0,img
light_REG_IMAGE_LAHAINA_AUCTION_0,2026-09-05T20:55:37.000Z,25,finished,0.396364143057403,REG_IMAGE_LAHAINA_AUCTION,LightGBM 💡,intfloat/e5-small-v2,0,non
light_REG_IMAGE_LAHAINA_AUCTION_0,2026-09-05T20:54:55.000Z,37,finished,0.4226058606608199,REG_IMAGE_LAHAINA_AUCTION,LightGBM 💡,intfloat/e5-small-v2,0,all
tabm_BIN_IMAGE_OASIS_ALZHEIMERS_4,2026-09-05T20:52:58.000Z,15,finished,0.8716577540106951,BIN_IMAGE_OASIS_ALZHEIMERS,TabM Ⓜ️,intfloat/e5-small-v2,4,img
tabm_BIN_IMAGE_OASIS_ALZHEIMERS_4,2026-09-05T20:52:42.000Z,14,finished,0.8930481283422459,BIN_IMAGE_OASIS_ALZHEIMERS,TabM Ⓜ️,intfloat/e5-small-v2,4,non
tabm_BIN_IMAGE_OASIS_ALZHEIMERS_4,2026-09-05T20:52:21.000Z,15,finished,0.9358288770053476,BIN_IMAGE_OASIS_ALZHEIMERS,TabM Ⓜ️,intfloat/e5-small-v2,4,all
cat_BIN_IMAGE_OASIS_ALZHEIMERS_4,2026-09-05T20:51:59.000Z,16,finished,0.8796791443850267,BIN_IMAGE_OASIS_ALZHEIMERS,CatBoost 😸,intfloat/e5-small-v2,4,img
cat_BIN_IMAGE_OASIS_ALZHEIMERS_4,2026-09-05T20:51:43.000Z,14,finished,0.8823529411764705,BIN_IMAGE_OASIS_ALZHEIMERS,CatBoost 😸,intfloat/e5-small-v2,4,non
cat_BIN_IMAGE_OASIS_ALZHEIMERS_4,2026-09-05T20:51:22.000Z,17,finished,0.9197860962566844,BIN_IMAGE_OASIS_ALZHEIMERS,CatBoost 😸,intfloat/e5-small-v2,4,all
light_BIN_IMAGE_OASIS_ALZHEIMERS_4,2026-09-05T20:51:01.000Z,15,finished,0.8502673796791443,BIN_IMAGE_OASIS_ALZHEIMERS,LightGBM 💡,intfloat/e5-small-v2,4,img
light_BIN_IMAGE_OASIS_ALZHEIMERS_4,2026-09-05T20:50:45.000Z,14,finished,0.8877005347593583,BIN_IMAGE_OASIS_ALZHEIMERS,LightGBM 💡,intfloat/e5-small-v2,4,non
light_BIN_IMAGE_OASIS_ALZHEIMERS_4,2026-09-05T20:50:24.000Z,15,finished,0.9064171122994652,BIN_IMAGE_OASIS_ALZHEIMERS,LightGBM 💡,intfloat/e5-small-v2,4,all
tabm_BIN_IMAGE_OASIS_ALZHEIMERS_3,2026-09-05T20:48:27.000Z,15,finished,0.925133689839572,BIN_IMAGE_OASIS_ALZHEIMERS,TabM Ⓜ️,intfloat/e5-small-v2,3,img
tabm_BIN_IMAGE_OASIS_ALZHEIMERS_3,2026-09-05T20:48:11.000Z,14,finished,0.9491978609625668,BIN_IMAGE_OASIS_ALZHEIMERS,TabM Ⓜ️,intfloat/e5-small-v2,3,non
tabm_BIN_IMAGE_OASIS_ALZHEIMERS_3,2026-09-05T20:47:50.000Z,15,finished,0.9545454545454544,BIN_IMAGE_OASIS_ALZHEIMERS,TabM Ⓜ️,intfloat/e5-small-v2,3,all
cat_BIN_IMAGE_OASIS_ALZHEIMERS_3,2026-09-05T20:47:29.000Z,15,finished,0.9117647058823528,BIN_IMAGE_OASIS_ALZHEIMERS,CatBoost 😸,intfloat/e5-small-v2,3,img
cat_BIN_IMAGE_OASIS_ALZHEIMERS_3,2026-09-05T20:47:13.000Z,14,finished,0.9572192513368984,BIN_IMAGE_OASIS_ALZHEIMERS,CatBoost 😸,intfloat/e5-small-v2,3,non
cat_BIN_IMAGE_OASIS_ALZHEIMERS_3,2026-09-05T20:46:52.000Z,16,finished,0.962566844919786,BIN_IMAGE_OASIS_ALZHEIMERS,CatBoost 😸,intfloat/e5-small-v2,3,all
light_BIN_IMAGE_OASIS_ALZHEIMERS_3,2026-09-05T20:46:30.000Z,15,finished,0.9224598930481284,BIN_IMAGE_OASIS_ALZHEIMERS,LightGBM 💡,intfloat/e5-small-v2,3,img
light_BIN_IMAGE_OASIS_ALZHEIMERS_3,2026-09-05T20:46:14.000Z,14,finished,0.9545454545454546,BIN_IMAGE_OASIS_ALZHEIMERS,LightGBM 💡,intfloat/e5-small-v2,3,non
light_BIN_IMAGE_OASIS_ALZHEIMERS_3,2026-09-05T20:45:53.000Z,15,finished,0.9545454545454544,BIN_IMAGE_OASIS_ALZHEIMERS,LightGBM 💡,intfloat/e5-small-v2,3,all
tabm_BIN_IMAGE_OASIS_ALZHEIMERS_2,2026-09-05T20:43:56.000Z,15,finished,0.8663101604278075,BIN_IMAGE_OASIS_ALZHEIMERS,TabM Ⓜ️,intfloat/e5-small-v2,2,img
tabm_BIN_IMAGE_OASIS_ALZHEIMERS_2,2026-09-05T20:43:40.000Z,13,finished,0.9438502673796793,BIN_IMAGE_OASIS_ALZHEIMERS,TabM Ⓜ️,intfloat/e5-small-v2,2,non
tabm_BIN_IMAGE_OASIS_ALZHEIMERS_2,2026-09-05T20:43:19.000Z,15,finished,0.943850267379679,BIN_IMAGE_OASIS_ALZHEIMERS,TabM Ⓜ️,intfloat/e5-small-v2,2,all
cat_BIN_IMAGE_OASIS_ALZHEIMERS_2,2026-09-05T20:42:57.000Z,16,finished,0.8877005347593584,BIN_IMAGE_OASIS_ALZHEIMERS,CatBoost 😸,intfloat/e5-small-v2,2,img
cat_BIN_IMAGE_OASIS_ALZHEIMERS_2,2026-09-05T20:42:41.000Z,14,finished,0.96524064171123,BIN_IMAGE_OASIS_ALZHEIMERS,CatBoost 😸,intfloat/e5-small-v2,2,non
cat_BIN_IMAGE_OASIS_ALZHEIMERS_2,2026-09-05T20:42:20.000Z,16,finished,0.9705882352941176,BIN_IMAGE_OASIS_ALZHEIMERS,CatBoost 😸,intfloat/e5-small-v2,2,all
light_BIN_IMAGE_OASIS_ALZHEIMERS_2,2026-09-05T20:41:59.000Z,15,finished,0.8556149732620321,BIN_IMAGE_OASIS_ALZHEIMERS,LightGBM 💡,intfloat/e5-small-v2,2,img
light_BIN_IMAGE_OASIS_ALZHEIMERS_2,2026-09-05T20:41:43.000Z,14,finished,0.9598930481283424,BIN_IMAGE_OASIS_ALZHEIMERS,LightGBM 💡,intfloat/e5-small-v2,2,non
light_BIN_IMAGE_OASIS_ALZHEIMERS_2,2026-09-05T20:41:21.000Z,16,finished,0.9598930481283422,BIN_IMAGE_OASIS_ALZHEIMERS,LightGBM 💡,intfloat/e5-small-v2,2,all
tabm_BIN_IMAGE_OASIS_ALZHEIMERS_1,2026-09-05T20:39:23.000Z,16,finished,0.9037433155080214,BIN_IMAGE_OASIS_ALZHEIMERS,TabM Ⓜ️,intfloat/e5-small-v2,1,img
tabm_BIN_IMAGE_OASIS_ALZHEIMERS_1,2026-09-05T20:39:07.000Z,14,finished,0.839572192513369,BIN_IMAGE_OASIS_ALZHEIMERS,TabM Ⓜ️,intfloat/e5-small-v2,1,non
tabm_BIN_IMAGE_OASIS_ALZHEIMERS_1,2026-09-05T20:38:46.000Z,15,finished,0.8743315508021391,BIN_IMAGE_OASIS_ALZHEIMERS,TabM Ⓜ️,intfloat/e5-small-v2,1,all
cat_BIN_IMAGE_OASIS_ALZHEIMERS_1,2026-09-05T20:38:25.000Z,15,finished,0.925133689839572,BIN_IMAGE_OASIS_ALZHEIMERS,CatBoost 😸,intfloat/e5-small-v2,1,img
cat_BIN_IMAGE_OASIS_ALZHEIMERS_1,2026-09-05T20:38:08.000Z,14,finished,0.8743315508021391,BIN_IMAGE_OASIS_ALZHEIMERS,CatBoost 😸,intfloat/e5-small-v2,1,non
cat_BIN_IMAGE_OASIS_ALZHEIMERS_1,2026-09-05T20:37:47.000Z,16,finished,0.9224598930481284,BIN_IMAGE_OASIS_ALZHEIMERS,CatBoost 😸,intfloat/e5-small-v2,1,all
light_BIN_IMAGE_OASIS_ALZHEIMERS_1,2026-09-05T20:37:26.000Z,15,finished,0.9358288770053476,BIN_IMAGE_OASIS_ALZHEIMERS,LightGBM 💡,intfloat/e5-small-v2,1,img
light_BIN_IMAGE_OASIS_ALZHEIMERS_1,2026-09-05T20:37:10.000Z,13,finished,0.8422459893048129,BIN_IMAGE_OASIS_ALZHEIMERS,LightGBM 💡,intfloat/e5-small-v2,1,non
light_BIN_IMAGE_OASIS_ALZHEIMERS_1,2026-09-05T20:36:49.000Z,15,finished,0.8957219251336899,BIN_IMAGE_OASIS_ALZHEIMERS,LightGBM 💡,intfloat/e5-small-v2,1,all
tabm_BIN_IMAGE_OASIS_ALZHEIMERS_0,2026-09-05T20:34:52.000Z,16,finished,0.8155080213903745,BIN_IMAGE_OASIS_ALZHEIMERS,TabM Ⓜ️,intfloat/e5-small-v2,0,img
tabm_BIN_IMAGE_OASIS_ALZHEIMERS_0,2026-09-05T20:34:36.000Z,14,finished,0.8422459893048128,BIN_IMAGE_OASIS_ALZHEIMERS,TabM Ⓜ️,intfloat/e5-small-v2,0,non
tabm_BIN_IMAGE_OASIS_ALZHEIMERS_0,2026-09-05T20:34:15.000Z,15,finished,0.8368983957219251,BIN_IMAGE_OASIS_ALZHEIMERS,TabM Ⓜ️,intfloat/e5-small-v2,0,all
cat_BIN_IMAGE_OASIS_ALZHEIMERS_0,2026-09-05T20:33:54.000Z,16,finished,0.8529411764705882,BIN_IMAGE_OASIS_ALZHEIMERS,CatBoost 😸,intfloat/e5-small-v2,0,img
cat_BIN_IMAGE_OASIS_ALZHEIMERS_0,2026-09-05T20:33:38.000Z,14,finished,0.9197860962566844,BIN_IMAGE_OASIS_ALZHEIMERS,CatBoost 😸,intfloat/e5-small-v2,0,non
cat_BIN_IMAGE_OASIS_ALZHEIMERS_0,2026-09-05T20:33:17.000Z,16,finished,0.9197860962566844,BIN_IMAGE_OASIS_ALZHEIMERS,CatBoost 😸,intfloat/e5-small-v2,0,all
light_BIN_IMAGE_OASIS_ALZHEIMERS_0,2026-09-05T20:32:56.000Z,15,finished,0.858288770053476,BIN_IMAGE_OASIS_ALZHEIMERS,LightGBM 💡,intfloat/e5-small-v2,0,img
light_BIN_IMAGE_OASIS_ALZHEIMERS_0,2026-09-05T20:32:40.000Z,13,finished,0.9224598930481284,BIN_IMAGE_OASIS_ALZHEIMERS,LightGBM 💡,intfloat/e5-small-v2,0,non
light_BIN_IMAGE_OASIS_ALZHEIMERS_0,2026-09-05T20:32:18.000Z,18,finished,0.9144385026737968,BIN_IMAGE_OASIS_ALZHEIMERS,LightGBM 💡,intfloat/e5-small-v2,0,all
tabpfnv2p5_MUL_IMAGE_REDDIT_MEMES_img_4,2026-09-06T20:57:10.000Z,234,finished,0.794668457709087,MUL_IMAGE_REDDIT_MEMES,TabPFN-v2p5 🇩🇪,intfloat/e5-small-v2,4,img
tabpfnv2p5_MUL_IMAGE_REDDIT_MEMES_non_4,2026-09-06T20:56:13.000Z,51,finished,0.9315707340323834,MUL_IMAGE_REDDIT_MEMES,TabPFN-v2p5 🇩🇪,intfloat/e5-small-v2,4,non
tabpfnv2p5_MUL_IMAGE_REDDIT_MEMES_all_4,2026-09-06T20:51:36.000Z,271,finished,0.9456977571332666,MUL_IMAGE_REDDIT_MEMES,TabPFN-v2p5 🇩🇪,intfloat/e5-small-v2,4,all
tabpfnv2_MUL_IMAGE_REDDIT_MEMES_img_4,2026-09-06T20:47:36.000Z,233,finished,0.7927611137430526,MUL_IMAGE_REDDIT_MEMES,TabPFN-v2 🤯,intfloat/e5-small-v2,4,img
tabpfnv2_MUL_IMAGE_REDDIT_MEMES_non_4,2026-09-06T20:46:38.000Z,54,finished,0.9370853206100448,MUL_IMAGE_REDDIT_MEMES,TabPFN-v2 🤯,intfloat/e5-small-v2,4,non
tabpfnv2_MUL_IMAGE_REDDIT_MEMES_all_4,2026-09-06T20:41:56.000Z,277,finished,0.9523514609416788,MUL_IMAGE_REDDIT_MEMES,TabPFN-v2 🤯,intfloat/e5-small-v2,4,all
tabm_MUL_IMAGE_REDDIT_MEMES_img_4,2026-09-06T20:38:06.000Z,225,finished,0.7715128482514777,MUL_IMAGE_REDDIT_MEMES,TabM Ⓜ️,intfloat/e5-small-v2,4,img
tabm_MUL_IMAGE_REDDIT_MEMES_non_4,2026-09-06T20:37:08.000Z,52,finished,0.9047000355967126,MUL_IMAGE_REDDIT_MEMES,TabM Ⓜ️,intfloat/e5-small-v2,4,non
tabm_MUL_IMAGE_REDDIT_MEMES_all_4,2026-09-06T20:32:42.000Z,259,finished,0.9077389917537224,MUL_IMAGE_REDDIT_MEMES,TabM Ⓜ️,intfloat/e5-small-v2,4,all
cat_MUL_IMAGE_REDDIT_MEMES_img_4,2026-09-06T20:28:52.000Z,225,finished,0.781571023797443,MUL_IMAGE_REDDIT_MEMES,CatBoost 😸,intfloat/e5-small-v2,4,img
cat_MUL_IMAGE_REDDIT_MEMES_non_4,2026-09-06T20:27:43.000Z,65,finished,0.91721719354411,MUL_IMAGE_REDDIT_MEMES,CatBoost 😸,intfloat/e5-small-v2,4,non
cat_MUL_IMAGE_REDDIT_MEMES_all_4,2026-09-06T20:22:46.000Z,294,finished,0.9348307028557074,MUL_IMAGE_REDDIT_MEMES,CatBoost 😸,intfloat/e5-small-v2,4,all
light_MUL_IMAGE_REDDIT_MEMES_img_4,2026-09-06T20:19:01.000Z,222,finished,0.7611617336694971,MUL_IMAGE_REDDIT_MEMES,LightGBM 💡,intfloat/e5-small-v2,4,img
light_MUL_IMAGE_REDDIT_MEMES_non_4,2026-09-06T20:18:09.000Z,47,finished,0.9220779852748234,MUL_IMAGE_REDDIT_MEMES,LightGBM 💡,intfloat/e5-small-v2,4,non
light_MUL_IMAGE_REDDIT_MEMES_all_4,2026-09-06T20:13:48.000Z,255,finished,0.9296081529200648,MUL_IMAGE_REDDIT_MEMES,LightGBM 💡,intfloat/e5-small-v2,4,all
tabpfnv2p5_MUL_IMAGE_REDDIT_MEMES_img_3,2026-09-06T20:09:48.000Z,234,finished,0.7968381092203913,MUL_IMAGE_REDDIT_MEMES,TabPFN-v2p5 🇩🇪,intfloat/e5-small-v2,3,img
tabpfnv2p5_MUL_IMAGE_REDDIT_MEMES_non_3,2026-09-06T20:08:50.000Z,51,finished,0.9414730333992648,MUL_IMAGE_REDDIT_MEMES,TabPFN-v2p5 🇩🇪,intfloat/e5-small-v2,3,non
tabpfnv2p5_MUL_IMAGE_REDDIT_MEMES_all_3,2026-09-06T20:04:13.000Z,272,finished,0.9554823956689092,MUL_IMAGE_REDDIT_MEMES,TabPFN-v2p5 🇩🇪,intfloat/e5-small-v2,3,all
tabpfnv2_MUL_IMAGE_REDDIT_MEMES_img_3,2026-09-06T20:00:12.000Z,234,finished,0.7934696193287868,MUL_IMAGE_REDDIT_MEMES,TabPFN-v2 🤯,intfloat/e5-small-v2,3,img
tabpfnv2_MUL_IMAGE_REDDIT_MEMES_non_3,2026-09-06T19:59:15.000Z,53,finished,0.9464630940996964,MUL_IMAGE_REDDIT_MEMES,TabPFN-v2 🤯,intfloat/e5-small-v2,3,non
tabpfnv2_MUL_IMAGE_REDDIT_MEMES_all_3,2026-09-06T19:54:37.000Z,274,finished,0.9618075677038176,MUL_IMAGE_REDDIT_MEMES,TabPFN-v2 🤯,intfloat/e5-small-v2,3,all
tabm_MUL_IMAGE_REDDIT_MEMES_img_3,2026-09-06T19:50:48.000Z,225,finished,0.7742865367635053,MUL_IMAGE_REDDIT_MEMES,TabM Ⓜ️,intfloat/e5-small-v2,3,img
tabm_MUL_IMAGE_REDDIT_MEMES_non_3,2026-09-06T19:49:55.000Z,50,finished,0.9005723122479805,MUL_IMAGE_REDDIT_MEMES,TabM Ⓜ️,intfloat/e5-small-v2,3,non
tabm_MUL_IMAGE_REDDIT_MEMES_all_3,2026-09-06T19:45:29.000Z,260,finished,0.9137507286528272,MUL_IMAGE_REDDIT_MEMES,TabM Ⓜ️,intfloat/e5-small-v2,3,all
cat_MUL_IMAGE_REDDIT_MEMES_img_3,2026-09-06T19:41:39.000Z,226,finished,0.7783403169039803,MUL_IMAGE_REDDIT_MEMES,CatBoost 😸,intfloat/e5-small-v2,3,img
cat_MUL_IMAGE_REDDIT_MEMES_non_3,2026-09-06T19:40:31.000Z,65,finished,0.919566239527104,MUL_IMAGE_REDDIT_MEMES,CatBoost 😸,intfloat/e5-small-v2,3,non
tabpfnv2p5_MUL_IMAGE_POKEMON_HEIGHT_img_4,2026-09-06T19:39:43.000Z,42,finished,0.7494363625409518,MUL_IMAGE_POKEMON_HEIGHT,TabPFN-v2p5 🇩🇪,intfloat/e5-small-v2,4,img
tabpfnv2p5_MUL_IMAGE_POKEMON_HEIGHT_non_4,2026-09-06T19:39:05.000Z,50,finished,0.8728527762327707,MUL_IMAGE_POKEMON_HEIGHT,TabPFN-v2p5 🇩🇪,intfloat/e5-small-v2,4,non
tabpfnv2p5_MUL_IMAGE_POKEMON_HEIGHT_all_4,2026-09-06T19:38:19.000Z,77,finished,0.8794814427400665,MUL_IMAGE_POKEMON_HEIGHT,TabPFN-v2p5 🇩🇪,intfloat/e5-small-v2,4,all
tabpfnv2_MUL_IMAGE_POKEMON_HEIGHT_img_4,2026-09-06T19:38:18.000Z,41,finished,0.753695590231208,MUL_IMAGE_POKEMON_HEIGHT,TabPFN-v2 🤯,intfloat/e5-small-v2,4,img
tabpfnv2_MUL_IMAGE_POKEMON_HEIGHT_non_4,2026-09-06T19:37:21.000Z,52,finished,0.8721117857013079,MUL_IMAGE_POKEMON_HEIGHT,TabPFN-v2 🤯,intfloat/e5-small-v2,4,non
tabpfnv2_MUL_IMAGE_POKEMON_HEIGHT_all_4,2026-09-06T19:36:57.000Z,78,finished,0.8788783151340744,MUL_IMAGE_POKEMON_HEIGHT,TabPFN-v2 🤯,intfloat/e5-small-v2,4,all
tabm_MUL_IMAGE_POKEMON_HEIGHT_img_4,2026-09-06T19:36:33.000Z,41,finished,0.695090691543711,MUL_IMAGE_POKEMON_HEIGHT,TabM Ⓜ️,intfloat/e5-small-v2,4,img
tabm_MUL_IMAGE_POKEMON_HEIGHT_non_4,2026-09-06T19:36:05.000Z,47,finished,0.8409305521171163,MUL_IMAGE_POKEMON_HEIGHT,TabM Ⓜ️,intfloat/e5-small-v2,4,non
cat_MUL_IMAGE_REDDIT_MEMES_all_3,2026-09-06T19:35:33.000Z,294,finished,0.9358741262893184,MUL_IMAGE_REDDIT_MEMES,CatBoost 😸,intfloat/e5-small-v2,3,all
tabm_MUL_IMAGE_POKEMON_HEIGHT_all_4,2026-09-06T19:35:15.000Z,75,finished,0.857723745604271,MUL_IMAGE_POKEMON_HEIGHT,TabM Ⓜ️,intfloat/e5-small-v2,4,all
cat_MUL_IMAGE_POKEMON_HEIGHT_img_4,2026-09-06T19:35:12.000Z,47,finished,0.6969699718808133,MUL_IMAGE_POKEMON_HEIGHT,CatBoost 😸,intfloat/e5-small-v2,4,img
cat_MUL_IMAGE_POKEMON_HEIGHT_non_4,2026-09-06T19:34:12.000Z,56,finished,0.8235351423649497,MUL_IMAGE_POKEMON_HEIGHT,CatBoost 😸,intfloat/e5-small-v2,4,non
cat_MUL_IMAGE_POKEMON_HEIGHT_all_4,2026-09-06T19:33:36.000Z,91,finished,0.8256468941700957,MUL_IMAGE_POKEMON_HEIGHT,CatBoost 😸,intfloat/e5-small-v2,4,all
light_MUL_IMAGE_POKEMON_HEIGHT_img_4,2026-09-06T19:33:24.000Z,42,finished,0.6774068164018578,MUL_IMAGE_POKEMON_HEIGHT,LightGBM 💡,intfloat/e5-small-v2,4,img
light_MUL_IMAGE_POKEMON_HEIGHT_non_4,2026-09-06T19:32:42.000Z,48,finished,0.7893895384297048,MUL_IMAGE_POKEMON_HEIGHT,LightGBM 💡,intfloat/e5-small-v2,4,non
light_MUL_IMAGE_POKEMON_HEIGHT_all_4,2026-09-06T19:32:06.000Z,72,finished,0.7871728862623724,MUL_IMAGE_POKEMON_HEIGHT,LightGBM 💡,intfloat/e5-small-v2,4,all
tabpfnv2p5_MUL_IMAGE_POKEMON_HEIGHT_img_3,2026-09-06T19:31:52.000Z,41,finished,0.7535972347188811,MUL_IMAGE_POKEMON_HEIGHT,TabPFN-v2p5 🇩🇪,intfloat/e5-small-v2,3,img
light_MUL_IMAGE_REDDIT_MEMES_img_3,2026-09-06T19:31:43.000Z,224,finished,0.7526631875381159,MUL_IMAGE_REDDIT_MEMES,LightGBM 💡,intfloat/e5-small-v2,3,img
tabpfnv2p5_MUL_IMAGE_POKEMON_HEIGHT_non_3,2026-09-06T19:31:13.000Z,50,finished,0.8798622667222386,MUL_IMAGE_POKEMON_HEIGHT,TabPFN-v2p5 🇩🇪,intfloat/e5-small-v2,3,non
light_MUL_IMAGE_REDDIT_MEMES_non_3,2026-09-06T19:30:51.000Z,48,finished,0.9198970105743836,MUL_IMAGE_REDDIT_MEMES,LightGBM 💡,intfloat/e5-small-v2,3,non
tabpfnv2p5_MUL_IMAGE_POKEMON_HEIGHT_all_3,2026-09-06T19:30:31.000Z,77,finished,0.8867739982410414,MUL_IMAGE_POKEMON_HEIGHT,TabPFN-v2p5 🇩🇪,intfloat/e5-small-v2,3,all
tabpfnv2_MUL_IMAGE_POKEMON_HEIGHT_img_3,2026-09-06T19:30:26.000Z,43,finished,0.7426806463185949,MUL_IMAGE_POKEMON_HEIGHT,TabPFN-v2 🤯,intfloat/e5-small-v2,3,img
tabpfnv2_MUL_IMAGE_POKEMON_HEIGHT_non_3,2026-09-06T19:29:33.000Z,51,finished,0.8761480677161776,MUL_IMAGE_POKEMON_HEIGHT,TabPFN-v2 🤯,intfloat/e5-small-v2,3,non
tabpfnv2_MUL_IMAGE_POKEMON_HEIGHT_all_3,2026-09-06T19:29:02.000Z,80,finished,0.8825771269480516,MUL_IMAGE_POKEMON_HEIGHT,TabPFN-v2 🤯,intfloat/e5-small-v2,3,all
tabm_MUL_IMAGE_POKEMON_HEIGHT_img_3,2026-09-06T19:28:51.000Z,38,finished,0.6976058323224296,MUL_IMAGE_POKEMON_HEIGHT,TabM Ⓜ️,intfloat/e5-small-v2,3,img
tabm_MUL_IMAGE_POKEMON_HEIGHT_non_3,2026-09-06T19:28:10.000Z,47,finished,0.8467225742094163,MUL_IMAGE_POKEMON_HEIGHT,TabM Ⓜ️,intfloat/e5-small-v2,3,non
tabm_MUL_IMAGE_POKEMON_HEIGHT_all_3,2026-09-06T19:27:36.000Z,72,finished,0.8548987560947305,MUL_IMAGE_POKEMON_HEIGHT,TabM Ⓜ️,intfloat/e5-small-v2,3,all
cat_MUL_IMAGE_POKEMON_HEIGHT_img_3,2026-09-06T19:27:23.000Z,42,finished,0.7071791298706092,MUL_IMAGE_POKEMON_HEIGHT,CatBoost 😸,intfloat/e5-small-v2,3,img
light_MUL_IMAGE_REDDIT_MEMES_all_3,2026-09-06T19:26:30.000Z,255,finished,0.9313239337179696,MUL_IMAGE_REDDIT_MEMES,LightGBM 💡,intfloat/e5-small-v2,3,all
cat_MUL_IMAGE_POKEMON_HEIGHT_non_3,2026-09-06T19:26:28.000Z,60,finished,0.8403325015164725,MUL_IMAGE_POKEMON_HEIGHT,CatBoost 😸,intfloat/e5-small-v2,3,non
cat_MUL_IMAGE_POKEMON_HEIGHT_all_3,2026-09-06T19:25:53.000Z,85,finished,0.8471217792762799,MUL_IMAGE_POKEMON_HEIGHT,CatBoost 😸,intfloat/e5-small-v2,3,all
light_MUL_IMAGE_POKEMON_HEIGHT_img_3,2026-09-06T19:25:45.000Z,40,finished,0.6648412056371543,MUL_IMAGE_POKEMON_HEIGHT,LightGBM 💡,intfloat/e5-small-v2,3,img
light_MUL_IMAGE_POKEMON_HEIGHT_non_3,2026-09-06T19:25:01.000Z,48,finished,0.8229743541764659,MUL_IMAGE_POKEMON_HEIGHT,LightGBM 💡,intfloat/e5-small-v2,3,non
light_MUL_IMAGE_POKEMON_HEIGHT_all_3,2026-09-06T19:24:30.000Z,72,finished,0.8221643396302498,MUL_IMAGE_POKEMON_HEIGHT,LightGBM 💡,intfloat/e5-small-v2,3,all
tabpfnv2p5_MUL_IMAGE_POKEMON_HEIGHT_img_2,2026-09-06T19:24:14.000Z,42,finished,0.7657813080050817,MUL_IMAGE_POKEMON_HEIGHT,TabPFN-v2p5 🇩🇪,intfloat/e5-small-v2,2,img
tabpfnv2p5_MUL_IMAGE_POKEMON_HEIGHT_non_2,2026-09-06T19:23:36.000Z,50,finished,0.8759248383347924,MUL_IMAGE_POKEMON_HEIGHT,TabPFN-v2p5 🇩🇪,intfloat/e5-small-v2,2,non
tabpfnv2p5_MUL_IMAGE_POKEMON_HEIGHT_all_2,2026-09-06T19:22:50.000Z,78,finished,0.8822681377221284,MUL_IMAGE_POKEMON_HEIGHT,TabPFN-v2p5 🇩🇪,intfloat/e5-small-v2,2,all
tabpfnv2_MUL_IMAGE_POKEMON_HEIGHT_img_2,2026-09-06T19:22:49.000Z,41,finished,0.7673062632730467,MUL_IMAGE_POKEMON_HEIGHT,TabPFN-v2 🤯,intfloat/e5-small-v2,2,img
tabpfnv2p5_MUL_IMAGE_REDDIT_MEMES_img_2,2026-09-06T19:22:29.000Z,236,finished,0.7683454909260644,MUL_IMAGE_REDDIT_MEMES,TabPFN-v2p5 🇩🇪,intfloat/e5-small-v2,2,img
tabpfnv2_MUL_IMAGE_POKEMON_HEIGHT_non_2,2026-09-06T19:21:54.000Z,51,finished,0.8734157591725864,MUL_IMAGE_POKEMON_HEIGHT,TabPFN-v2 🤯,intfloat/e5-small-v2,2,non
tabpfnv2p5_MUL_IMAGE_REDDIT_MEMES_non_2,2026-09-06T19:21:31.000Z,52,finished,0.9451254131214292,MUL_IMAGE_REDDIT_MEMES,TabPFN-v2p5 🇩🇪,intfloat/e5-small-v2,2,non
tabpfnv2_MUL_IMAGE_POKEMON_HEIGHT_all_2,2026-09-06T19:21:26.000Z,80,finished,0.8762989185828827,MUL_IMAGE_POKEMON_HEIGHT,TabPFN-v2 🤯,intfloat/e5-small-v2,2,all
tabm_MUL_IMAGE_POKEMON_HEIGHT_img_2,2026-09-06T19:21:12.000Z,38,finished,0.7583960627714668,MUL_IMAGE_POKEMON_HEIGHT,TabM Ⓜ️,intfloat/e5-small-v2,2,img
tabm_MUL_IMAGE_POKEMON_HEIGHT_non_2,2026-09-06T19:20:34.000Z,47,finished,0.8563400452303764,MUL_IMAGE_POKEMON_HEIGHT,TabM Ⓜ️,intfloat/e5-small-v2,2,non
tabm_MUL_IMAGE_POKEMON_HEIGHT_all_2,2026-09-06T19:19:56.000Z,71,finished,0.8586764471413778,MUL_IMAGE_POKEMON_HEIGHT,TabM Ⓜ️,intfloat/e5-small-v2,2,all
cat_MUL_IMAGE_POKEMON_HEIGHT_img_2,2026-09-06T19:19:47.000Z,41,finished,0.6660013493469814,MUL_IMAGE_POKEMON_HEIGHT,CatBoost 😸,intfloat/e5-small-v2,2,img
cat_MUL_IMAGE_POKEMON_HEIGHT_non_2,2026-09-06T19:18:49.000Z,54,finished,0.8640985937608004,MUL_IMAGE_POKEMON_HEIGHT,CatBoost 😸,intfloat/e5-small-v2,2,non
cat_MUL_IMAGE_POKEMON_HEIGHT_all_2,2026-09-06T19:18:16.000Z,97,finished,0.8656373854717646,MUL_IMAGE_POKEMON_HEIGHT,CatBoost 😸,intfloat/e5-small-v2,2,all
light_MUL_IMAGE_POKEMON_HEIGHT_img_2,2026-09-06T19:18:01.000Z,41,finished,0.6530381108556189,MUL_IMAGE_POKEMON_HEIGHT,LightGBM 💡,intfloat/e5-small-v2,2,img
light_MUL_IMAGE_POKEMON_HEIGHT_non_2,2026-09-06T19:17:14.000Z,42,finished,0.8192693231837334,MUL_IMAGE_POKEMON_HEIGHT,LightGBM 💡,intfloat/e5-small-v2,2,non
light_MUL_IMAGE_POKEMON_HEIGHT_all_2,2026-09-06T19:16:58.000Z,72,finished,0.8119468731586144,MUL_IMAGE_POKEMON_HEIGHT,LightGBM 💡,intfloat/e5-small-v2,2,all
tabpfnv2p5_MUL_IMAGE_REDDIT_MEMES_all_2,2026-09-06T19:16:55.000Z,270,finished,0.9552401110791928,MUL_IMAGE_REDDIT_MEMES,TabPFN-v2p5 🇩🇪,intfloat/e5-small-v2,2,all
tabpfnv2p5_MUL_IMAGE_POKEMON_HEIGHT_img_1,2026-09-06T19:16:32.000Z,39,finished,0.7202761695185299,MUL_IMAGE_POKEMON_HEIGHT,TabPFN-v2p5 🇩🇪,intfloat/e5-small-v2,1,img
tabpfnv2p5_MUL_IMAGE_POKEMON_HEIGHT_non_1,2026-09-06T19:16:03.000Z,51,finished,0.8680523947411857,MUL_IMAGE_POKEMON_HEIGHT,TabPFN-v2p5 🇩🇪,intfloat/e5-small-v2,1,non
tabpfnv2p5_MUL_IMAGE_POKEMON_HEIGHT_all_1,2026-09-06T19:15:19.000Z,66,finished,0.8719411155766356,MUL_IMAGE_POKEMON_HEIGHT,TabPFN-v2p5 🇩🇪,intfloat/e5-small-v2,1,all
tabpfnv2_MUL_IMAGE_POKEMON_HEIGHT_img_1,2026-09-06T19:15:15.000Z,41,finished,0.7219482815067214,MUL_IMAGE_POKEMON_HEIGHT,TabPFN-v2 🤯,intfloat/e5-small-v2,1,img
tabpfnv2_MUL_IMAGE_POKEMON_HEIGHT_non_1,2026-09-06T19:14:32.000Z,42,finished,0.8660989021522496,MUL_IMAGE_POKEMON_HEIGHT,TabPFN-v2 🤯,intfloat/e5-small-v2,1,non
tabpfnv2_MUL_IMAGE_POKEMON_HEIGHT_all_1,2026-09-06T19:13:52.000Z,78,finished,0.8703979963442956,MUL_IMAGE_POKEMON_HEIGHT,TabPFN-v2 🤯,intfloat/e5-small-v2,1,all
tabm_MUL_IMAGE_POKEMON_HEIGHT_img_1,2026-09-06T19:13:50.000Z,38,finished,0.7059062139741954,MUL_IMAGE_POKEMON_HEIGHT,TabM Ⓜ️,intfloat/e5-small-v2,1,img
tabm_MUL_IMAGE_POKEMON_HEIGHT_non_1,2026-09-06T19:13:08.000Z,38,finished,0.8428905619590168,MUL_IMAGE_POKEMON_HEIGHT,TabM Ⓜ️,intfloat/e5-small-v2,1,non
tabpfnv2_MUL_IMAGE_REDDIT_MEMES_img_2,2026-09-06T19:12:55.000Z,235,finished,0.7645807834453828,MUL_IMAGE_REDDIT_MEMES,TabPFN-v2 🤯,intfloat/e5-small-v2,2,img
tabm_MUL_IMAGE_POKEMON_HEIGHT_all_1,2026-09-06T19:12:36.000Z,72,finished,0.859671167661036,MUL_IMAGE_POKEMON_HEIGHT,TabM Ⓜ️,intfloat/e5-small-v2,1,all
cat_MUL_IMAGE_POKEMON_HEIGHT_img_1,2026-09-06T19:12:20.000Z,42,finished,0.6575866981903855,MUL_IMAGE_POKEMON_HEIGHT,CatBoost 😸,intfloat/e5-small-v2,1,img
tabpfnv2_MUL_IMAGE_REDDIT_MEMES_non_2,2026-09-06T19:11:57.000Z,54,finished,0.951025873406997,MUL_IMAGE_REDDIT_MEMES,TabPFN-v2 🤯,intfloat/e5-small-v2,2,non
cat_MUL_IMAGE_POKEMON_HEIGHT_non_1,2026-09-06T19:11:28.000Z,50,finished,0.8218330365727663,MUL_IMAGE_POKEMON_HEIGHT,CatBoost 😸,intfloat/e5-small-v2,1,non
cat_MUL_IMAGE_POKEMON_HEIGHT_all_1,2026-09-06T19:10:56.000Z,95,finished,0.8170464966842419,MUL_IMAGE_POKEMON_HEIGHT,CatBoost 😸,intfloat/e5-small-v2,1,all
light_MUL_IMAGE_POKEMON_HEIGHT_img_1,2026-09-06T19:10:46.000Z,38,finished,0.6416436409865544,MUL_IMAGE_POKEMON_HEIGHT,LightGBM 💡,intfloat/e5-small-v2,1,img
light_MUL_IMAGE_POKEMON_HEIGHT_non_1,2026-09-06T19:10:04.000Z,39,finished,0.7595613561306797,MUL_IMAGE_POKEMON_HEIGHT,LightGBM 💡,intfloat/e5-small-v2,1,non
light_MUL_IMAGE_POKEMON_HEIGHT_all_1,2026-09-06T19:09:41.000Z,72,finished,0.742224824950476,MUL_IMAGE_POKEMON_HEIGHT,LightGBM 💡,intfloat/e5-small-v2,1,all
tabpfnv2p5_MUL_IMAGE_POKEMON_HEIGHT_img_0,2026-09-06T19:09:21.000Z,41,finished,0.7366095292030328,MUL_IMAGE_POKEMON_HEIGHT,TabPFN-v2p5 🇩🇪,intfloat/e5-small-v2,0,img
tabpfnv2p5_MUL_IMAGE_POKEMON_HEIGHT_non_0,2026-09-06T19:08:43.000Z,50,finished,0.8796020592670857,MUL_IMAGE_POKEMON_HEIGHT,TabPFN-v2p5 🇩🇪,intfloat/e5-small-v2,0,non
tabpfnv2p5_MUL_IMAGE_POKEMON_HEIGHT_all_0,2026-09-06T19:08:08.000Z,67,finished,0.8967593248387399,MUL_IMAGE_POKEMON_HEIGHT,TabPFN-v2p5 🇩🇪,intfloat/e5-small-v2,0,all
tabpfnv2_MUL_IMAGE_POKEMON_HEIGHT_img_0,2026-09-06T19:07:56.000Z,41,finished,0.7315571304754298,MUL_IMAGE_POKEMON_HEIGHT,TabPFN-v2 🤯,intfloat/e5-small-v2,0,img
tabpfnv2_MUL_IMAGE_POKEMON_HEIGHT_non_0,2026-09-06T19:07:21.000Z,42,finished,0.8796545329567014,MUL_IMAGE_POKEMON_HEIGHT,TabPFN-v2 🤯,intfloat/e5-small-v2,0,non
tabpfnv2_MUL_IMAGE_REDDIT_MEMES_all_2,2026-09-06T19:07:14.000Z,277,finished,0.9631697592024012,MUL_IMAGE_REDDIT_MEMES,TabPFN-v2 🤯,intfloat/e5-small-v2,2,all
tabpfnv2_MUL_IMAGE_POKEMON_HEIGHT_all_0,2026-09-06T19:06:51.000Z,3718,finished,0.8923466488654377,MUL_IMAGE_POKEMON_HEIGHT,TabPFN-v2 🤯,intfloat/e5-small-v2,0,all
tabm_MUL_IMAGE_POKEMON_HEIGHT_img_0,2026-09-06T19:06:40.000Z,3668,finished,0.6762980965298374,MUL_IMAGE_POKEMON_HEIGHT,TabM Ⓜ️,intfloat/e5-small-v2,0,img
tabm_MUL_IMAGE_POKEMON_HEIGHT_non_0,2026-09-06T19:06:39.000Z,39,finished,0.8655504536100697,MUL_IMAGE_POKEMON_HEIGHT,TabM Ⓜ️,intfloat/e5-small-v2,0,non
tabm_MUL_IMAGE_POKEMON_HEIGHT_all_0,2026-09-06T19:06:37.000Z,72,finished,0.8672870776501103,MUL_IMAGE_POKEMON_HEIGHT,TabM Ⓜ️,intfloat/e5-small-v2,0,all
cat_MUL_IMAGE_POKEMON_HEIGHT_img_0,2026-09-06T19:06:14.000Z,3688,finished,0.7012387900025727,MUL_IMAGE_POKEMON_HEIGHT,CatBoost 😸,intfloat/e5-small-v2,0,img
cat_MUL_IMAGE_POKEMON_HEIGHT_non_0,2026-09-06T19:05:29.000Z,62,finished,0.852887604351506,MUL_IMAGE_POKEMON_HEIGHT,CatBoost 😸,intfloat/e5-small-v2,0,non
cat_MUL_IMAGE_POKEMON_HEIGHT_all_0,2026-09-06T19:05:14.000Z,80,finished,0.8611615054897156,MUL_IMAGE_POKEMON_HEIGHT,CatBoost 😸,intfloat/e5-small-v2,0,all
light_MUL_IMAGE_POKEMON_HEIGHT_img_0,2026-09-06T19:04:47.000Z,39,finished,0.6776536946462743,MUL_IMAGE_POKEMON_HEIGHT,LightGBM 💡,intfloat/e5-small-v2,0,img
light_MUL_IMAGE_POKEMON_HEIGHT_non_0,2026-09-06T19:03:55.000Z,46,finished,0.8318935664757708,MUL_IMAGE_POKEMON_HEIGHT,LightGBM 💡,intfloat/e5-small-v2,0,non
tabm_MUL_IMAGE_REDDIT_MEMES_img_2,2026-09-06T19:03:25.000Z,223,finished,0.7582475570518614,MUL_IMAGE_REDDIT_MEMES,TabM Ⓜ️,intfloat/e5-small-v2,2,img
light_MUL_IMAGE_POKEMON_HEIGHT_all_0,2026-09-06T19:02:36.000Z,74,finished,0.8367766469858514,MUL_IMAGE_POKEMON_HEIGHT,LightGBM 💡,intfloat/e5-small-v2,0,all
tabm_MUL_IMAGE_REDDIT_MEMES_non_2,2026-09-06T19:02:27.000Z,54,finished,0.9127274133454452,MUL_IMAGE_REDDIT_MEMES,TabM Ⓜ️,intfloat/e5-small-v2,2,non
tabm_MUL_IMAGE_REDDIT_MEMES_all_2,2026-09-06T18:58:00.000Z,262,finished,0.9049813214634852,MUL_IMAGE_REDDIT_MEMES,TabM Ⓜ️,intfloat/e5-small-v2,2,all
cat_MUL_IMAGE_REDDIT_MEMES_img_2,2026-09-06T18:54:11.000Z,226,finished,0.7586193102376372,MUL_IMAGE_REDDIT_MEMES,CatBoost 😸,intfloat/e5-small-v2,2,img
cat_MUL_IMAGE_REDDIT_MEMES_non_2,2026-09-06T18:52:57.000Z,67,finished,0.9306990076577012,MUL_IMAGE_REDDIT_MEMES,CatBoost 😸,intfloat/e5-small-v2,2,non
cat_MUL_IMAGE_REDDIT_MEMES_all_2,2026-09-06T18:47:59.000Z,294,finished,0.9382278992295384,MUL_IMAGE_REDDIT_MEMES,CatBoost 😸,intfloat/e5-small-v2,2,all
light_MUL_IMAGE_REDDIT_MEMES_img_2,2026-09-06T18:44:10.000Z,222,finished,0.7428209919341497,MUL_IMAGE_REDDIT_MEMES,LightGBM 💡,intfloat/e5-small-v2,2,img
light_MUL_IMAGE_REDDIT_MEMES_non_2,2026-09-06T18:43:17.000Z,47,finished,0.9286709041932616,MUL_IMAGE_REDDIT_MEMES,LightGBM 💡,intfloat/e5-small-v2,2,non
light_MUL_IMAGE_REDDIT_MEMES_all_2,2026-09-06T18:38:58.000Z,255,finished,0.9309162145999494,MUL_IMAGE_REDDIT_MEMES,LightGBM 💡,intfloat/e5-small-v2,2,all
tabpfnv2p5_MUL_IMAGE_REDDIT_MEMES_img_1,2026-09-06T18:35:01.000Z,230,finished,0.7738641368057902,MUL_IMAGE_REDDIT_MEMES,TabPFN-v2p5 🇩🇪,intfloat/e5-small-v2,1,img
tabpfnv2p5_MUL_IMAGE_REDDIT_MEMES_non_1,2026-09-06T18:34:03.000Z,52,finished,0.932264918489816,MUL_IMAGE_REDDIT_MEMES,TabPFN-v2p5 🇩🇪,intfloat/e5-small-v2,1,non
tabpfnv2p5_MUL_IMAGE_REDDIT_MEMES_all_1,2026-09-06T18:29:28.000Z,270,finished,0.9489975667005174,MUL_IMAGE_REDDIT_MEMES,TabPFN-v2p5 🇩🇪,intfloat/e5-small-v2,1,all
tabpfnv2_MUL_IMAGE_REDDIT_MEMES_img_1,2026-09-06T18:25:28.000Z,235,finished,0.7621614427731052,MUL_IMAGE_REDDIT_MEMES,TabPFN-v2 🤯,intfloat/e5-small-v2,1,img
tabpfnv2_MUL_IMAGE_REDDIT_MEMES_non_1,2026-09-06T18:24:29.000Z,53,finished,0.9446539837603136,MUL_IMAGE_REDDIT_MEMES,TabPFN-v2 🤯,intfloat/e5-small-v2,1,non
tabpfnv2_MUL_IMAGE_REDDIT_MEMES_all_1,2026-09-06T18:19:53.000Z,272,finished,0.9568901743028592,MUL_IMAGE_REDDIT_MEMES,TabPFN-v2 🤯,intfloat/e5-small-v2,1,all
tabm_MUL_IMAGE_REDDIT_MEMES_img_1,2026-09-06T18:16:03.000Z,223,finished,0.7603162845159436,MUL_IMAGE_REDDIT_MEMES,TabM Ⓜ️,intfloat/e5-small-v2,1,img
tabm_MUL_IMAGE_REDDIT_MEMES_non_1,2026-09-06T18:15:05.000Z,51,finished,0.9057316188225516,MUL_IMAGE_REDDIT_MEMES,TabM Ⓜ️,intfloat/e5-small-v2,1,non
tabm_MUL_IMAGE_REDDIT_MEMES_all_1,2026-09-06T18:10:38.000Z,260,finished,0.9078586977060168,MUL_IMAGE_REDDIT_MEMES,TabM Ⓜ️,intfloat/e5-small-v2,1,all
cat_MUL_IMAGE_REDDIT_MEMES_img_1,2026-09-06T18:06:47.000Z,224,finished,0.7652960970509917,MUL_IMAGE_REDDIT_MEMES,CatBoost 😸,intfloat/e5-small-v2,1,img
cat_MUL_IMAGE_REDDIT_MEMES_non_1,2026-09-06T18:05:33.000Z,68,finished,0.9235936644259224,MUL_IMAGE_REDDIT_MEMES,CatBoost 😸,intfloat/e5-small-v2,1,non
cat_MUL_IMAGE_REDDIT_MEMES_all_1,2026-09-06T18:00:31.000Z,296,finished,0.93610400049718,MUL_IMAGE_REDDIT_MEMES,CatBoost 😸,intfloat/e5-small-v2,1,all
light_MUL_IMAGE_REDDIT_MEMES_img_1,2026-09-06T17:56:46.000Z,220,finished,0.7568095927114384,MUL_IMAGE_REDDIT_MEMES,LightGBM 💡,intfloat/e5-small-v2,1,img
light_MUL_IMAGE_REDDIT_MEMES_non_1,2026-09-06T17:55:54.000Z,47,finished,0.923919077569782,MUL_IMAGE_REDDIT_MEMES,LightGBM 💡,intfloat/e5-small-v2,1,non
light_MUL_IMAGE_REDDIT_MEMES_all_1,2026-09-06T17:51:33.000Z,254,finished,0.9303971947842832,MUL_IMAGE_REDDIT_MEMES,LightGBM 💡,intfloat/e5-small-v2,1,all
tabpfnv2p5_MUL_IMAGE_REDDIT_MEMES_img_0,2026-09-06T17:47:43.000Z,225,finished,0.7629942750567451,MUL_IMAGE_REDDIT_MEMES,TabPFN-v2p5 🇩🇪,intfloat/e5-small-v2,0,img
tabpfnv2p5_MUL_IMAGE_REDDIT_MEMES_non_0,2026-09-06T17:46:45.000Z,51,finished,0.943994046447583,MUL_IMAGE_REDDIT_MEMES,TabPFN-v2p5 🇩🇪,intfloat/e5-small-v2,0,non
tabpfnv2p5_MUL_IMAGE_REDDIT_MEMES_all_0,2026-09-06T17:42:19.000Z,261,finished,0.9554975602640612,MUL_IMAGE_REDDIT_MEMES,TabPFN-v2p5 🇩🇪,intfloat/e5-small-v2,0,all
tabpfnv2_MUL_IMAGE_REDDIT_MEMES_img_0,2026-09-06T17:38:29.000Z,226,finished,0.7586322406288719,MUL_IMAGE_REDDIT_MEMES,TabPFN-v2 🤯,intfloat/e5-small-v2,0,img
tabpfnv2_MUL_IMAGE_REDDIT_MEMES_non_0,2026-09-06T17:37:32.000Z,52,finished,0.9502998608031088,MUL_IMAGE_REDDIT_MEMES,TabPFN-v2 🤯,intfloat/e5-small-v2,0,non
tabpfnv2_MUL_IMAGE_REDDIT_MEMES_all_0,2026-09-06T17:33:00.000Z,267,finished,0.9647776890297278,MUL_IMAGE_REDDIT_MEMES,TabPFN-v2 🤯,intfloat/e5-small-v2,0,all
tabm_MUL_IMAGE_REDDIT_MEMES_img_0,2026-09-06T17:29:21.000Z,214,finished,0.7487407153233916,MUL_IMAGE_REDDIT_MEMES,TabM Ⓜ️,intfloat/e5-small-v2,0,img
tabm_MUL_IMAGE_REDDIT_MEMES_non_0,2026-09-06T17:28:23.000Z,51,finished,0.920300577001742,MUL_IMAGE_REDDIT_MEMES,TabM Ⓜ️,intfloat/e5-small-v2,0,non
tabm_MUL_IMAGE_REDDIT_MEMES_all_0,2026-09-06T17:24:07.000Z,251,finished,0.9100915473677368,MUL_IMAGE_REDDIT_MEMES,TabM Ⓜ️,intfloat/e5-small-v2,0,all
cat_MUL_IMAGE_REDDIT_MEMES_img_0,2026-09-06T17:20:22.000Z,219,finished,0.739580490140275,MUL_IMAGE_REDDIT_MEMES,CatBoost 😸,intfloat/e5-small-v2,0,img
cat_MUL_IMAGE_REDDIT_MEMES_non_0,2026-09-06T17:19:04.000Z,72,finished,0.9352244382077972,MUL_IMAGE_REDDIT_MEMES,CatBoost 😸,intfloat/e5-small-v2,0,non
cat_MUL_IMAGE_REDDIT_MEMES_all_0,2026-09-06T17:14:17.000Z,284,finished,0.9424707700084196,MUL_IMAGE_REDDIT_MEMES,CatBoost 😸,intfloat/e5-small-v2,0,all
light_MUL_IMAGE_REDDIT_MEMES_img_0,2026-09-06T17:10:37.000Z,213,finished,0.7398849661956918,MUL_IMAGE_REDDIT_MEMES,LightGBM 💡,intfloat/e5-small-v2,0,img
light_MUL_IMAGE_REDDIT_MEMES_non_0,2026-09-06T17:09:44.000Z,47,finished,0.9358231759819936,MUL_IMAGE_REDDIT_MEMES,LightGBM 💡,intfloat/e5-small-v2,0,non
light_MUL_IMAGE_REDDIT_MEMES_all_0,2026-09-06T17:04:30.000Z,308,finished,0.9456760904691868,MUL_IMAGE_REDDIT_MEMES,LightGBM 💡,intfloat/e5-small-v2,0,all
tabm_MUL_IMAGE_PAD_UFES_LESION_all_0,2026-09-07T07:29:03.000Z,113,finished,0.9505088969946126,MUL_IMAGE_PAD_UFES_LESION,TabM Ⓜ️,intfloat/e5-small-v2,0,all
light_MUL_IMAGE_PAD_UFES_LESION_img_0,2026-09-07T07:27:00.000Z,111,finished,0.8624065388009052,MUL_IMAGE_PAD_UFES_LESION,LightGBM 💡,intfloat/e5-small-v2,0,img
light_MUL_IMAGE_PAD_UFES_LESION_all_0,2026-09-07T07:24:56.000Z,112,finished,0.9295293808686635,MUL_IMAGE_PAD_UFES_LESION,LightGBM 💡,intfloat/e5-small-v2,0,all
cat_MUL_IMAGE_PAD_UFES_LESION_all_0,2026-09-07T07:22:31.000Z,133,finished,0.946418943284726,MUL_IMAGE_PAD_UFES_LESION,CatBoost 😸,intfloat/e5-small-v2,0,all
tabpfnv2p5_MUL_IMAGE_PAD_UFES_LESION_img_4,2026-09-06T22:24:03.000Z,130,finished,0.8945341696133761,MUL_IMAGE_PAD_UFES_LESION,TabPFN-v2p5 🇩🇪,intfloat/e5-small-v2,4,img
tabpfnv2p5_MUL_IMAGE_PAD_UFES_LESION_non_4,2026-09-06T22:23:42.000Z,14,finished,0.905646422600785,MUL_IMAGE_PAD_UFES_LESION,TabPFN-v2p5 🇩🇪,intfloat/e5-small-v2,4,non
tabpfnv2p5_MUL_IMAGE_PAD_UFES_LESION_all_4,2026-09-06T22:23:41.000Z,132,finished,0.9557629567078068,MUL_IMAGE_PAD_UFES_LESION,TabPFN-v2p5 🇩🇪,intfloat/e5-small-v2,4,all
tabpfnv2_MUL_IMAGE_PAD_UFES_LESION_img_4,2026-09-06T22:23:34.000Z,131,finished,0.8885864298550875,MUL_IMAGE_PAD_UFES_LESION,TabPFN-v2 🤯,intfloat/e5-small-v2,4,img
tabpfnv2_MUL_IMAGE_PAD_UFES_LESION_non_4,2026-09-06T22:23:21.000Z,14,finished,0.9084555439632868,MUL_IMAGE_PAD_UFES_LESION,TabPFN-v2 🤯,intfloat/e5-small-v2,4,non
tabpfnv2_MUL_IMAGE_PAD_UFES_LESION_all_4,2026-09-06T22:22:23.000Z,143,finished,0.9554742746338208,MUL_IMAGE_PAD_UFES_LESION,TabPFN-v2 🤯,intfloat/e5-small-v2,4,all
tabm_MUL_IMAGE_PAD_UFES_LESION_img_4,2026-09-06T22:21:48.000Z,135,finished,0.8976920343478295,MUL_IMAGE_PAD_UFES_LESION,TabM Ⓜ️,intfloat/e5-small-v2,4,img
tabm_MUL_IMAGE_PAD_UFES_LESION_non_4,2026-09-06T22:21:27.000Z,16,finished,0.9121390723933044,MUL_IMAGE_PAD_UFES_LESION,TabM Ⓜ️,intfloat/e5-small-v2,4,non
tabm_MUL_IMAGE_PAD_UFES_LESION_all_4,2026-09-06T22:21:20.000Z,139,finished,0.9560595725239956,MUL_IMAGE_PAD_UFES_LESION,TabM Ⓜ️,intfloat/e5-small-v2,4,all
cat_MUL_IMAGE_PAD_UFES_LESION_img_4,2026-09-06T22:21:05.000Z,129,finished,0.8730884760371412,MUL_IMAGE_PAD_UFES_LESION,CatBoost 😸,intfloat/e5-small-v2,4,img
cat_MUL_IMAGE_PAD_UFES_LESION_non_4,2026-09-06T22:20:44.000Z,29,finished,0.9003877202087098,MUL_IMAGE_PAD_UFES_LESION,CatBoost 😸,intfloat/e5-small-v2,4,non
cat_MUL_IMAGE_PAD_UFES_LESION_all_4,2026-09-06T22:20:36.000Z,172,finished,0.9371935522253586,MUL_IMAGE_PAD_UFES_LESION,CatBoost 😸,intfloat/e5-small-v2,4,all
light_MUL_IMAGE_PAD_UFES_LESION_img_4,2026-09-06T22:20:02.000Z,135,finished,0.852657403054082,MUL_IMAGE_PAD_UFES_LESION,LightGBM 💡,intfloat/e5-small-v2,4,img
light_MUL_IMAGE_PAD_UFES_LESION_non_4,2026-09-06T22:19:40.000Z,15,finished,0.8721597207168247,MUL_IMAGE_PAD_UFES_LESION,LightGBM 💡,intfloat/e5-small-v2,4,non
light_MUL_IMAGE_PAD_UFES_LESION_all_4,2026-09-06T22:19:06.000Z,136,finished,0.9171061133584728,MUL_IMAGE_PAD_UFES_LESION,LightGBM 💡,intfloat/e5-small-v2,4,all
tabpfnv2p5_MUL_IMAGE_PAD_UFES_LESION_img_3,2026-09-06T22:18:49.000Z,129,finished,0.9139382404654548,MUL_IMAGE_PAD_UFES_LESION,TabPFN-v2p5 🇩🇪,intfloat/e5-small-v2,3,img
tabpfnv2p5_MUL_IMAGE_PAD_UFES_LESION_non_3,2026-09-06T22:18:28.000Z,14,finished,0.9233712878575588,MUL_IMAGE_PAD_UFES_LESION,TabPFN-v2p5 🇩🇪,intfloat/e5-small-v2,3,non
tabpfnv2p5_MUL_IMAGE_PAD_UFES_LESION_all_3,2026-09-06T22:18:27.000Z,134,finished,0.9499659181943936,MUL_IMAGE_PAD_UFES_LESION,TabPFN-v2p5 🇩🇪,intfloat/e5-small-v2,3,all
tabpfnv2_MUL_IMAGE_PAD_UFES_LESION_img_3,2026-09-06T22:18:20.000Z,132,finished,0.9080752999377932,MUL_IMAGE_PAD_UFES_LESION,TabPFN-v2 🤯,intfloat/e5-small-v2,3,img
tabpfnv2_MUL_IMAGE_PAD_UFES_LESION_non_3,2026-09-06T22:18:07.000Z,15,finished,0.9249497531350704,MUL_IMAGE_PAD_UFES_LESION,TabPFN-v2 🤯,intfloat/e5-small-v2,3,non
tabpfnv2_MUL_IMAGE_PAD_UFES_LESION_all_3,2026-09-06T22:17:08.000Z,145,finished,0.9448986281764012,MUL_IMAGE_PAD_UFES_LESION,TabPFN-v2 🤯,intfloat/e5-small-v2,3,all
tabm_MUL_IMAGE_PAD_UFES_LESION_img_3,2026-09-06T22:16:40.000Z,139,finished,0.9043836340838586,MUL_IMAGE_PAD_UFES_LESION,TabM Ⓜ️,intfloat/e5-small-v2,3,img
tabm_MUL_IMAGE_PAD_UFES_LESION_non_3,2026-09-06T22:16:19.000Z,15,finished,0.9285810811967282,MUL_IMAGE_PAD_UFES_LESION,TabM Ⓜ️,intfloat/e5-small-v2,3,non
tabm_MUL_IMAGE_PAD_UFES_LESION_all_3,2026-09-06T22:16:12.000Z,130,finished,0.9522734929513602,MUL_IMAGE_PAD_UFES_LESION,TabM Ⓜ️,intfloat/e5-small-v2,3,all
cat_MUL_IMAGE_PAD_UFES_LESION_img_3,2026-09-06T22:16:03.000Z,132,finished,0.8989828819835289,MUL_IMAGE_PAD_UFES_LESION,CatBoost 😸,intfloat/e5-small-v2,3,img
cat_MUL_IMAGE_PAD_UFES_LESION_non_3,2026-09-06T22:15:47.000Z,28,finished,0.9210438256821788,MUL_IMAGE_PAD_UFES_LESION,CatBoost 😸,intfloat/e5-small-v2,3,non
cat_MUL_IMAGE_PAD_UFES_LESION_all_3,2026-09-06T22:15:35.000Z,149,finished,0.9424418635279852,MUL_IMAGE_PAD_UFES_LESION,CatBoost 😸,intfloat/e5-small-v2,3,all
light_MUL_IMAGE_PAD_UFES_LESION_img_3,2026-09-06T22:14:42.000Z,140,finished,0.8733908659976501,MUL_IMAGE_PAD_UFES_LESION,LightGBM 💡,intfloat/e5-small-v2,3,img
light_MUL_IMAGE_PAD_UFES_LESION_non_3,2026-09-06T22:14:21.000Z,16,finished,0.902203886712352,MUL_IMAGE_PAD_UFES_LESION,LightGBM 💡,intfloat/e5-small-v2,3,non
light_MUL_IMAGE_PAD_UFES_LESION_all_3,2026-09-06T22:14:01.000Z,126,finished,0.9321614403566416,MUL_IMAGE_PAD_UFES_LESION,LightGBM 💡,intfloat/e5-small-v2,3,all
tabpfnv2p5_MUL_IMAGE_PAD_UFES_LESION_img_2,2026-09-06T22:13:47.000Z,133,finished,0.9227240683214428,MUL_IMAGE_PAD_UFES_LESION,TabPFN-v2p5 🇩🇪,intfloat/e5-small-v2,2,img
tabpfnv2p5_MUL_IMAGE_PAD_UFES_LESION_non_2,2026-09-06T22:13:26.000Z,15,finished,0.9299977228823502,MUL_IMAGE_PAD_UFES_LESION,TabPFN-v2p5 🇩🇪,intfloat/e5-small-v2,2,non
tabpfnv2p5_MUL_IMAGE_PAD_UFES_LESION_all_2,2026-09-06T22:13:19.000Z,130,finished,0.9623889238455458,MUL_IMAGE_PAD_UFES_LESION,TabPFN-v2p5 🇩🇪,intfloat/e5-small-v2,2,all
tabpfnv2_MUL_IMAGE_PAD_UFES_LESION_img_2,2026-09-06T22:13:15.000Z,145,finished,0.927285749144364,MUL_IMAGE_PAD_UFES_LESION,TabPFN-v2 🤯,intfloat/e5-small-v2,2,img
tabpfnv2_MUL_IMAGE_PAD_UFES_LESION_non_2,2026-09-06T22:12:54.000Z,15,finished,0.9330604123644816,MUL_IMAGE_PAD_UFES_LESION,TabPFN-v2 🤯,intfloat/e5-small-v2,2,non
tabpfnv2_MUL_IMAGE_PAD_UFES_LESION_all_2,2026-09-06T22:11:50.000Z,147,finished,0.9632649515975226,MUL_IMAGE_PAD_UFES_LESION,TabPFN-v2 🤯,intfloat/e5-small-v2,2,all
tabm_MUL_IMAGE_PAD_UFES_LESION_img_2,2026-09-06T22:11:45.000Z,129,finished,0.9099732366626784,MUL_IMAGE_PAD_UFES_LESION,TabM Ⓜ️,intfloat/e5-small-v2,2,img
tabm_MUL_IMAGE_PAD_UFES_LESION_non_2,2026-09-06T22:11:29.000Z,14,finished,0.919739961588976,MUL_IMAGE_PAD_UFES_LESION,TabM Ⓜ️,intfloat/e5-small-v2,2,non
tabm_MUL_IMAGE_PAD_UFES_LESION_all_2,2026-09-06T22:11:14.000Z,122,finished,0.9586624845816684,MUL_IMAGE_PAD_UFES_LESION,TabM Ⓜ️,intfloat/e5-small-v2,2,all
cat_MUL_IMAGE_PAD_UFES_LESION_img_2,2026-09-06T22:11:10.000Z,130,finished,0.8998138915945505,MUL_IMAGE_PAD_UFES_LESION,CatBoost 😸,intfloat/e5-small-v2,2,img
cat_MUL_IMAGE_PAD_UFES_LESION_non_2,2026-09-06T22:10:42.000Z,29,finished,0.9234594833271071,MUL_IMAGE_PAD_UFES_LESION,CatBoost 😸,intfloat/e5-small-v2,2,non
cat_MUL_IMAGE_PAD_UFES_LESION_all_2,2026-09-06T22:10:12.000Z,155,finished,0.9380454930953352,MUL_IMAGE_PAD_UFES_LESION,CatBoost 😸,intfloat/e5-small-v2,2,all
light_MUL_IMAGE_PAD_UFES_LESION_img_2,2026-09-06T22:09:35.000Z,126,finished,0.8687007822525761,MUL_IMAGE_PAD_UFES_LESION,LightGBM 💡,intfloat/e5-small-v2,2,img
light_MUL_IMAGE_PAD_UFES_LESION_non_2,2026-09-06T22:09:14.000Z,14,finished,0.925949800147254,MUL_IMAGE_PAD_UFES_LESION,LightGBM 💡,intfloat/e5-small-v2,2,non
light_MUL_IMAGE_PAD_UFES_LESION_all_2,2026-09-06T22:09:08.000Z,134,finished,0.946919906158482,MUL_IMAGE_PAD_UFES_LESION,LightGBM 💡,intfloat/e5-small-v2,2,all
tabpfnv2p5_MUL_IMAGE_PAD_UFES_LESION_img_1,2026-09-06T22:08:54.000Z,132,finished,0.9129584127556252,MUL_IMAGE_PAD_UFES_LESION,TabPFN-v2p5 🇩🇪,intfloat/e5-small-v2,1,img
tabpfnv2p5_MUL_IMAGE_PAD_UFES_LESION_non_1,2026-09-06T22:08:46.000Z,15,finished,0.9423325991567234,MUL_IMAGE_PAD_UFES_LESION,TabPFN-v2p5 🇩🇪,intfloat/e5-small-v2,1,non
tabpfnv2p5_MUL_IMAGE_PAD_UFES_LESION_all_1,2026-09-06T22:08:27.000Z,129,finished,0.9641739696636894,MUL_IMAGE_PAD_UFES_LESION,TabPFN-v2p5 🇩🇪,intfloat/e5-small-v2,1,all
tabpfnv2_MUL_IMAGE_PAD_UFES_LESION_img_1,2026-09-06T22:07:35.000Z,153,finished,0.9035818886003848,MUL_IMAGE_PAD_UFES_LESION,TabPFN-v2 🤯,intfloat/e5-small-v2,1,img
tabpfnv2_MUL_IMAGE_PAD_UFES_LESION_non_1,2026-09-06T22:07:14.000Z,16,finished,0.9325339321409996,MUL_IMAGE_PAD_UFES_LESION,TabPFN-v2 🤯,intfloat/e5-small-v2,1,non
tabpfnv2_MUL_IMAGE_PAD_UFES_LESION_all_1,2026-09-06T22:06:53.000Z,133,finished,0.9647222424562708,MUL_IMAGE_PAD_UFES_LESION,TabPFN-v2 🤯,intfloat/e5-small-v2,1,all
tabm_MUL_IMAGE_PAD_UFES_LESION_img_1,2026-09-06T22:06:44.000Z,127,finished,0.9118988224460683,MUL_IMAGE_PAD_UFES_LESION,TabM Ⓜ️,intfloat/e5-small-v2,1,img
tabm_MUL_IMAGE_PAD_UFES_LESION_non_1,2026-09-06T22:06:18.000Z,22,finished,0.9380588695913268,MUL_IMAGE_PAD_UFES_LESION,TabM Ⓜ️,intfloat/e5-small-v2,1,non
tabm_MUL_IMAGE_PAD_UFES_LESION_all_1,2026-09-06T22:06:16.000Z,127,finished,0.9601740691586452,MUL_IMAGE_PAD_UFES_LESION,TabM Ⓜ️,intfloat/e5-small-v2,1,all
cat_MUL_IMAGE_PAD_UFES_LESION_img_1,2026-09-06T22:06:10.000Z,150,finished,0.902925051702081,MUL_IMAGE_PAD_UFES_LESION,CatBoost 😸,intfloat/e5-small-v2,1,img
cat_MUL_IMAGE_PAD_UFES_LESION_non_1,2026-09-06T22:05:41.000Z,31,finished,0.9385487075690794,MUL_IMAGE_PAD_UFES_LESION,CatBoost 😸,intfloat/e5-small-v2,1,non
cat_MUL_IMAGE_PAD_UFES_LESION_all_1,2026-09-06T22:04:11.000Z,155,finished,0.9538407909368268,MUL_IMAGE_PAD_UFES_LESION,CatBoost 😸,intfloat/e5-small-v2,1,all
light_MUL_IMAGE_PAD_UFES_LESION_img_1,2026-09-06T22:04:10.000Z,122,finished,0.8729507768943576,MUL_IMAGE_PAD_UFES_LESION,LightGBM 💡,intfloat/e5-small-v2,1,img
light_MUL_IMAGE_PAD_UFES_LESION_non_1,2026-09-06T22:03:50.000Z,13,finished,0.9412566112414944,MUL_IMAGE_PAD_UFES_LESION,LightGBM 💡,intfloat/e5-small-v2,1,non
light_MUL_IMAGE_PAD_UFES_LESION_all_1,2026-09-06T22:03:48.000Z,136,finished,0.9464546607951644,MUL_IMAGE_PAD_UFES_LESION,LightGBM 💡,intfloat/e5-small-v2,1,all
tabpfnv2p5_MUL_IMAGE_PAD_UFES_LESION_img_0,2026-09-06T22:03:25.000Z,132,finished,0.9106940053916284,MUL_IMAGE_PAD_UFES_LESION,TabPFN-v2p5 🇩🇪,intfloat/e5-small-v2,0,img
tabpfnv2p5_MUL_IMAGE_PAD_UFES_LESION_non_0,2026-09-06T22:03:04.000Z,14,finished,0.9389358925915188,MUL_IMAGE_PAD_UFES_LESION,TabPFN-v2p5 🇩🇪,intfloat/e5-small-v2,0,non
tabpfnv2p5_MUL_IMAGE_PAD_UFES_LESION_all_0,2026-09-06T22:01:55.000Z,128,finished,0.9572271190851306,MUL_IMAGE_PAD_UFES_LESION,TabPFN-v2p5 🇩🇪,intfloat/e5-small-v2,0,all
tabpfnv2_MUL_IMAGE_PAD_UFES_LESION_img_0,2026-09-06T22:00:48.000Z,130,finished,0.9130867392795938,MUL_IMAGE_PAD_UFES_LESION,TabPFN-v2 🤯,intfloat/e5-small-v2,0,img
tabpfnv2_MUL_IMAGE_PAD_UFES_LESION_non_0,2026-09-06T22:00:27.000Z,14,finished,0.9341179803244096,MUL_IMAGE_PAD_UFES_LESION,TabPFN-v2 🤯,intfloat/e5-small-v2,0,non
tabpfnv2_MUL_IMAGE_PAD_UFES_LESION_all_0,2026-09-06T22:00:03.000Z,221,finished,0.9569593933377982,MUL_IMAGE_PAD_UFES_LESION,TabPFN-v2 🤯,intfloat/e5-small-v2,0,all
tabm_MUL_IMAGE_PAD_UFES_LESION_img_0,2026-09-06T21:59:44.000Z,124,finished,0.8943778091695523,MUL_IMAGE_PAD_UFES_LESION,TabM Ⓜ️,intfloat/e5-small-v2,0,img
tabm_MUL_IMAGE_PAD_UFES_LESION_non_0,2026-09-06T21:58:48.000Z,93,finished,0.9086639051607174,MUL_IMAGE_PAD_UFES_LESION,TabM Ⓜ️,intfloat/e5-small-v2,0,non
cat_MUL_IMAGE_PAD_UFES_LESION_img_0,2026-09-06T21:58:37.000Z,511,finished,0.8871744890111689,MUL_IMAGE_PAD_UFES_LESION,CatBoost 😸,intfloat/e5-small-v2,0,img
cat_MUL_IMAGE_PAD_UFES_LESION_non_0,2026-09-06T21:57:54.000Z,103,finished,0.928275947374972,MUL_IMAGE_PAD_UFES_LESION,CatBoost 😸,intfloat/e5-small-v2,0,non
light_MUL_IMAGE_PAD_UFES_LESION_non_0,2026-09-06T21:57:18.000Z,388,finished,0.8869090237279852,MUL_IMAGE_PAD_UFES_LESION,LightGBM 💡,intfloat/e5-small-v2,0,non
light_MUL_IMAGE_HEARTHSTONE_CLASS_all_0,2026-09-07T11:46:37.000Z,169,finished,0.9102397775674228,MUL_IMAGE_HEARTHSTONE_CLASS,LightGBM 💡,intfloat/e5-small-v2,0,all
light_MUL_IMAGE_HEARTHSTONE_CLASS_non_0,2026-09-07T11:49:30.000Z,134,finished,0.8936428924771144,MUL_IMAGE_HEARTHSTONE_CLASS,LightGBM 💡,intfloat/e5-small-v2,0,non
light_MUL_IMAGE_HEARTHSTONE_CLASS_img_0,2026-09-07T11:51:18.000Z,64,finished,0.7942896940486558,MUL_IMAGE_HEARTHSTONE_CLASS,LightGBM 💡,intfloat/e5-small-v2,0,img
cat_MUL_IMAGE_HEARTHSTONE_CLASS_all_0,2026-09-07T11:51:19.000Z,273,finished,0.9240926521119296,MUL_IMAGE_HEARTHSTONE_CLASS,CatBoost 😸,intfloat/e5-small-v2,0,all
cat_MUL_IMAGE_HEARTHSTONE_CLASS_non_0,2026-09-07T11:51:51.000Z,216,finished,0.9198290211734068,MUL_IMAGE_HEARTHSTONE_CLASS,CatBoost 😸,intfloat/e5-small-v2,0,non
cat_MUL_IMAGE_HEARTHSTONE_CLASS_img_0,2026-09-07T11:52:26.000Z,64,finished,0.8055574886067909,MUL_IMAGE_HEARTHSTONE_CLASS,CatBoost 😸,intfloat/e5-small-v2,0,img
tabm_MUL_IMAGE_HEARTHSTONE_CLASS_all_0,2026-09-07T11:53:35.000Z,264,finished,0.9284564359088732,MUL_IMAGE_HEARTHSTONE_CLASS,TabM Ⓜ️,intfloat/e5-small-v2,0,all
tabm_MUL_IMAGE_HEARTHSTONE_CLASS_non_0,2026-09-07T11:55:31.000Z,139,finished,0.9261117073125033,MUL_IMAGE_HEARTHSTONE_CLASS,TabM Ⓜ️,intfloat/e5-small-v2,0,non
tabm_MUL_IMAGE_HEARTHSTONE_CLASS_img_0,2026-09-07T11:55:56.000Z,53,finished,0.8132293127961346,MUL_IMAGE_HEARTHSTONE_CLASS,TabM Ⓜ️,intfloat/e5-small-v2,0,img
light_MUL_IMAGE_HEARTHSTONE_CLASS_all_1,2026-09-07T12:01:06.000Z,170,finished,0.8865559503803045,MUL_IMAGE_HEARTHSTONE_CLASS,LightGBM 💡,intfloat/e5-small-v2,1,all
light_MUL_IMAGE_HEARTHSTONE_CLASS_non_1,2026-09-07T12:02:25.000Z,146,finished,0.8723651919491324,MUL_IMAGE_HEARTHSTONE_CLASS,LightGBM 💡,intfloat/e5-small-v2,1,non
light_MUL_IMAGE_HEARTHSTONE_CLASS_img_1,2026-09-07T12:03:25.000Z,58,finished,0.8334843101274264,MUL_IMAGE_HEARTHSTONE_CLASS,LightGBM 💡,intfloat/e5-small-v2,1,img
cat_MUL_IMAGE_HEARTHSTONE_CLASS_all_1,2026-09-07T12:04:04.000Z,244,finished,0.9153762250333768,MUL_IMAGE_HEARTHSTONE_CLASS,CatBoost 😸,intfloat/e5-small-v2,1,all
cat_MUL_IMAGE_HEARTHSTONE_CLASS_non_1,2026-09-07T12:04:28.000Z,238,finished,0.9010274765955802,MUL_IMAGE_HEARTHSTONE_CLASS,CatBoost 😸,intfloat/e5-small-v2,1,non
cat_MUL_IMAGE_HEARTHSTONE_CLASS_img_1,2026-09-07T12:04:57.000Z,60,finished,0.8272255352902469,MUL_IMAGE_HEARTHSTONE_CLASS,CatBoost 😸,intfloat/e5-small-v2,1,img
tabm_MUL_IMAGE_HEARTHSTONE_CLASS_all_1,2026-09-07T12:06:01.000Z,185,finished,0.9265614312571864,MUL_IMAGE_HEARTHSTONE_CLASS,TabM Ⓜ️,intfloat/e5-small-v2,1,all
tabm_MUL_IMAGE_HEARTHSTONE_CLASS_non_1,2026-09-07T12:08:11.000Z,138,finished,0.9111804231354949,MUL_IMAGE_HEARTHSTONE_CLASS,TabM Ⓜ️,intfloat/e5-small-v2,1,non
tabm_MUL_IMAGE_HEARTHSTONE_CLASS_img_1,2026-09-07T12:08:29.000Z,61,finished,0.7993949379138819,MUL_IMAGE_HEARTHSTONE_CLASS,TabM Ⓜ️,intfloat/e5-small-v2,1,img
light_MUL_IMAGE_HEARTHSTONE_CLASS_all_2,2026-09-07T12:14:04.000Z,261,finished,0.896651008098495,MUL_IMAGE_HEARTHSTONE_CLASS,LightGBM 💡,intfloat/e5-small-v2,2,all
light_MUL_IMAGE_HEARTHSTONE_CLASS_non_2,2026-09-07T12:14:17.000Z,136,finished,0.8884576713112164,MUL_IMAGE_HEARTHSTONE_CLASS,LightGBM 💡,intfloat/e5-small-v2,2,non
light_MUL_IMAGE_HEARTHSTONE_CLASS_img_2,2026-09-07T12:14:43.000Z,46,finished,0.8155716578053688,MUL_IMAGE_HEARTHSTONE_CLASS,LightGBM 💡,intfloat/e5-small-v2,2,img
cat_MUL_IMAGE_HEARTHSTONE_CLASS_all_2,2026-09-07T12:15:36.000Z,271,finished,0.921573093625129,MUL_IMAGE_HEARTHSTONE_CLASS,CatBoost 😸,intfloat/e5-small-v2,2,all
cat_MUL_IMAGE_HEARTHSTONE_CLASS_non_2,2026-09-07T12:16:38.000Z,220,finished,0.9156325281554962,MUL_IMAGE_HEARTHSTONE_CLASS,CatBoost 😸,intfloat/e5-small-v2,2,non
cat_MUL_IMAGE_HEARTHSTONE_CLASS_img_2,2026-09-07T12:18:31.000Z,65,finished,0.819567703913696,MUL_IMAGE_HEARTHSTONE_CLASS,CatBoost 😸,intfloat/e5-small-v2,2,img
tabm_MUL_IMAGE_HEARTHSTONE_CLASS_all_2,2026-09-07T12:19:39.000Z,267,finished,0.9287910832931492,MUL_IMAGE_HEARTHSTONE_CLASS,TabM Ⓜ️,intfloat/e5-small-v2,2,all
tabm_MUL_IMAGE_HEARTHSTONE_CLASS_non_2,2026-09-07T12:20:13.000Z,147,finished,0.917279598021694,MUL_IMAGE_HEARTHSTONE_CLASS,TabM Ⓜ️,intfloat/e5-small-v2,2,non
tabm_MUL_IMAGE_HEARTHSTONE_CLASS_img_2,2026-09-07T12:20:23.000Z,54,finished,0.8211323728441337,MUL_IMAGE_HEARTHSTONE_CLASS,TabM Ⓜ️,intfloat/e5-small-v2,2,img
light_MUL_IMAGE_HEARTHSTONE_CLASS_all_3,2026-09-07T12:26:03.000Z,180,finished,0.9071291720703568,MUL_IMAGE_HEARTHSTONE_CLASS,LightGBM 💡,intfloat/e5-small-v2,3,all
light_MUL_IMAGE_HEARTHSTONE_CLASS_non_3,2026-09-07T12:27:00.000Z,137,finished,0.8969108287176136,MUL_IMAGE_HEARTHSTONE_CLASS,LightGBM 💡,intfloat/e5-small-v2,3,non
light_MUL_IMAGE_HEARTHSTONE_CLASS_img_3,2026-09-07T12:28:43.000Z,57,finished,0.8199233968618131,MUL_IMAGE_HEARTHSTONE_CLASS,LightGBM 💡,intfloat/e5-small-v2,3,img
cat_MUL_IMAGE_HEARTHSTONE_CLASS_all_3,2026-09-07T12:29:06.000Z,268,finished,0.9245166338965932,MUL_IMAGE_HEARTHSTONE_CLASS,CatBoost 😸,intfloat/e5-small-v2,3,all
cat_MUL_IMAGE_HEARTHSTONE_CLASS_non_3,2026-09-07T12:29:25.000Z,193,finished,0.9099029531047844,MUL_IMAGE_HEARTHSTONE_CLASS,CatBoost 😸,intfloat/e5-small-v2,3,non
cat_MUL_IMAGE_HEARTHSTONE_CLASS_img_3,2026-09-07T12:29:46.000Z,63,finished,0.8239639202603463,MUL_IMAGE_HEARTHSTONE_CLASS,CatBoost 😸,intfloat/e5-small-v2,3,img
tabm_MUL_IMAGE_HEARTHSTONE_CLASS_all_3,2026-09-07T12:30:54.000Z,263,finished,0.9207126006956966,MUL_IMAGE_HEARTHSTONE_CLASS,TabM Ⓜ️,intfloat/e5-small-v2,3,all
tabm_MUL_IMAGE_HEARTHSTONE_CLASS_non_3,2026-09-07T12:32:44.000Z,144,finished,0.9163009978396892,MUL_IMAGE_HEARTHSTONE_CLASS,TabM Ⓜ️,intfloat/e5-small-v2,3,non
tabm_MUL_IMAGE_HEARTHSTONE_CLASS_img_3,2026-09-07T12:33:38.000Z,50,finished,0.8333345278093287,MUL_IMAGE_HEARTHSTONE_CLASS,TabM Ⓜ️,intfloat/e5-small-v2,3,img
light_MUL_IMAGE_HEARTHSTONE_CLASS_all_4,2026-09-07T12:38:32.000Z,180,finished,0.8868092561155027,MUL_IMAGE_HEARTHSTONE_CLASS,LightGBM 💡,intfloat/e5-small-v2,4,all
light_MUL_IMAGE_HEARTHSTONE_CLASS_non_4,2026-09-07T12:39:54.000Z,142,finished,0.8858106450789343,MUL_IMAGE_HEARTHSTONE_CLASS,LightGBM 💡,intfloat/e5-small-v2,4,non
light_MUL_IMAGE_HEARTHSTONE_CLASS_img_4,2026-09-07T12:40:39.000Z,57,finished,0.7747363606649764,MUL_IMAGE_HEARTHSTONE_CLASS,LightGBM 💡,intfloat/e5-small-v2,4,img
cat_MUL_IMAGE_HEARTHSTONE_CLASS_all_4,2026-09-07T12:41:35.000Z,268,finished,0.9118814443338932,MUL_IMAGE_HEARTHSTONE_CLASS,CatBoost 😸,intfloat/e5-small-v2,4,all
cat_MUL_IMAGE_HEARTHSTONE_CLASS_non_4,2026-09-07T12:41:42.000Z,247,finished,0.905746661826244,MUL_IMAGE_HEARTHSTONE_CLASS,CatBoost 😸,intfloat/e5-small-v2,4,non
cat_MUL_IMAGE_HEARTHSTONE_CLASS_img_4,2026-09-07T12:42:20.000Z,68,finished,0.8028780357531867,MUL_IMAGE_HEARTHSTONE_CLASS,CatBoost 😸,intfloat/e5-small-v2,4,img
tabm_MUL_IMAGE_HEARTHSTONE_CLASS_all_4,2026-09-07T12:43:34.000Z,182,finished,0.9245381344088898,MUL_IMAGE_HEARTHSTONE_CLASS,TabM Ⓜ️,intfloat/e5-small-v2,4,all
tabm_MUL_IMAGE_HEARTHSTONE_CLASS_non_4,2026-09-07T12:45:53.000Z,219,finished,0.915624775746534,MUL_IMAGE_HEARTHSTONE_CLASS,TabM Ⓜ️,intfloat/e5-small-v2,4,non
tabm_MUL_IMAGE_HEARTHSTONE_CLASS_img_4,2026-09-07T12:46:07.000Z,53,finished,0.7959734587795139,MUL_IMAGE_HEARTHSTONE_CLASS,TabM Ⓜ️,intfloat/e5-small-v2,4,img
tabpfnv2p5_REG_IMAGE_WATCH_TIER_img_4,2026-09-07T06:55:59.000Z,23,finished,0.3565348225382381,REG_IMAGE_WATCH_TIER,TabPFN-v2p5 🇩🇪,intfloat/e5-small-v2,4,img
tabpfnv2p5_REG_IMAGE_WATCH_TIER_non_4,2026-09-07T06:55:36.000Z,24,finished,0.2928583860221033,REG_IMAGE_WATCH_TIER,TabPFN-v2p5 🇩🇪,intfloat/e5-small-v2,4,non
tabpfnv2p5_REG_IMAGE_WATCH_TIER_all_4,2026-09-07T06:55:17.000Z,35,finished,0.5138700971842831,REG_IMAGE_WATCH_TIER,TabPFN-v2p5 🇩🇪,intfloat/e5-small-v2,4,all
tabpfnv2_REG_IMAGE_WATCH_TIER_img_4,2026-09-07T06:55:04.000Z,24,finished,0.3400423790675873,REG_IMAGE_WATCH_TIER,TabPFN-v2 🤯,intfloat/e5-small-v2,4,img
tabpfnv2_REG_IMAGE_WATCH_TIER_non_4,2026-09-07T06:54:46.000Z,24,finished,0.2955255688607472,REG_IMAGE_WATCH_TIER,TabPFN-v2 🤯,intfloat/e5-small-v2,4,non
tabpfnv2_REG_IMAGE_WATCH_TIER_all_4,2026-09-07T06:54:22.000Z,36,finished,0.4825591209769877,REG_IMAGE_WATCH_TIER,TabPFN-v2 🤯,intfloat/e5-small-v2,4,all
tabm_REG_IMAGE_WATCH_TIER_img_4,2026-09-07T06:54:14.000Z,25,finished,0.343725206763755,REG_IMAGE_WATCH_TIER,TabM Ⓜ️,intfloat/e5-small-v2,4,img
tabm_REG_IMAGE_WATCH_TIER_non_4,2026-09-07T06:53:56.000Z,23,finished,0.3260640851773078,REG_IMAGE_WATCH_TIER,TabM Ⓜ️,intfloat/e5-small-v2,4,non
tabm_REG_IMAGE_WATCH_TIER_all_4,2026-09-07T06:53:32.000Z,35,finished,0.5313911549679129,REG_IMAGE_WATCH_TIER,TabM Ⓜ️,intfloat/e5-small-v2,4,all
cat_REG_IMAGE_WATCH_TIER_img_4,2026-09-07T06:53:24.000Z,25,finished,0.3167097037930765,REG_IMAGE_WATCH_TIER,CatBoost 😸,intfloat/e5-small-v2,4,img
cat_REG_IMAGE_WATCH_TIER_non_4,2026-09-07T06:53:00.000Z,26,finished,0.3215740834018565,REG_IMAGE_WATCH_TIER,CatBoost 😸,intfloat/e5-small-v2,4,non
cat_REG_IMAGE_WATCH_TIER_all_4,2026-09-07T06:52:42.000Z,38,finished,0.4746894979239537,REG_IMAGE_WATCH_TIER,CatBoost 😸,intfloat/e5-small-v2,4,all
light_REG_IMAGE_WATCH_TIER_img_4,2026-09-07T06:52:33.000Z,22,finished,0.2047175313851004,REG_IMAGE_WATCH_TIER,LightGBM 💡,intfloat/e5-small-v2,4,img
light_REG_IMAGE_WATCH_TIER_non_4,2026-09-07T06:52:16.000Z,22,finished,0.2865243213348674,REG_IMAGE_WATCH_TIER,LightGBM 💡,intfloat/e5-small-v2,4,non
light_REG_IMAGE_WATCH_TIER_all_4,2026-09-07T06:51:57.000Z,32,finished,0.3662389814873851,REG_IMAGE_WATCH_TIER,LightGBM 💡,intfloat/e5-small-v2,4,all
tabpfnv2p5_REG_IMAGE_WATCH_TIER_img_3,2026-09-07T06:51:44.000Z,24,finished,0.3208324109881689,REG_IMAGE_WATCH_TIER,TabPFN-v2p5 🇩🇪,intfloat/e5-small-v2,3,img
tabpfnv2p5_REG_IMAGE_WATCH_TIER_non_3,2026-09-07T06:51:30.000Z,24,finished,0.3663965049590179,REG_IMAGE_WATCH_TIER,TabPFN-v2p5 🇩🇪,intfloat/e5-small-v2,3,non
tabpfnv2p5_REG_IMAGE_WATCH_TIER_all_3,2026-09-07T06:51:02.000Z,35,finished,0.6009145645721534,REG_IMAGE_WATCH_TIER,TabPFN-v2p5 🇩🇪,intfloat/e5-small-v2,3,all
tabpfnv2_REG_IMAGE_WATCH_TIER_img_3,2026-09-07T06:50:58.000Z,26,finished,0.3061607530920409,REG_IMAGE_WATCH_TIER,TabPFN-v2 🤯,intfloat/e5-small-v2,3,img
tabpfnv2_REG_IMAGE_WATCH_TIER_non_3,2026-09-07T06:50:30.000Z,25,finished,0.4017425772751257,REG_IMAGE_WATCH_TIER,TabPFN-v2 🤯,intfloat/e5-small-v2,3,non
tabpfnv2_REG_IMAGE_WATCH_TIER_all_3,2026-09-07T06:50:16.000Z,38,finished,0.6092185727279542,REG_IMAGE_WATCH_TIER,TabPFN-v2 🤯,intfloat/e5-small-v2,3,all
tabm_REG_IMAGE_WATCH_TIER_img_3,2026-09-07T06:50:04.000Z,23,finished,0.2287764630028265,REG_IMAGE_WATCH_TIER,TabM Ⓜ️,intfloat/e5-small-v2,3,img
tabm_REG_IMAGE_WATCH_TIER_non_3,2026-09-07T06:49:50.000Z,24,finished,0.4103573373509913,REG_IMAGE_WATCH_TIER,TabM Ⓜ️,intfloat/e5-small-v2,3,non
tabm_REG_IMAGE_WATCH_TIER_all_3,2026-09-07T06:49:22.000Z,35,finished,0.6579128027724008,REG_IMAGE_WATCH_TIER,TabM Ⓜ️,intfloat/e5-small-v2,3,all
cat_REG_IMAGE_WATCH_TIER_img_3,2026-09-07T06:49:18.000Z,26,finished,0.291246818055058,REG_IMAGE_WATCH_TIER,CatBoost 😸,intfloat/e5-small-v2,3,img
cat_REG_IMAGE_WATCH_TIER_non_3,2026-09-07T06:48:50.000Z,25,finished,0.322262983388127,REG_IMAGE_WATCH_TIER,CatBoost 😸,intfloat/e5-small-v2,3,non
cat_REG_IMAGE_WATCH_TIER_all_3,2026-09-07T06:48:36.000Z,37,finished,0.4466177430003893,REG_IMAGE_WATCH_TIER,CatBoost 😸,intfloat/e5-small-v2,3,all
light_REG_IMAGE_WATCH_TIER_img_3,2026-09-07T06:48:23.000Z,23,finished,0.1985157259576397,REG_IMAGE_WATCH_TIER,LightGBM 💡,intfloat/e5-small-v2,3,img
light_REG_IMAGE_WATCH_TIER_non_3,2026-09-07T06:47:57.000Z,23,finished,0.3996160615806595,REG_IMAGE_WATCH_TIER,LightGBM 💡,intfloat/e5-small-v2,3,non
light_REG_IMAGE_WATCH_TIER_all_3,2026-09-07T06:47:54.000Z,35,finished,0.5411237921020366,REG_IMAGE_WATCH_TIER,LightGBM 💡,intfloat/e5-small-v2,3,all
tabpfnv2p5_REG_IMAGE_WATCH_TIER_img_2,2026-09-07T06:47:31.000Z,23,finished,0.299206907712512,REG_IMAGE_WATCH_TIER,TabPFN-v2p5 🇩🇪,intfloat/e5-small-v2,2,img
tabpfnv2p5_REG_IMAGE_WATCH_TIER_non_2,2026-09-07T06:47:22.000Z,24,finished,0.473715443795704,REG_IMAGE_WATCH_TIER,TabPFN-v2p5 🇩🇪,intfloat/e5-small-v2,2,non
tabpfnv2p5_REG_IMAGE_WATCH_TIER_all_2,2026-09-07T06:46:54.000Z,34,finished,0.6286307157440951,REG_IMAGE_WATCH_TIER,TabPFN-v2p5 🇩🇪,intfloat/e5-small-v2,2,all
tabpfnv2_REG_IMAGE_WATCH_TIER_img_2,2026-09-07T06:46:51.000Z,24,finished,0.2385533506507766,REG_IMAGE_WATCH_TIER,TabPFN-v2 🤯,intfloat/e5-small-v2,2,img
tabpfnv2_REG_IMAGE_WATCH_TIER_non_2,2026-09-07T06:46:22.000Z,26,finished,0.4364902623205635,REG_IMAGE_WATCH_TIER,TabPFN-v2 🤯,intfloat/e5-small-v2,2,non
tabpfnv2_REG_IMAGE_WATCH_TIER_all_2,2026-09-07T06:46:09.000Z,36,finished,0.5654847405860147,REG_IMAGE_WATCH_TIER,TabPFN-v2 🤯,intfloat/e5-small-v2,2,all
tabm_REG_IMAGE_WATCH_TIER_img_2,2026-09-07T06:45:51.000Z,24,finished,0.2703412794643715,REG_IMAGE_WATCH_TIER,TabM Ⓜ️,intfloat/e5-small-v2,2,img
tabm_REG_IMAGE_WATCH_TIER_non_2,2026-09-07T06:45:37.000Z,25,finished,0.4812142760810432,REG_IMAGE_WATCH_TIER,TabM Ⓜ️,intfloat/e5-small-v2,2,non
tabm_REG_IMAGE_WATCH_TIER_all_2,2026-09-07T06:45:08.000Z,36,finished,0.6042119090584721,REG_IMAGE_WATCH_TIER,TabM Ⓜ️,intfloat/e5-small-v2,2,all
cat_REG_IMAGE_WATCH_TIER_img_2,2026-09-07T06:45:05.000Z,25,finished,0.2432423900092987,REG_IMAGE_WATCH_TIER,CatBoost 😸,intfloat/e5-small-v2,2,img
cat_REG_IMAGE_WATCH_TIER_non_2,2026-09-07T06:44:36.000Z,27,finished,0.3138757429726879,REG_IMAGE_WATCH_TIER,CatBoost 😸,intfloat/e5-small-v2,2,non
cat_REG_IMAGE_WATCH_TIER_all_2,2026-09-07T06:44:23.000Z,39,finished,0.3958247223796849,REG_IMAGE_WATCH_TIER,CatBoost 😸,intfloat/e5-small-v2,2,all
light_REG_IMAGE_WATCH_TIER_img_2,2026-09-07T06:44:10.000Z,22,finished,0.0820423336876953,REG_IMAGE_WATCH_TIER,LightGBM 💡,intfloat/e5-small-v2,2,img
light_REG_IMAGE_WATCH_TIER_non_2,2026-09-07T06:43:56.000Z,23,finished,0.385262003871513,REG_IMAGE_WATCH_TIER,LightGBM 💡,intfloat/e5-small-v2,2,non
light_REG_IMAGE_WATCH_TIER_all_2,2026-09-07T06:43:33.000Z,31,finished,0.5217196142727687,REG_IMAGE_WATCH_TIER,LightGBM 💡,intfloat/e5-small-v2,2,all
tabpfnv2p5_REG_IMAGE_WATCH_TIER_img_1,2026-09-07T06:43:25.000Z,24,finished,0.1395821410095742,REG_IMAGE_WATCH_TIER,TabPFN-v2p5 🇩🇪,intfloat/e5-small-v2,1,img
tabpfnv2p5_REG_IMAGE_WATCH_TIER_non_1,2026-09-07T06:43:01.000Z,25,finished,0.2216756487769434,REG_IMAGE_WATCH_TIER,TabPFN-v2p5 🇩🇪,intfloat/e5-small-v2,1,non
tabpfnv2p5_REG_IMAGE_WATCH_TIER_all_1,2026-09-07T06:42:43.000Z,35,finished,0.2854839700492686,REG_IMAGE_WATCH_TIER,TabPFN-v2p5 🇩🇪,intfloat/e5-small-v2,1,all
tabpfnv2_REG_IMAGE_WATCH_TIER_img_1,2026-09-07T06:42:29.000Z,24,finished,0.1360908894409307,REG_IMAGE_WATCH_TIER,TabPFN-v2 🤯,intfloat/e5-small-v2,1,img
tabpfnv2_REG_IMAGE_WATCH_TIER_non_1,2026-09-07T06:42:11.000Z,25,finished,0.1918396946381488,REG_IMAGE_WATCH_TIER,TabPFN-v2 🤯,intfloat/e5-small-v2,1,non
tabpfnv2_REG_IMAGE_WATCH_TIER_all_1,2026-09-07T06:41:47.000Z,36,finished,0.2749624125795633,REG_IMAGE_WATCH_TIER,TabPFN-v2 🤯,intfloat/e5-small-v2,1,all
tabm_REG_IMAGE_WATCH_TIER_img_1,2026-09-07T06:41:40.000Z,24,finished,0.1265255589712627,REG_IMAGE_WATCH_TIER,TabM Ⓜ️,intfloat/e5-small-v2,1,img
tabm_REG_IMAGE_WATCH_TIER_non_1,2026-09-07T06:41:20.000Z,24,finished,0.1725907204848236,REG_IMAGE_WATCH_TIER,TabM Ⓜ️,intfloat/e5-small-v2,1,non
tabm_REG_IMAGE_WATCH_TIER_all_1,2026-09-07T06:40:58.000Z,35,finished,0.3170814991245806,REG_IMAGE_WATCH_TIER,TabM Ⓜ️,intfloat/e5-small-v2,1,all
cat_REG_IMAGE_WATCH_TIER_img_1,2026-09-07T06:40:48.000Z,25,finished,0.0946081762513166,REG_IMAGE_WATCH_TIER,CatBoost 😸,intfloat/e5-small-v2,1,img
cat_REG_IMAGE_WATCH_TIER_non_1,2026-09-07T06:40:26.000Z,26,finished,0.1528483482228638,REG_IMAGE_WATCH_TIER,CatBoost 😸,intfloat/e5-small-v2,1,non
cat_REG_IMAGE_WATCH_TIER_all_1,2026-09-07T06:40:06.000Z,36,finished,0.2220268455994545,REG_IMAGE_WATCH_TIER,CatBoost 😸,intfloat/e5-small-v2,1,all
light_REG_IMAGE_WATCH_TIER_img_1,2026-09-07T06:40:00.000Z,22,finished,0.118338701862645,REG_IMAGE_WATCH_TIER,LightGBM 💡,intfloat/e5-small-v2,1,img
light_REG_IMAGE_WATCH_TIER_non_1,2026-09-07T06:39:40.000Z,22,finished,0.1782812723563207,REG_IMAGE_WATCH_TIER,LightGBM 💡,intfloat/e5-small-v2,1,non
light_REG_IMAGE_WATCH_TIER_all_1,2026-09-07T06:39:23.000Z,32,finished,0.2628790714385727,REG_IMAGE_WATCH_TIER,LightGBM 💡,intfloat/e5-small-v2,1,all
tabpfnv2p5_REG_IMAGE_WATCH_TIER_img_0,2026-09-07T06:39:13.000Z,23,finished,0.2077987106862397,REG_IMAGE_WATCH_TIER,TabPFN-v2p5 🇩🇪,intfloat/e5-small-v2,0,img
tabpfnv2p5_REG_IMAGE_WATCH_TIER_non_0,2026-09-07T06:38:51.000Z,25,finished,0.4882527913879276,REG_IMAGE_WATCH_TIER,TabPFN-v2p5 🇩🇪,intfloat/e5-small-v2,0,non
tabpfnv2p5_REG_IMAGE_WATCH_TIER_all_0,2026-09-07T06:38:31.000Z,35,finished,0.6081728354288388,REG_IMAGE_WATCH_TIER,TabPFN-v2p5 🇩🇪,intfloat/e5-small-v2,0,all
tabpfnv2_REG_IMAGE_WATCH_TIER_img_0,2026-09-07T06:38:25.000Z,24,finished,0.1843195247255487,REG_IMAGE_WATCH_TIER,TabPFN-v2 🤯,intfloat/e5-small-v2,0,img
tabpfnv2_REG_IMAGE_WATCH_TIER_non_0,2026-09-07T06:38:00.000Z,26,finished,0.4428170400649954,REG_IMAGE_WATCH_TIER,TabPFN-v2 🤯,intfloat/e5-small-v2,0,non
tabpfnv2_REG_IMAGE_WATCH_TIER_all_0,2026-09-07T06:37:43.000Z,36,finished,0.5863872062932647,REG_IMAGE_WATCH_TIER,TabPFN-v2 🤯,intfloat/e5-small-v2,0,all
tabm_REG_IMAGE_WATCH_TIER_img_0,2026-09-07T06:37:28.000Z,25,finished,0.0834864073510615,REG_IMAGE_WATCH_TIER,TabM Ⓜ️,intfloat/e5-small-v2,0,img
tabm_REG_IMAGE_WATCH_TIER_non_0,2026-09-07T06:37:12.000Z,25,finished,0.4678084747266918,REG_IMAGE_WATCH_TIER,TabM Ⓜ️,intfloat/e5-small-v2,0,non
tabm_REG_IMAGE_WATCH_TIER_all_0,2026-09-07T06:36:46.000Z,34,finished,0.5515056657395216,REG_IMAGE_WATCH_TIER,TabM Ⓜ️,intfloat/e5-small-v2,0,all
cat_REG_IMAGE_WATCH_TIER_img_0,2026-09-07T06:36:40.000Z,25,finished,-0.0967938982270124,REG_IMAGE_WATCH_TIER,CatBoost 😸,intfloat/e5-small-v2,0,img
cat_REG_IMAGE_WATCH_TIER_non_0,2026-09-07T06:36:14.000Z,27,finished,0.4051686442057666,REG_IMAGE_WATCH_TIER,CatBoost 😸,intfloat/e5-small-v2,0,non
cat_REG_IMAGE_WATCH_TIER_all_0,2026-09-07T06:35:58.000Z,38,finished,0.44681636033488,REG_IMAGE_WATCH_TIER,CatBoost 😸,intfloat/e5-small-v2,0,all
light_REG_IMAGE_WATCH_TIER_img_0,2026-09-07T06:35:48.000Z,22,finished,-0.0029900325508156,REG_IMAGE_WATCH_TIER,LightGBM 💡,intfloat/e5-small-v2,0,img
light_REG_IMAGE_WATCH_TIER_non_0,2026-09-07T06:35:22.000Z,22,finished,0.2863520751448017,REG_IMAGE_WATCH_TIER,LightGBM 💡,intfloat/e5-small-v2,0,non
light_REG_IMAGE_WATCH_TIER_all_0,2026-09-07T06:35:21.000Z,33,finished,0.475659606003512,REG_IMAGE_WATCH_TIER,LightGBM 💡,intfloat/e5-small-v2,0,all
tabpfnv2p5_MUL_IMAGE_HAM10000_LESION_img_4,2026-09-07T23:08:41.000Z,200,finished,0.9600861171864868,MUL_IMAGE_HAM10000_LESION,TabPFN-v2p5 🇩🇪,intfloat/e5-small-v2,4,img
tabpfnv2p5_MUL_IMAGE_HAM10000_LESION_non_4,2026-09-07T23:08:20.000Z,17,finished,0.8346470442985358,MUL_IMAGE_HAM10000_LESION,TabPFN-v2p5 🇩🇪,intfloat/e5-small-v2,4,non
tabpfnv2p5_MUL_IMAGE_HAM10000_LESION_all_4,2026-09-07T23:08:12.000Z,207,finished,0.9678082246373256,MUL_IMAGE_HAM10000_LESION,TabPFN-v2p5 🇩🇪,intfloat/e5-small-v2,4,all
tabpfnv2_MUL_IMAGE_HAM10000_LESION_img_4,2026-09-07T23:06:40.000Z,193,finished,0.9578563569839796,MUL_IMAGE_HAM10000_LESION,TabPFN-v2 🤯,intfloat/e5-small-v2,4,img
tabpfnv2_MUL_IMAGE_HAM10000_LESION_non_4,2026-09-07T23:06:19.000Z,16,finished,0.8285018231611595,MUL_IMAGE_HAM10000_LESION,TabPFN-v2 🤯,intfloat/e5-small-v2,4,non
tabpfnv2_MUL_IMAGE_HAM10000_LESION_all_4,2026-09-07T23:04:51.000Z,204,finished,0.9651222947360532,MUL_IMAGE_HAM10000_LESION,TabPFN-v2 🤯,intfloat/e5-small-v2,4,all
tabm_MUL_IMAGE_HAM10000_LESION_img_4,2026-09-07T23:04:48.000Z,199,finished,0.9590828911620544,MUL_IMAGE_HAM10000_LESION,TabM Ⓜ️,intfloat/e5-small-v2,4,img
tabm_MUL_IMAGE_HAM10000_LESION_non_4,2026-09-07T23:04:30.000Z,18,finished,0.8115681074787781,MUL_IMAGE_HAM10000_LESION,TabM Ⓜ️,intfloat/e5-small-v2,4,non
tabm_MUL_IMAGE_HAM10000_LESION_all_4,2026-09-07T23:03:17.000Z,179,finished,0.9685240761288394,MUL_IMAGE_HAM10000_LESION,TabM Ⓜ️,intfloat/e5-small-v2,4,all
cat_MUL_IMAGE_HAM10000_LESION_img_4,2026-09-07T23:01:24.000Z,198,finished,0.9539953421640788,MUL_IMAGE_HAM10000_LESION,CatBoost 😸,intfloat/e5-small-v2,4,img
cat_MUL_IMAGE_HAM10000_LESION_non_4,2026-09-07T23:00:58.000Z,21,finished,0.8120168673163939,MUL_IMAGE_HAM10000_LESION,CatBoost 😸,intfloat/e5-small-v2,4,non
cat_MUL_IMAGE_HAM10000_LESION_all_4,2026-09-07T23:00:51.000Z,213,finished,0.9596868135345612,MUL_IMAGE_HAM10000_LESION,CatBoost 😸,intfloat/e5-small-v2,4,all
light_MUL_IMAGE_HAM10000_LESION_img_4,2026-09-07T23:00:19.000Z,173,finished,0.9441895129684764,MUL_IMAGE_HAM10000_LESION,LightGBM 💡,intfloat/e5-small-v2,4,img
light_MUL_IMAGE_HAM10000_LESION_non_4,2026-09-07T22:59:58.000Z,14,finished,0.7715683742211669,MUL_IMAGE_HAM10000_LESION,LightGBM 💡,intfloat/e5-small-v2,4,non
light_MUL_IMAGE_HAM10000_LESION_all_4,2026-09-07T22:57:39.000Z,192,finished,0.9563193297971936,MUL_IMAGE_HAM10000_LESION,LightGBM 💡,intfloat/e5-small-v2,4,all
tabpfnv2p5_MUL_IMAGE_HAM10000_LESION_img_3,2026-09-07T22:57:32.000Z,195,finished,0.9629520638211136,MUL_IMAGE_HAM10000_LESION,TabPFN-v2p5 🇩🇪,intfloat/e5-small-v2,3,img
tabpfnv2p5_MUL_IMAGE_HAM10000_LESION_non_3,2026-09-07T22:57:18.000Z,17,finished,0.8297436782230267,MUL_IMAGE_HAM10000_LESION,TabPFN-v2p5 🇩🇪,intfloat/e5-small-v2,3,non
tabpfnv2p5_MUL_IMAGE_HAM10000_LESION_all_3,2026-09-07T22:56:45.000Z,188,finished,0.9684597207823756,MUL_IMAGE_HAM10000_LESION,TabPFN-v2p5 🇩🇪,intfloat/e5-small-v2,3,all
tabpfnv2_MUL_IMAGE_HAM10000_LESION_img_3,2026-09-07T22:54:09.000Z,199,finished,0.9608578119364364,MUL_IMAGE_HAM10000_LESION,TabPFN-v2 🤯,intfloat/e5-small-v2,3,img
tabpfnv2_MUL_IMAGE_HAM10000_LESION_non_3,2026-09-07T22:53:48.000Z,16,finished,0.8273712011816503,MUL_IMAGE_HAM10000_LESION,TabPFN-v2 🤯,intfloat/e5-small-v2,3,non
tabpfnv2_MUL_IMAGE_HAM10000_LESION_all_3,2026-09-07T22:53:44.000Z,211,finished,0.9662501845832744,MUL_IMAGE_HAM10000_LESION,TabPFN-v2 🤯,intfloat/e5-small-v2,3,all
tabm_MUL_IMAGE_HAM10000_LESION_img_3,2026-09-07T22:53:32.000Z,186,finished,0.9638759366210408,MUL_IMAGE_HAM10000_LESION,TabM Ⓜ️,intfloat/e5-small-v2,3,img
tabm_MUL_IMAGE_HAM10000_LESION_non_3,2026-09-07T22:53:18.000Z,20,finished,0.8376751158887179,MUL_IMAGE_HAM10000_LESION,TabM Ⓜ️,intfloat/e5-small-v2,3,non
tabm_MUL_IMAGE_HAM10000_LESION_all_3,2026-09-07T22:50:30.000Z,178,finished,0.9686650717040723,MUL_IMAGE_HAM10000_LESION,TabM Ⓜ️,intfloat/e5-small-v2,3,all
cat_MUL_IMAGE_HAM10000_LESION_img_3,2026-09-07T22:50:24.000Z,196,finished,0.958570193499737,MUL_IMAGE_HAM10000_LESION,CatBoost 😸,intfloat/e5-small-v2,3,img
cat_MUL_IMAGE_HAM10000_LESION_non_3,2026-09-07T22:49:58.000Z,21,finished,0.8402876774047726,MUL_IMAGE_HAM10000_LESION,CatBoost 😸,intfloat/e5-small-v2,3,non
cat_MUL_IMAGE_HAM10000_LESION_all_3,2026-09-07T22:49:43.000Z,210,finished,0.9649323642327192,MUL_IMAGE_HAM10000_LESION,CatBoost 😸,intfloat/e5-small-v2,3,all
light_MUL_IMAGE_HAM10000_LESION_img_3,2026-09-07T22:47:32.000Z,171,finished,0.9464963064743684,MUL_IMAGE_HAM10000_LESION,LightGBM 💡,intfloat/e5-small-v2,3,img
light_MUL_IMAGE_HAM10000_LESION_non_3,2026-09-07T22:47:11.000Z,14,finished,0.8179718094350991,MUL_IMAGE_HAM10000_LESION,LightGBM 💡,intfloat/e5-small-v2,3,non
light_MUL_IMAGE_HAM10000_LESION_all_3,2026-09-07T22:46:49.000Z,184,finished,0.9591124152178352,MUL_IMAGE_HAM10000_LESION,LightGBM 💡,intfloat/e5-small-v2,3,all
tabpfnv2p5_MUL_IMAGE_HAM10000_LESION_img_2,2026-09-07T22:46:08.000Z,210,finished,0.9427301849883304,MUL_IMAGE_HAM10000_LESION,TabPFN-v2p5 🇩🇪,intfloat/e5-small-v2,2,img
tabpfnv2p5_MUL_IMAGE_HAM10000_LESION_non_2,2026-09-07T22:45:47.000Z,17,finished,0.7703881639098556,MUL_IMAGE_HAM10000_LESION,TabPFN-v2p5 🇩🇪,intfloat/e5-small-v2,2,non
tabpfnv2p5_MUL_IMAGE_HAM10000_LESION_all_2,2026-09-07T22:43:58.000Z,189,finished,0.9465991252154003,MUL_IMAGE_HAM10000_LESION,TabPFN-v2p5 🇩🇪,intfloat/e5-small-v2,2,all
tabpfnv2_MUL_IMAGE_HAM10000_LESION_img_2,2026-09-07T22:43:25.000Z,201,finished,0.9422660591010376,MUL_IMAGE_HAM10000_LESION,TabPFN-v2 🤯,intfloat/e5-small-v2,2,img
tabpfnv2_MUL_IMAGE_HAM10000_LESION_non_2,2026-09-07T22:43:04.000Z,17,finished,0.7647070676490555,MUL_IMAGE_HAM10000_LESION,TabPFN-v2 🤯,intfloat/e5-small-v2,2,non
tabpfnv2_MUL_IMAGE_HAM10000_LESION_all_2,2026-09-07T22:42:12.000Z,210,finished,0.9472060538582754,MUL_IMAGE_HAM10000_LESION,TabPFN-v2 🤯,intfloat/e5-small-v2,2,all
tabm_MUL_IMAGE_HAM10000_LESION_img_2,2026-09-07T22:40:50.000Z,180,finished,0.9434199746647508,MUL_IMAGE_HAM10000_LESION,TabM Ⓜ️,intfloat/e5-small-v2,2,img
tabm_MUL_IMAGE_HAM10000_LESION_non_2,2026-09-07T22:40:29.000Z,19,finished,0.7753021045495944,MUL_IMAGE_HAM10000_LESION,TabM Ⓜ️,intfloat/e5-small-v2,2,non
tabm_MUL_IMAGE_HAM10000_LESION_all_2,2026-09-07T22:39:51.000Z,188,finished,0.949949280352918,MUL_IMAGE_HAM10000_LESION,TabM Ⓜ️,intfloat/e5-small-v2,2,all
cat_MUL_IMAGE_HAM10000_LESION_img_2,2026-09-07T22:38:48.000Z,198,finished,0.9344812255243908,MUL_IMAGE_HAM10000_LESION,CatBoost 😸,intfloat/e5-small-v2,2,img
cat_MUL_IMAGE_HAM10000_LESION_non_2,2026-09-07T22:38:21.000Z,21,finished,0.7634778680892635,MUL_IMAGE_HAM10000_LESION,CatBoost 😸,intfloat/e5-small-v2,2,non
cat_MUL_IMAGE_HAM10000_LESION_all_2,2026-09-07T22:37:16.000Z,185,finished,0.9437361894098694,MUL_IMAGE_HAM10000_LESION,CatBoost 😸,intfloat/e5-small-v2,2,all
light_MUL_IMAGE_HAM10000_LESION_img_2,2026-09-07T22:36:43.000Z,183,finished,0.9201959309987884,MUL_IMAGE_HAM10000_LESION,LightGBM 💡,intfloat/e5-small-v2,2,img
light_MUL_IMAGE_HAM10000_LESION_non_2,2026-09-07T22:36:22.000Z,15,finished,0.761210831299931,MUL_IMAGE_HAM10000_LESION,LightGBM 💡,intfloat/e5-small-v2,2,non
light_MUL_IMAGE_HAM10000_LESION_all_2,2026-09-07T22:35:02.000Z,193,finished,0.9296054075343056,MUL_IMAGE_HAM10000_LESION,LightGBM 💡,intfloat/e5-small-v2,2,all
tabpfnv2p5_MUL_IMAGE_HAM10000_LESION_img_1,2026-09-07T22:34:19.000Z,171,finished,0.9526417542649958,MUL_IMAGE_HAM10000_LESION,TabPFN-v2p5 🇩🇪,intfloat/e5-small-v2,1,img
tabpfnv2p5_MUL_IMAGE_HAM10000_LESION_non_1,2026-09-07T22:33:58.000Z,16,finished,0.7924124959339743,MUL_IMAGE_HAM10000_LESION,TabPFN-v2p5 🇩🇪,intfloat/e5-small-v2,1,non
tabpfnv2p5_MUL_IMAGE_HAM10000_LESION_all_1,2026-09-07T22:32:58.000Z,199,finished,0.9599971752355184,MUL_IMAGE_HAM10000_LESION,TabPFN-v2p5 🇩🇪,intfloat/e5-small-v2,1,all
tabpfnv2_MUL_IMAGE_HAM10000_LESION_img_1,2026-09-07T22:31:28.000Z,210,finished,0.952189051396056,MUL_IMAGE_HAM10000_LESION,TabPFN-v2 🤯,intfloat/e5-small-v2,1,img
tabpfnv2_MUL_IMAGE_HAM10000_LESION_non_1,2026-09-07T22:31:06.000Z,18,finished,0.7873958613106945,MUL_IMAGE_HAM10000_LESION,TabPFN-v2 🤯,intfloat/e5-small-v2,1,non
tabpfnv2_MUL_IMAGE_HAM10000_LESION_all_1,2026-09-07T22:30:55.000Z,177,finished,0.956176559963912,MUL_IMAGE_HAM10000_LESION,TabPFN-v2 🤯,intfloat/e5-small-v2,1,all
tabm_MUL_IMAGE_HAM10000_LESION_img_1,2026-09-07T22:29:45.000Z,188,finished,0.95655810929159,MUL_IMAGE_HAM10000_LESION,TabM Ⓜ️,intfloat/e5-small-v2,1,img
tabm_MUL_IMAGE_HAM10000_LESION_non_1,2026-09-07T22:29:18.000Z,19,finished,0.7992420189807853,MUL_IMAGE_HAM10000_LESION,TabM Ⓜ️,intfloat/e5-small-v2,1,non
tabm_MUL_IMAGE_HAM10000_LESION_all_1,2026-09-07T22:28:08.000Z,164,finished,0.9624616606216856,MUL_IMAGE_HAM10000_LESION,TabM Ⓜ️,intfloat/e5-small-v2,1,all
cat_MUL_IMAGE_HAM10000_LESION_img_1,2026-09-07T22:27:48.000Z,195,finished,0.9515831836606872,MUL_IMAGE_HAM10000_LESION,CatBoost 😸,intfloat/e5-small-v2,1,img
cat_MUL_IMAGE_HAM10000_LESION_non_1,2026-09-07T22:27:47.000Z,18,finished,0.7803070791896388,MUL_IMAGE_HAM10000_LESION,CatBoost 😸,intfloat/e5-small-v2,1,non
cat_MUL_IMAGE_HAM10000_LESION_all_1,2026-09-07T22:25:50.000Z,203,finished,0.9497480811794946,MUL_IMAGE_HAM10000_LESION,CatBoost 😸,intfloat/e5-small-v2,1,all
light_MUL_IMAGE_HAM10000_LESION_img_1,2026-09-07T22:25:05.000Z,156,finished,0.9368600102198938,MUL_IMAGE_HAM10000_LESION,LightGBM 💡,intfloat/e5-small-v2,1,img
light_MUL_IMAGE_HAM10000_LESION_non_1,2026-09-07T22:24:44.000Z,14,finished,0.7625464341454559,MUL_IMAGE_HAM10000_LESION,LightGBM 💡,intfloat/e5-small-v2,1,non
light_MUL_IMAGE_HAM10000_LESION_all_1,2026-09-07T22:24:34.000Z,187,finished,0.9470449862759132,MUL_IMAGE_HAM10000_LESION,LightGBM 💡,intfloat/e5-small-v2,1,all
tabpfnv2p5_MUL_IMAGE_HAM10000_LESION_img_0,2026-09-07T22:22:42.000Z,185,finished,0.9565342775011454,MUL_IMAGE_HAM10000_LESION,TabPFN-v2p5 🇩🇪,intfloat/e5-small-v2,0,img
tabpfnv2p5_MUL_IMAGE_HAM10000_LESION_non_0,2026-09-07T22:22:21.000Z,16,finished,0.8095318413192958,MUL_IMAGE_HAM10000_LESION,TabPFN-v2p5 🇩🇪,intfloat/e5-small-v2,0,non
tabpfnv2p5_MUL_IMAGE_HAM10000_LESION_all_0,2026-09-07T22:21:46.000Z,171,finished,0.959909959425701,MUL_IMAGE_HAM10000_LESION,TabPFN-v2p5 🇩🇪,intfloat/e5-small-v2,0,all
tabpfnv2_MUL_IMAGE_HAM10000_LESION_img_0,2026-09-07T22:21:10.000Z,201,finished,0.9541193043967064,MUL_IMAGE_HAM10000_LESION,TabPFN-v2 🤯,intfloat/e5-small-v2,0,img
tabpfnv2_MUL_IMAGE_HAM10000_LESION_non_0,2026-09-07T22:20:49.000Z,16,finished,0.7995648228468778,MUL_IMAGE_HAM10000_LESION,TabPFN-v2 🤯,intfloat/e5-small-v2,0,non
tabpfnv2_MUL_IMAGE_HAM10000_LESION_all_0,2026-09-07T22:19:13.000Z,183,finished,0.9569109863466896,MUL_IMAGE_HAM10000_LESION,TabPFN-v2 🤯,intfloat/e5-small-v2,0,all
tabm_MUL_IMAGE_HAM10000_LESION_img_0,2026-09-07T22:18:59.000Z,162,finished,0.9553694757974924,MUL_IMAGE_HAM10000_LESION,TabM Ⓜ️,intfloat/e5-small-v2,0,img
tabm_MUL_IMAGE_HAM10000_LESION_non_0,2026-09-07T22:18:52.000Z,16,finished,0.8056287640799986,MUL_IMAGE_HAM10000_LESION,TabM Ⓜ️,intfloat/e5-small-v2,0,non
tabm_MUL_IMAGE_HAM10000_LESION_all_0,2026-09-07T22:16:28.000Z,255,finished,0.9553856039951956,MUL_IMAGE_HAM10000_LESION,TabM Ⓜ️,intfloat/e5-small-v2,0,all
cat_MUL_IMAGE_HAM10000_LESION_img_0,2026-09-07T22:16:12.000Z,163,finished,0.9456976185861816,MUL_IMAGE_HAM10000_LESION,CatBoost 😸,intfloat/e5-small-v2,0,img
cat_MUL_IMAGE_HAM10000_LESION_non_0,2026-09-07T22:15:51.000Z,18,finished,0.801991505259629,MUL_IMAGE_HAM10000_LESION,CatBoost 😸,intfloat/e5-small-v2,0,non
cat_MUL_IMAGE_HAM10000_LESION_all_0,2026-09-07T22:15:49.000Z,177,finished,0.9514646678526538,MUL_IMAGE_HAM10000_LESION,CatBoost 😸,intfloat/e5-small-v2,0,all
light_MUL_IMAGE_HAM10000_LESION_img_0,2026-09-07T22:13:02.000Z,163,finished,0.9226228183144886,MUL_IMAGE_HAM10000_LESION,LightGBM 💡,intfloat/e5-small-v2,0,img
light_MUL_IMAGE_HAM10000_LESION_non_0,2026-09-07T22:12:46.000Z,13,finished,0.7701179007438069,MUL_IMAGE_HAM10000_LESION,LightGBM 💡,intfloat/e5-small-v2,0,non
light_MUL_IMAGE_HAM10000_LESION_all_0,2026-09-07T22:12:07.000Z,219,finished,0.9374278910289008,MUL_IMAGE_HAM10000_LESION,LightGBM 💡,intfloat/e5-small-v2,0,all
tabpfnv2p5_REG_IMAGE_GOIAS_HOUSES_img_4,2026-09-08T08:13:10.000Z,61,finished,0.7552289774768857,REG_IMAGE_GOIAS_HOUSES,TabPFN-v2p5 🇩🇪,intfloat/e5-small-v2,4,img
tabpfnv2p5_REG_IMAGE_GOIAS_HOUSES_non_4,2026-09-08T08:12:12.000Z,53,finished,0.9506250633822748,REG_IMAGE_GOIAS_HOUSES,TabPFN-v2p5 🇩🇪,intfloat/e5-small-v2,4,non
tabpfnv2p5_REG_IMAGE_GOIAS_HOUSES_all_4,2026-09-08T08:10:26.000Z,102,finished,0.9694855822054612,REG_IMAGE_GOIAS_HOUSES,TabPFN-v2p5 🇩🇪,intfloat/e5-small-v2,4,all
tabpfnv2_REG_IMAGE_GOIAS_HOUSES_img_4,2026-09-08T08:09:18.000Z,65,finished,0.643101423871836,REG_IMAGE_GOIAS_HOUSES,TabPFN-v2 🤯,intfloat/e5-small-v2,4,img
tabpfnv2_REG_IMAGE_GOIAS_HOUSES_non_4,2026-09-08T08:08:20.000Z,53,finished,0.931519437390517,REG_IMAGE_GOIAS_HOUSES,TabPFN-v2 🤯,intfloat/e5-small-v2,4,non
tabpfnv2_REG_IMAGE_GOIAS_HOUSES_all_4,2026-09-08T08:06:35.000Z,100,finished,0.9502809470492996,REG_IMAGE_GOIAS_HOUSES,TabPFN-v2 🤯,intfloat/e5-small-v2,4,all
tabm_REG_IMAGE_GOIAS_HOUSES_img_4,2026-09-08T08:05:16.000Z,73,finished,0.7227721977727889,REG_IMAGE_GOIAS_HOUSES,TabM Ⓜ️,intfloat/e5-small-v2,4,img
tabm_REG_IMAGE_GOIAS_HOUSES_non_4,2026-09-08T08:04:19.000Z,53,finished,0.9339294269724288,REG_IMAGE_GOIAS_HOUSES,TabM Ⓜ️,intfloat/e5-small-v2,4,non
tabm_REG_IMAGE_GOIAS_HOUSES_all_4,2026-09-08T08:02:34.000Z,100,finished,0.9529547129041518,REG_IMAGE_GOIAS_HOUSES,TabM Ⓜ️,intfloat/e5-small-v2,4,all
cat_REG_IMAGE_GOIAS_HOUSES_img_4,2026-09-08T08:01:31.000Z,60,finished,0.6840766841558927,REG_IMAGE_GOIAS_HOUSES,CatBoost 😸,intfloat/e5-small-v2,4,img
cat_REG_IMAGE_GOIAS_HOUSES_non_4,2026-09-08T08:00:31.000Z,57,finished,0.9365175984510706,REG_IMAGE_GOIAS_HOUSES,CatBoost 😸,intfloat/e5-small-v2,4,non
cat_REG_IMAGE_GOIAS_HOUSES_all_4,2026-09-08T07:58:41.000Z,105,finished,0.9536461648842176,REG_IMAGE_GOIAS_HOUSES,CatBoost 😸,intfloat/e5-small-v2,4,all
light_REG_IMAGE_GOIAS_HOUSES_img_4,2026-09-08T07:57:38.000Z,60,finished,0.589530928965998,REG_IMAGE_GOIAS_HOUSES,LightGBM 💡,intfloat/e5-small-v2,4,img
light_REG_IMAGE_GOIAS_HOUSES_non_4,2026-09-08T07:56:51.000Z,44,finished,0.9202384817094518,REG_IMAGE_GOIAS_HOUSES,LightGBM 💡,intfloat/e5-small-v2,4,non
light_REG_IMAGE_GOIAS_HOUSES_all_4,2026-09-08T07:55:22.000Z,85,finished,0.936880868655577,REG_IMAGE_GOIAS_HOUSES,LightGBM 💡,intfloat/e5-small-v2,4,all
tabpfnv2p5_REG_IMAGE_GOIAS_HOUSES_img_3,2026-09-08T07:54:19.000Z,56,finished,0.738658851945339,REG_IMAGE_GOIAS_HOUSES,TabPFN-v2p5 🇩🇪,intfloat/e5-small-v2,3,img
tabpfnv2p5_REG_IMAGE_GOIAS_HOUSES_non_3,2026-09-08T07:53:21.000Z,51,finished,0.9559712644473904,REG_IMAGE_GOIAS_HOUSES,TabPFN-v2p5 🇩🇪,intfloat/e5-small-v2,3,non
tabpfnv2p5_REG_IMAGE_GOIAS_HOUSES_all_3,2026-09-08T07:51:31.000Z,104,finished,0.96404989134278,REG_IMAGE_GOIAS_HOUSES,TabPFN-v2p5 🇩🇪,intfloat/e5-small-v2,3,all
tabpfnv2_REG_IMAGE_GOIAS_HOUSES_img_3,2026-09-08T07:50:28.000Z,60,finished,0.6417777929119275,REG_IMAGE_GOIAS_HOUSES,TabPFN-v2 🤯,intfloat/e5-small-v2,3,img
tabpfnv2_REG_IMAGE_GOIAS_HOUSES_non_3,2026-09-08T07:49:30.000Z,53,finished,0.9405071899305998,REG_IMAGE_GOIAS_HOUSES,TabPFN-v2 🤯,intfloat/e5-small-v2,3,non
tabpfnv2_REG_IMAGE_GOIAS_HOUSES_all_3,2026-09-08T07:47:45.000Z,102,finished,0.9501830851165792,REG_IMAGE_GOIAS_HOUSES,TabPFN-v2 🤯,intfloat/e5-small-v2,3,all
tabm_REG_IMAGE_GOIAS_HOUSES_img_3,2026-09-08T07:46:27.000Z,73,finished,0.7007010742356905,REG_IMAGE_GOIAS_HOUSES,TabM Ⓜ️,intfloat/e5-small-v2,3,img
tabm_REG_IMAGE_GOIAS_HOUSES_non_3,2026-09-08T07:45:28.000Z,53,finished,0.9492987878175784,REG_IMAGE_GOIAS_HOUSES,TabM Ⓜ️,intfloat/e5-small-v2,3,non
tabm_REG_IMAGE_GOIAS_HOUSES_all_3,2026-09-08T07:43:49.000Z,97,finished,0.9564048157076768,REG_IMAGE_GOIAS_HOUSES,TabM Ⓜ️,intfloat/e5-small-v2,3,all
cat_REG_IMAGE_GOIAS_HOUSES_img_3,2026-09-08T07:42:40.000Z,61,finished,0.664718333715071,REG_IMAGE_GOIAS_HOUSES,CatBoost 😸,intfloat/e5-small-v2,3,img
cat_REG_IMAGE_GOIAS_HOUSES_non_3,2026-09-08T07:41:37.000Z,57,finished,0.9342515388036364,REG_IMAGE_GOIAS_HOUSES,CatBoost 😸,intfloat/e5-small-v2,3,non
cat_REG_IMAGE_GOIAS_HOUSES_all_3,2026-09-08T07:39:36.000Z,116,finished,0.9499226017261844,REG_IMAGE_GOIAS_HOUSES,CatBoost 😸,intfloat/e5-small-v2,3,all
light_REG_IMAGE_GOIAS_HOUSES_img_3,2026-09-08T07:38:33.000Z,59,finished,0.559343144217914,REG_IMAGE_GOIAS_HOUSES,LightGBM 💡,intfloat/e5-small-v2,3,img
light_REG_IMAGE_GOIAS_HOUSES_non_3,2026-09-08T07:37:51.000Z,36,finished,0.923385272367978,REG_IMAGE_GOIAS_HOUSES,LightGBM 💡,intfloat/e5-small-v2,3,non
light_REG_IMAGE_GOIAS_HOUSES_all_3,2026-09-08T07:36:33.000Z,75,finished,0.9366639100848024,REG_IMAGE_GOIAS_HOUSES,LightGBM 💡,intfloat/e5-small-v2,3,all
tabpfnv2p5_REG_IMAGE_GOIAS_HOUSES_img_2,2026-09-08T07:35:25.000Z,61,finished,0.7333453803173577,REG_IMAGE_GOIAS_HOUSES,TabPFN-v2p5 🇩🇪,intfloat/e5-small-v2,2,img
tabpfnv2p5_REG_IMAGE_GOIAS_HOUSES_non_2,2026-09-08T07:34:37.000Z,43,finished,0.939499087006894,REG_IMAGE_GOIAS_HOUSES,TabPFN-v2p5 🇩🇪,intfloat/e5-small-v2,2,non
tabpfnv2p5_REG_IMAGE_GOIAS_HOUSES_all_2,2026-09-08T07:33:03.000Z,90,finished,0.9614724994564406,REG_IMAGE_GOIAS_HOUSES,TabPFN-v2p5 🇩🇪,intfloat/e5-small-v2,2,all
tabpfnv2_REG_IMAGE_GOIAS_HOUSES_img_2,2026-09-08T07:31:54.000Z,61,finished,0.6385679707969878,REG_IMAGE_GOIAS_HOUSES,TabPFN-v2 🤯,intfloat/e5-small-v2,2,img
tabpfnv2_REG_IMAGE_GOIAS_HOUSES_non_2,2026-09-08T07:31:07.000Z,43,finished,0.9113769847117574,REG_IMAGE_GOIAS_HOUSES,TabPFN-v2 🤯,intfloat/e5-small-v2,2,non
tabpfnv2_REG_IMAGE_GOIAS_HOUSES_all_2,2026-09-08T07:29:27.000Z,97,finished,0.9332251145244396,REG_IMAGE_GOIAS_HOUSES,TabPFN-v2 🤯,intfloat/e5-small-v2,2,all
tabm_REG_IMAGE_GOIAS_HOUSES_img_2,2026-09-08T07:28:14.000Z,68,finished,0.6912344484511217,REG_IMAGE_GOIAS_HOUSES,TabM Ⓜ️,intfloat/e5-small-v2,2,img
tabm_REG_IMAGE_GOIAS_HOUSES_non_2,2026-09-08T07:27:11.000Z,58,finished,0.9011752906345988,REG_IMAGE_GOIAS_HOUSES,TabM Ⓜ️,intfloat/e5-small-v2,2,non
tabm_REG_IMAGE_GOIAS_HOUSES_all_2,2026-09-08T07:25:36.000Z,91,finished,0.932830009754356,REG_IMAGE_GOIAS_HOUSES,TabM Ⓜ️,intfloat/e5-small-v2,2,all
cat_REG_IMAGE_GOIAS_HOUSES_img_2,2026-09-08T07:24:39.000Z,54,finished,0.6465843594403895,REG_IMAGE_GOIAS_HOUSES,CatBoost 😸,intfloat/e5-small-v2,2,img
cat_REG_IMAGE_GOIAS_HOUSES_non_2,2026-09-08T07:23:46.000Z,49,finished,0.9076211646642538,REG_IMAGE_GOIAS_HOUSES,CatBoost 😸,intfloat/e5-small-v2,2,non
cat_REG_IMAGE_GOIAS_HOUSES_all_2,2026-09-08T07:22:06.000Z,95,finished,0.9269918731767888,REG_IMAGE_GOIAS_HOUSES,CatBoost 😸,intfloat/e5-small-v2,2,all
light_REG_IMAGE_GOIAS_HOUSES_img_2,2026-09-08T07:21:09.000Z,52,finished,0.5619474409426876,REG_IMAGE_GOIAS_HOUSES,LightGBM 💡,intfloat/e5-small-v2,2,img
light_REG_IMAGE_GOIAS_HOUSES_non_2,2026-09-08T07:20:27.000Z,35,finished,0.8998281688909101,REG_IMAGE_GOIAS_HOUSES,LightGBM 💡,intfloat/e5-small-v2,2,non
light_REG_IMAGE_GOIAS_HOUSES_all_2,2026-09-08T07:19:03.000Z,79,finished,0.9213035135328236,REG_IMAGE_GOIAS_HOUSES,LightGBM 💡,intfloat/e5-small-v2,2,all
tabpfnv2p5_REG_IMAGE_GOIAS_HOUSES_img_1,2026-09-08T07:18:00.000Z,57,finished,0.7403291590440346,REG_IMAGE_GOIAS_HOUSES,TabPFN-v2p5 🇩🇪,intfloat/e5-small-v2,1,img
tabpfnv2p5_REG_IMAGE_GOIAS_HOUSES_non_1,2026-09-08T07:17:12.000Z,42,finished,0.9449144402580438,REG_IMAGE_GOIAS_HOUSES,TabPFN-v2p5 🇩🇪,intfloat/e5-small-v2,1,non
tabpfnv2p5_REG_IMAGE_GOIAS_HOUSES_all_1,2026-09-08T07:15:38.000Z,92,finished,0.9614358286830662,REG_IMAGE_GOIAS_HOUSES,TabPFN-v2p5 🇩🇪,intfloat/e5-small-v2,1,all
tabpfnv2_REG_IMAGE_GOIAS_HOUSES_img_1,2026-09-08T07:14:35.000Z,57,finished,0.6482366492816565,REG_IMAGE_GOIAS_HOUSES,TabPFN-v2 🤯,intfloat/e5-small-v2,1,img
tabpfnv2_REG_IMAGE_GOIAS_HOUSES_non_1,2026-09-08T07:13:48.000Z,43,finished,0.9278156513969874,REG_IMAGE_GOIAS_HOUSES,TabPFN-v2 🤯,intfloat/e5-small-v2,1,non
tabpfnv2_REG_IMAGE_GOIAS_HOUSES_all_1,2026-09-08T07:12:08.000Z,93,finished,0.942351734818403,REG_IMAGE_GOIAS_HOUSES,TabPFN-v2 🤯,intfloat/e5-small-v2,1,all
tabm_REG_IMAGE_GOIAS_HOUSES_img_1,2026-09-08T07:11:00.000Z,66,finished,0.7104627234274539,REG_IMAGE_GOIAS_HOUSES,TabM Ⓜ️,intfloat/e5-small-v2,1,img
tabm_REG_IMAGE_GOIAS_HOUSES_non_1,2026-09-08T07:09:57.000Z,56,finished,0.9395794853943734,REG_IMAGE_GOIAS_HOUSES,TabM Ⓜ️,intfloat/e5-small-v2,1,non
tabm_REG_IMAGE_GOIAS_HOUSES_all_1,2026-09-08T07:08:17.000Z,92,finished,0.9522398136120068,REG_IMAGE_GOIAS_HOUSES,TabM Ⓜ️,intfloat/e5-small-v2,1,all
cat_REG_IMAGE_GOIAS_HOUSES_img_1,2026-09-08T07:07:14.000Z,56,finished,0.6384535824276991,REG_IMAGE_GOIAS_HOUSES,CatBoost 😸,intfloat/e5-small-v2,1,img
cat_REG_IMAGE_GOIAS_HOUSES_non_1,2026-09-08T07:06:22.000Z,49,finished,0.9327435701050452,REG_IMAGE_GOIAS_HOUSES,CatBoost 😸,intfloat/e5-small-v2,1,non
cat_REG_IMAGE_GOIAS_HOUSES_all_1,2026-09-08T07:04:37.000Z,99,finished,0.9484010930579594,REG_IMAGE_GOIAS_HOUSES,CatBoost 😸,intfloat/e5-small-v2,1,all
light_REG_IMAGE_GOIAS_HOUSES_img_1,2026-09-08T07:03:38.000Z,54,finished,0.5589598674783165,REG_IMAGE_GOIAS_HOUSES,LightGBM 💡,intfloat/e5-small-v2,1,img
light_REG_IMAGE_GOIAS_HOUSES_non_1,2026-09-08T07:02:56.000Z,35,finished,0.9150914663657912,REG_IMAGE_GOIAS_HOUSES,LightGBM 💡,intfloat/e5-small-v2,1,non
light_REG_IMAGE_GOIAS_HOUSES_all_1,2026-09-08T07:01:32.000Z,77,finished,0.9314430302449568,REG_IMAGE_GOIAS_HOUSES,LightGBM 💡,intfloat/e5-small-v2,1,all
tabpfnv2p5_REG_IMAGE_GOIAS_HOUSES_img_0,2026-09-08T07:00:23.000Z,61,finished,0.709976131816345,REG_IMAGE_GOIAS_HOUSES,TabPFN-v2p5 🇩🇪,intfloat/e5-small-v2,0,img
tabpfnv2p5_REG_IMAGE_GOIAS_HOUSES_non_0,2026-09-08T06:59:36.000Z,42,finished,0.9510492679987668,REG_IMAGE_GOIAS_HOUSES,TabPFN-v2p5 🇩🇪,intfloat/e5-small-v2,0,non
tabpfnv2p5_REG_IMAGE_GOIAS_HOUSES_all_0,2026-09-08T06:58:02.000Z,90,finished,0.9583424605817474,REG_IMAGE_GOIAS_HOUSES,TabPFN-v2p5 🇩🇪,intfloat/e5-small-v2,0,all
tabpfnv2_REG_IMAGE_GOIAS_HOUSES_img_0,2026-09-08T06:56:53.000Z,63,finished,0.6060540206683926,REG_IMAGE_GOIAS_HOUSES,TabPFN-v2 🤯,intfloat/e5-small-v2,0,img
tabpfnv2_REG_IMAGE_GOIAS_HOUSES_non_0,2026-09-08T06:56:06.000Z,43,finished,0.9342057214519812,REG_IMAGE_GOIAS_HOUSES,TabPFN-v2 🤯,intfloat/e5-small-v2,0,non
tabpfnv2_REG_IMAGE_GOIAS_HOUSES_all_0,2026-09-08T06:54:32.000Z,89,finished,0.9486290222437744,REG_IMAGE_GOIAS_HOUSES,TabPFN-v2 🤯,intfloat/e5-small-v2,0,all
tabm_REG_IMAGE_GOIAS_HOUSES_img_0,2026-09-08T06:53:18.000Z,67,finished,0.6940544769695144,REG_IMAGE_GOIAS_HOUSES,TabM Ⓜ️,intfloat/e5-small-v2,0,img
tabm_REG_IMAGE_GOIAS_HOUSES_non_0,2026-09-08T06:52:20.000Z,55,finished,0.9448793706105254,REG_IMAGE_GOIAS_HOUSES,TabM Ⓜ️,intfloat/e5-small-v2,0,non
tabm_REG_IMAGE_GOIAS_HOUSES_all_0,2026-09-08T06:50:46.000Z,89,finished,0.9526018612459028,REG_IMAGE_GOIAS_HOUSES,TabM Ⓜ️,intfloat/e5-small-v2,0,all
cat_REG_IMAGE_GOIAS_HOUSES_img_0,2026-09-08T06:49:43.000Z,57,finished,0.6511340679444418,REG_IMAGE_GOIAS_HOUSES,CatBoost 😸,intfloat/e5-small-v2,0,img
cat_REG_IMAGE_GOIAS_HOUSES_non_0,2026-09-08T06:48:50.000Z,48,finished,0.9322905599661784,REG_IMAGE_GOIAS_HOUSES,CatBoost 😸,intfloat/e5-small-v2,0,non
cat_REG_IMAGE_GOIAS_HOUSES_all_0,2026-09-08T06:47:16.000Z,89,finished,0.9456977651746834,REG_IMAGE_GOIAS_HOUSES,CatBoost 😸,intfloat/e5-small-v2,0,all
light_REG_IMAGE_GOIAS_HOUSES_img_0,2026-09-08T06:46:18.000Z,53,finished,0.5745667918933539,REG_IMAGE_GOIAS_HOUSES,LightGBM 💡,intfloat/e5-small-v2,0,img
light_REG_IMAGE_GOIAS_HOUSES_non_0,2026-09-08T06:45:41.000Z,35,finished,0.9249562515810896,REG_IMAGE_GOIAS_HOUSES,LightGBM 💡,intfloat/e5-small-v2,0,non
light_REG_IMAGE_GOIAS_HOUSES_all_0,2026-09-08T06:44:07.000Z,90,finished,0.9339756936170632,REG_IMAGE_GOIAS_HOUSES,LightGBM 💡,intfloat/e5-small-v2,0,all
tabpfnv2p5_REG_IMAGE_TOKOPEDIA_WEIGHT_img_4,2026-09-08T14:16:30.000Z,83,finished,0.3974151208070174,REG_IMAGE_TOKOPEDIA_WEIGHT,TabPFN-v2p5 🇩🇪,intfloat/e5-small-v2,4,img
tabpfnv2p5_REG_IMAGE_TOKOPEDIA_WEIGHT_non_4,2026-09-08T14:15:38.000Z,46,finished,0.5481680386516204,REG_IMAGE_TOKOPEDIA_WEIGHT,TabPFN-v2p5 🇩🇪,intfloat/e5-small-v2,4,non
tabpfnv2p5_REG_IMAGE_TOKOPEDIA_WEIGHT_all_4,2026-09-08T14:13:41.000Z,114,finished,0.5582236119495554,REG_IMAGE_TOKOPEDIA_WEIGHT,TabPFN-v2p5 🇩🇪,intfloat/e5-small-v2,4,all
tabpfnv2_REG_IMAGE_TOKOPEDIA_WEIGHT_img_4,2026-09-08T14:12:10.000Z,83,finished,0.4183067872830485,REG_IMAGE_TOKOPEDIA_WEIGHT,TabPFN-v2 🤯,intfloat/e5-small-v2,4,img
tabpfnv2_REG_IMAGE_TOKOPEDIA_WEIGHT_non_4,2026-09-08T14:11:20.000Z,48,finished,0.566042014268892,REG_IMAGE_TOKOPEDIA_WEIGHT,TabPFN-v2 🤯,intfloat/e5-small-v2,4,non
tabpfnv2_REG_IMAGE_TOKOPEDIA_WEIGHT_all_4,2026-09-08T14:09:19.000Z,115,finished,0.5782131157646409,REG_IMAGE_TOKOPEDIA_WEIGHT,TabPFN-v2 🤯,intfloat/e5-small-v2,4,all
tabm_REG_IMAGE_TOKOPEDIA_WEIGHT_img_4,2026-09-08T14:07:56.000Z,79,finished,0.3696763076375418,REG_IMAGE_TOKOPEDIA_WEIGHT,TabM Ⓜ️,intfloat/e5-small-v2,4,img
tabm_REG_IMAGE_TOKOPEDIA_WEIGHT_non_4,2026-09-08T14:07:04.000Z,46,finished,0.4883189027319044,REG_IMAGE_TOKOPEDIA_WEIGHT,TabM Ⓜ️,intfloat/e5-small-v2,4,non
tabm_REG_IMAGE_TOKOPEDIA_WEIGHT_all_4,2026-09-08T14:05:07.000Z,113,finished,0.5766938352349089,REG_IMAGE_TOKOPEDIA_WEIGHT,TabM Ⓜ️,intfloat/e5-small-v2,4,all
cat_REG_IMAGE_TOKOPEDIA_WEIGHT_img_4,2026-09-08T14:03:45.000Z,78,finished,0.4162794321202245,REG_IMAGE_TOKOPEDIA_WEIGHT,CatBoost 😸,intfloat/e5-small-v2,4,img
cat_REG_IMAGE_TOKOPEDIA_WEIGHT_non_4,2026-09-08T14:02:50.000Z,50,finished,0.5395636647163141,REG_IMAGE_TOKOPEDIA_WEIGHT,CatBoost 😸,intfloat/e5-small-v2,4,non
cat_REG_IMAGE_TOKOPEDIA_WEIGHT_all_4,2026-09-08T14:00:54.000Z,113,finished,0.6006544408461768,REG_IMAGE_TOKOPEDIA_WEIGHT,CatBoost 😸,intfloat/e5-small-v2,4,all
light_REG_IMAGE_TOKOPEDIA_WEIGHT_img_4,2026-09-08T13:59:29.000Z,79,finished,0.3886719027638611,REG_IMAGE_TOKOPEDIA_WEIGHT,LightGBM 💡,intfloat/e5-small-v2,4,img
light_REG_IMAGE_TOKOPEDIA_WEIGHT_non_4,2026-09-08T13:58:42.000Z,42,finished,0.5046569787486835,REG_IMAGE_TOKOPEDIA_WEIGHT,LightGBM 💡,intfloat/e5-small-v2,4,non
light_REG_IMAGE_TOKOPEDIA_WEIGHT_all_4,2026-09-08T13:56:49.000Z,106,finished,0.5724878628785042,REG_IMAGE_TOKOPEDIA_WEIGHT,LightGBM 💡,intfloat/e5-small-v2,4,all
tabpfnv2p5_REG_IMAGE_TOKOPEDIA_WEIGHT_img_3,2026-09-08T13:55:20.000Z,83,finished,0.4216214591219309,REG_IMAGE_TOKOPEDIA_WEIGHT,TabPFN-v2p5 🇩🇪,intfloat/e5-small-v2,3,img
tabpfnv2p5_REG_IMAGE_TOKOPEDIA_WEIGHT_non_3,2026-09-08T13:54:28.000Z,45,finished,0.736557788153584,REG_IMAGE_TOKOPEDIA_WEIGHT,TabPFN-v2p5 🇩🇪,intfloat/e5-small-v2,3,non
tabpfnv2p5_REG_IMAGE_TOKOPEDIA_WEIGHT_all_3,2026-09-08T13:52:29.000Z,114,finished,0.7721808315913697,REG_IMAGE_TOKOPEDIA_WEIGHT,TabPFN-v2p5 🇩🇪,intfloat/e5-small-v2,3,all
tabpfnv2_REG_IMAGE_TOKOPEDIA_WEIGHT_img_3,2026-09-08T13:51:00.000Z,83,finished,0.4430840844527155,REG_IMAGE_TOKOPEDIA_WEIGHT,TabPFN-v2 🤯,intfloat/e5-small-v2,3,img
tabpfnv2_REG_IMAGE_TOKOPEDIA_WEIGHT_non_3,2026-09-08T13:50:07.000Z,47,finished,0.7214124360297975,REG_IMAGE_TOKOPEDIA_WEIGHT,TabPFN-v2 🤯,intfloat/e5-small-v2,3,non
tabpfnv2_REG_IMAGE_TOKOPEDIA_WEIGHT_all_3,2026-09-08T13:48:08.000Z,116,finished,0.7638613341335451,REG_IMAGE_TOKOPEDIA_WEIGHT,TabPFN-v2 🤯,intfloat/e5-small-v2,3,all
tabm_REG_IMAGE_TOKOPEDIA_WEIGHT_img_3,2026-09-08T13:46:43.000Z,80,finished,0.3570334110587467,REG_IMAGE_TOKOPEDIA_WEIGHT,TabM Ⓜ️,intfloat/e5-small-v2,3,img
tabm_REG_IMAGE_TOKOPEDIA_WEIGHT_non_3,2026-09-08T13:45:51.000Z,45,finished,0.6697742306269432,REG_IMAGE_TOKOPEDIA_WEIGHT,TabM Ⓜ️,intfloat/e5-small-v2,3,non
tabm_REG_IMAGE_TOKOPEDIA_WEIGHT_all_3,2026-09-08T13:43:53.000Z,112,finished,0.7302741442583629,REG_IMAGE_TOKOPEDIA_WEIGHT,TabM Ⓜ️,intfloat/e5-small-v2,3,all
cat_REG_IMAGE_TOKOPEDIA_WEIGHT_img_3,2026-09-08T13:42:29.000Z,80,finished,0.3441271109228648,REG_IMAGE_TOKOPEDIA_WEIGHT,CatBoost 😸,intfloat/e5-small-v2,3,img
cat_REG_IMAGE_TOKOPEDIA_WEIGHT_non_3,2026-09-08T13:41:34.000Z,49,finished,0.7177185044287698,REG_IMAGE_TOKOPEDIA_WEIGHT,CatBoost 😸,intfloat/e5-small-v2,3,non
cat_REG_IMAGE_TOKOPEDIA_WEIGHT_all_3,2026-09-08T13:39:33.000Z,116,finished,0.7438834098534428,REG_IMAGE_TOKOPEDIA_WEIGHT,CatBoost 😸,intfloat/e5-small-v2,3,all
light_REG_IMAGE_TOKOPEDIA_WEIGHT_img_3,2026-09-08T13:38:10.000Z,79,finished,0.298717706571031,REG_IMAGE_TOKOPEDIA_WEIGHT,LightGBM 💡,intfloat/e5-small-v2,3,img
light_REG_IMAGE_TOKOPEDIA_WEIGHT_non_3,2026-09-08T13:37:22.000Z,43,finished,0.6729924926815072,REG_IMAGE_TOKOPEDIA_WEIGHT,LightGBM 💡,intfloat/e5-small-v2,3,non
light_REG_IMAGE_TOKOPEDIA_WEIGHT_all_3,2026-09-08T13:35:32.000Z,108,finished,0.6873345850401726,REG_IMAGE_TOKOPEDIA_WEIGHT,LightGBM 💡,intfloat/e5-small-v2,3,all
tabpfnv2p5_REG_IMAGE_TOKOPEDIA_WEIGHT_img_2,2026-09-08T13:34:03.000Z,82,finished,0.3989346997510967,REG_IMAGE_TOKOPEDIA_WEIGHT,TabPFN-v2p5 🇩🇪,intfloat/e5-small-v2,2,img
tabpfnv2p5_REG_IMAGE_TOKOPEDIA_WEIGHT_non_2,2026-09-08T13:33:10.000Z,46,finished,0.7166947786847546,REG_IMAGE_TOKOPEDIA_WEIGHT,TabPFN-v2p5 🇩🇪,intfloat/e5-small-v2,2,non
tabpfnv2p5_REG_IMAGE_TOKOPEDIA_WEIGHT_all_2,2026-09-08T13:31:12.000Z,114,finished,0.7263359056997465,REG_IMAGE_TOKOPEDIA_WEIGHT,TabPFN-v2p5 🇩🇪,intfloat/e5-small-v2,2,all
tabpfnv2_REG_IMAGE_TOKOPEDIA_WEIGHT_img_2,2026-09-08T13:29:43.000Z,84,finished,0.4061507852280897,REG_IMAGE_TOKOPEDIA_WEIGHT,TabPFN-v2 🤯,intfloat/e5-small-v2,2,img
tabpfnv2_REG_IMAGE_TOKOPEDIA_WEIGHT_non_2,2026-09-08T13:28:50.000Z,47,finished,0.7293211855184197,REG_IMAGE_TOKOPEDIA_WEIGHT,TabPFN-v2 🤯,intfloat/e5-small-v2,2,non
tabpfnv2_REG_IMAGE_TOKOPEDIA_WEIGHT_all_2,2026-09-08T13:26:49.000Z,116,finished,0.724601895467295,REG_IMAGE_TOKOPEDIA_WEIGHT,TabPFN-v2 🤯,intfloat/e5-small-v2,2,all
tabm_REG_IMAGE_TOKOPEDIA_WEIGHT_img_2,2026-09-08T13:25:25.000Z,81,finished,0.3579011623699761,REG_IMAGE_TOKOPEDIA_WEIGHT,TabM Ⓜ️,intfloat/e5-small-v2,2,img
tabm_REG_IMAGE_TOKOPEDIA_WEIGHT_non_2,2026-09-08T13:24:38.000Z,45,finished,0.637055017406724,REG_IMAGE_TOKOPEDIA_WEIGHT,TabM Ⓜ️,intfloat/e5-small-v2,2,non
tabm_REG_IMAGE_TOKOPEDIA_WEIGHT_all_2,2026-09-08T13:22:43.000Z,108,finished,0.6618926464259238,REG_IMAGE_TOKOPEDIA_WEIGHT,TabM Ⓜ️,intfloat/e5-small-v2,2,all
cat_REG_IMAGE_TOKOPEDIA_WEIGHT_img_2,2026-09-08T13:21:19.000Z,80,finished,0.3431663484872856,REG_IMAGE_TOKOPEDIA_WEIGHT,CatBoost 😸,intfloat/e5-small-v2,2,img
cat_REG_IMAGE_TOKOPEDIA_WEIGHT_non_2,2026-09-08T13:20:26.000Z,50,finished,0.663734508931471,REG_IMAGE_TOKOPEDIA_WEIGHT,CatBoost 😸,intfloat/e5-small-v2,2,non
cat_REG_IMAGE_TOKOPEDIA_WEIGHT_all_2,2026-09-08T13:18:26.000Z,115,finished,0.6520774933270792,REG_IMAGE_TOKOPEDIA_WEIGHT,CatBoost 😸,intfloat/e5-small-v2,2,all
light_REG_IMAGE_TOKOPEDIA_WEIGHT_img_2,2026-09-08T13:17:02.000Z,78,finished,0.3143808386956906,REG_IMAGE_TOKOPEDIA_WEIGHT,LightGBM 💡,intfloat/e5-small-v2,2,img
light_REG_IMAGE_TOKOPEDIA_WEIGHT_non_2,2026-09-08T13:16:15.000Z,42,finished,0.6578316113927767,REG_IMAGE_TOKOPEDIA_WEIGHT,LightGBM 💡,intfloat/e5-small-v2,2,non
light_REG_IMAGE_TOKOPEDIA_WEIGHT_all_2,2026-09-08T13:14:25.000Z,106,finished,0.6289806613111095,REG_IMAGE_TOKOPEDIA_WEIGHT,LightGBM 💡,intfloat/e5-small-v2,2,all
tabpfnv2p5_REG_IMAGE_TOKOPEDIA_WEIGHT_img_1,2026-09-08T13:12:56.000Z,83,finished,0.6473971189544707,REG_IMAGE_TOKOPEDIA_WEIGHT,TabPFN-v2p5 🇩🇪,intfloat/e5-small-v2,1,img
tabpfnv2p5_REG_IMAGE_TOKOPEDIA_WEIGHT_non_1,2026-09-08T13:12:03.000Z,45,finished,0.759061846252697,REG_IMAGE_TOKOPEDIA_WEIGHT,TabPFN-v2p5 🇩🇪,intfloat/e5-small-v2,1,non
tabpfnv2p5_REG_IMAGE_TOKOPEDIA_WEIGHT_all_1,2026-09-08T13:10:02.000Z,116,finished,0.8153488870972228,REG_IMAGE_TOKOPEDIA_WEIGHT,TabPFN-v2p5 🇩🇪,intfloat/e5-small-v2,1,all
tabpfnv2_REG_IMAGE_TOKOPEDIA_WEIGHT_img_1,2026-09-08T13:08:33.000Z,84,finished,0.6558532958013823,REG_IMAGE_TOKOPEDIA_WEIGHT,TabPFN-v2 🤯,intfloat/e5-small-v2,1,img
tabpfnv2_REG_IMAGE_TOKOPEDIA_WEIGHT_non_1,2026-09-08T13:07:40.000Z,47,finished,0.7647819439593149,REG_IMAGE_TOKOPEDIA_WEIGHT,TabPFN-v2 🤯,intfloat/e5-small-v2,1,non
tabpfnv2_REG_IMAGE_TOKOPEDIA_WEIGHT_all_1,2026-09-08T13:05:40.000Z,117,finished,0.8073266302468503,REG_IMAGE_TOKOPEDIA_WEIGHT,TabPFN-v2 🤯,intfloat/e5-small-v2,1,all
tabm_REG_IMAGE_TOKOPEDIA_WEIGHT_img_1,2026-09-08T13:04:16.000Z,80,finished,0.5630337920926733,REG_IMAGE_TOKOPEDIA_WEIGHT,TabM Ⓜ️,intfloat/e5-small-v2,1,img
tabm_REG_IMAGE_TOKOPEDIA_WEIGHT_non_1,2026-09-08T13:03:29.000Z,44,finished,0.6463307875266708,REG_IMAGE_TOKOPEDIA_WEIGHT,TabM Ⓜ️,intfloat/e5-small-v2,1,non
tabm_REG_IMAGE_TOKOPEDIA_WEIGHT_all_1,2026-09-08T13:01:33.000Z,111,finished,0.7837184257277783,REG_IMAGE_TOKOPEDIA_WEIGHT,TabM Ⓜ️,intfloat/e5-small-v2,1,all
cat_REG_IMAGE_TOKOPEDIA_WEIGHT_img_1,2026-09-08T13:00:09.000Z,81,finished,0.6306986570810393,REG_IMAGE_TOKOPEDIA_WEIGHT,CatBoost 😸,intfloat/e5-small-v2,1,img
cat_REG_IMAGE_TOKOPEDIA_WEIGHT_non_1,2026-09-08T12:59:16.000Z,50,finished,0.7619351306981657,REG_IMAGE_TOKOPEDIA_WEIGHT,CatBoost 😸,intfloat/e5-small-v2,1,non
cat_REG_IMAGE_TOKOPEDIA_WEIGHT_all_1,2026-09-08T12:57:15.000Z,116,finished,0.8330054220482637,REG_IMAGE_TOKOPEDIA_WEIGHT,CatBoost 😸,intfloat/e5-small-v2,1,all
light_REG_IMAGE_TOKOPEDIA_WEIGHT_img_1,2026-09-08T12:55:52.000Z,80,finished,0.610597065423291,REG_IMAGE_TOKOPEDIA_WEIGHT,LightGBM 💡,intfloat/e5-small-v2,1,img
light_REG_IMAGE_TOKOPEDIA_WEIGHT_non_1,2026-09-08T12:55:04.000Z,42,finished,0.7168398003531748,REG_IMAGE_TOKOPEDIA_WEIGHT,LightGBM 💡,intfloat/e5-small-v2,1,non
light_REG_IMAGE_TOKOPEDIA_WEIGHT_all_1,2026-09-08T12:53:14.000Z,107,finished,0.8059027081525336,REG_IMAGE_TOKOPEDIA_WEIGHT,LightGBM 💡,intfloat/e5-small-v2,1,all
tabpfnv2p5_REG_IMAGE_TOKOPEDIA_WEIGHT_img_0,2026-09-08T12:51:45.000Z,84,finished,0.4145068853471254,REG_IMAGE_TOKOPEDIA_WEIGHT,TabPFN-v2p5 🇩🇪,intfloat/e5-small-v2,0,img
tabpfnv2p5_REG_IMAGE_TOKOPEDIA_WEIGHT_non_0,2026-09-08T12:50:53.000Z,46,finished,0.5901665706590833,REG_IMAGE_TOKOPEDIA_WEIGHT,TabPFN-v2p5 🇩🇪,intfloat/e5-small-v2,0,non
tabpfnv2p5_REG_IMAGE_TOKOPEDIA_WEIGHT_all_0,2026-09-08T12:48:52.000Z,115,finished,0.6863466400790619,REG_IMAGE_TOKOPEDIA_WEIGHT,TabPFN-v2p5 🇩🇪,intfloat/e5-small-v2,0,all
tabpfnv2_REG_IMAGE_TOKOPEDIA_WEIGHT_img_0,2026-09-08T12:47:23.000Z,84,finished,0.4116986321573014,REG_IMAGE_TOKOPEDIA_WEIGHT,TabPFN-v2 🤯,intfloat/e5-small-v2,0,img
tabpfnv2_REG_IMAGE_TOKOPEDIA_WEIGHT_non_0,2026-09-08T12:46:30.000Z,48,finished,0.6122100795203407,REG_IMAGE_TOKOPEDIA_WEIGHT,TabPFN-v2 🤯,intfloat/e5-small-v2,0,non
tabpfnv2_REG_IMAGE_TOKOPEDIA_WEIGHT_all_0,2026-09-08T12:44:29.000Z,117,finished,0.6925235096571005,REG_IMAGE_TOKOPEDIA_WEIGHT,TabPFN-v2 🤯,intfloat/e5-small-v2,0,all
tabm_REG_IMAGE_TOKOPEDIA_WEIGHT_img_0,2026-09-08T12:43:00.000Z,82,finished,0.3079767219582403,REG_IMAGE_TOKOPEDIA_WEIGHT,TabM Ⓜ️,intfloat/e5-small-v2,0,img
tabm_REG_IMAGE_TOKOPEDIA_WEIGHT_non_0,2026-09-08T12:42:13.000Z,45,finished,0.3647278134094438,REG_IMAGE_TOKOPEDIA_WEIGHT,TabM Ⓜ️,intfloat/e5-small-v2,0,non
tabm_REG_IMAGE_TOKOPEDIA_WEIGHT_all_0,2026-09-08T12:40:17.000Z,109,finished,0.5757969962703027,REG_IMAGE_TOKOPEDIA_WEIGHT,TabM Ⓜ️,intfloat/e5-small-v2,0,all
cat_REG_IMAGE_TOKOPEDIA_WEIGHT_img_0,2026-09-08T12:38:53.000Z,80,finished,0.3404024968848336,REG_IMAGE_TOKOPEDIA_WEIGHT,CatBoost 😸,intfloat/e5-small-v2,0,img
cat_REG_IMAGE_TOKOPEDIA_WEIGHT_non_0,2026-09-08T12:38:00.000Z,50,finished,0.587280691223993,REG_IMAGE_TOKOPEDIA_WEIGHT,CatBoost 😸,intfloat/e5-small-v2,0,non
cat_REG_IMAGE_TOKOPEDIA_WEIGHT_all_0,2026-09-08T12:35:59.000Z,115,finished,0.6416769628910934,REG_IMAGE_TOKOPEDIA_WEIGHT,CatBoost 😸,intfloat/e5-small-v2,0,all
light_REG_IMAGE_TOKOPEDIA_WEIGHT_img_0,2026-09-08T12:34:34.000Z,79,finished,0.2957567681759392,REG_IMAGE_TOKOPEDIA_WEIGHT,LightGBM 💡,intfloat/e5-small-v2,0,img
light_REG_IMAGE_TOKOPEDIA_WEIGHT_non_0,2026-09-08T12:33:47.000Z,42,finished,0.508712243683927,REG_IMAGE_TOKOPEDIA_WEIGHT,LightGBM 💡,intfloat/e5-small-v2,0,non
light_REG_IMAGE_TOKOPEDIA_WEIGHT_all_0,2026-09-08T12:31:57.000Z,108,finished,0.5607573204125236,REG_IMAGE_TOKOPEDIA_WEIGHT,LightGBM 💡,intfloat/e5-small-v2,0,all
tabpfnv2p5_REG_IMAGE_KAMERNET_SIZE_img_4,2026-09-08T14:50:48.000Z,20,finished,0.2505214601342697,REG_IMAGE_KAMERNET_SIZE,TabPFN-v2p5 🇩🇪,intfloat/e5-small-v2,4,img
tabpfnv2p5_REG_IMAGE_KAMERNET_SIZE_non_4,2026-09-08T14:49:34.000Z,67,finished,0.5448636828246429,REG_IMAGE_KAMERNET_SIZE,TabPFN-v2p5 🇩🇪,intfloat/e5-small-v2,4,non
tabpfnv2p5_REG_IMAGE_KAMERNET_SIZE_all_4,2026-09-08T14:48:16.000Z,72,finished,0.5765958895415324,REG_IMAGE_KAMERNET_SIZE,TabPFN-v2p5 🇩🇪,intfloat/e5-small-v2,4,all
tabpfnv2_REG_IMAGE_KAMERNET_SIZE_img_4,2026-09-08T14:47:49.000Z,20,finished,0.2597322820883693,REG_IMAGE_KAMERNET_SIZE,TabPFN-v2 🤯,intfloat/e5-small-v2,4,img
tabpfnv2_REG_IMAGE_KAMERNET_SIZE_non_4,2026-09-08T14:46:36.000Z,70,finished,0.5426167994549413,REG_IMAGE_KAMERNET_SIZE,TabPFN-v2 🤯,intfloat/e5-small-v2,4,non
tabpfnv2_REG_IMAGE_KAMERNET_SIZE_all_4,2026-09-08T14:45:17.000Z,76,finished,0.5710858748632928,REG_IMAGE_KAMERNET_SIZE,TabPFN-v2 🤯,intfloat/e5-small-v2,4,all
tabm_REG_IMAGE_KAMERNET_SIZE_img_4,2026-09-08T14:44:56.000Z,19,finished,0.2285937009309889,REG_IMAGE_KAMERNET_SIZE,TabM Ⓜ️,intfloat/e5-small-v2,4,img
tabm_REG_IMAGE_KAMERNET_SIZE_non_4,2026-09-08T14:43:48.000Z,62,finished,0.5674803931812514,REG_IMAGE_KAMERNET_SIZE,TabM Ⓜ️,intfloat/e5-small-v2,4,non
tabm_REG_IMAGE_KAMERNET_SIZE_all_4,2026-09-08T14:42:34.000Z,69,finished,0.579635405479191,REG_IMAGE_KAMERNET_SIZE,TabM Ⓜ️,intfloat/e5-small-v2,4,all
cat_REG_IMAGE_KAMERNET_SIZE_img_4,2026-09-08T14:42:08.000Z,19,finished,0.2393084185863268,REG_IMAGE_KAMERNET_SIZE,CatBoost 😸,intfloat/e5-small-v2,4,img
cat_REG_IMAGE_KAMERNET_SIZE_non_4,2026-09-08T14:40:39.000Z,84,finished,0.5114054491277243,REG_IMAGE_KAMERNET_SIZE,CatBoost 😸,intfloat/e5-small-v2,4,non
cat_REG_IMAGE_KAMERNET_SIZE_all_4,2026-09-08T14:39:05.000Z,89,finished,0.5402319163727156,REG_IMAGE_KAMERNET_SIZE,CatBoost 😸,intfloat/e5-small-v2,4,all
light_REG_IMAGE_KAMERNET_SIZE_img_4,2026-09-08T14:38:44.000Z,18,finished,0.2667839141004837,REG_IMAGE_KAMERNET_SIZE,LightGBM 💡,intfloat/e5-small-v2,4,img
light_REG_IMAGE_KAMERNET_SIZE_non_4,2026-09-08T14:37:41.000Z,59,finished,0.5028320059198284,REG_IMAGE_KAMERNET_SIZE,LightGBM 💡,intfloat/e5-small-v2,4,non
light_REG_IMAGE_KAMERNET_SIZE_all_4,2026-09-08T14:36:27.000Z,67,finished,0.5403414022124289,REG_IMAGE_KAMERNET_SIZE,LightGBM 💡,intfloat/e5-small-v2,4,all
tabpfnv2p5_REG_IMAGE_KAMERNET_SIZE_img_3,2026-09-08T14:36:01.000Z,20,finished,0.1458550487578492,REG_IMAGE_KAMERNET_SIZE,TabPFN-v2p5 🇩🇪,intfloat/e5-small-v2,3,img
tabpfnv2p5_REG_IMAGE_KAMERNET_SIZE_non_3,2026-09-08T14:34:53.000Z,66,finished,0.511004347298389,REG_IMAGE_KAMERNET_SIZE,TabPFN-v2p5 🇩🇪,intfloat/e5-small-v2,3,non
tabpfnv2p5_REG_IMAGE_KAMERNET_SIZE_all_3,2026-09-08T14:33:34.000Z,76,finished,0.5043411622746156,REG_IMAGE_KAMERNET_SIZE,TabPFN-v2p5 🇩🇪,intfloat/e5-small-v2,3,all
tabpfnv2_REG_IMAGE_KAMERNET_SIZE_img_3,2026-09-08T14:33:07.000Z,22,finished,0.1470011402159818,REG_IMAGE_KAMERNET_SIZE,TabPFN-v2 🤯,intfloat/e5-small-v2,3,img
tabpfnv2_REG_IMAGE_KAMERNET_SIZE_non_3,2026-09-08T14:31:33.000Z,91,finished,0.4839325454572003,REG_IMAGE_KAMERNET_SIZE,TabPFN-v2 🤯,intfloat/e5-small-v2,3,non
tabpfnv2_REG_IMAGE_KAMERNET_SIZE_all_3,2026-09-08T14:30:08.000Z,80,finished,0.4845539534260908,REG_IMAGE_KAMERNET_SIZE,TabPFN-v2 🤯,intfloat/e5-small-v2,3,all
tabm_REG_IMAGE_KAMERNET_SIZE_img_3,2026-09-08T14:29:42.000Z,20,finished,0.0771177238982979,REG_IMAGE_KAMERNET_SIZE,TabM Ⓜ️,intfloat/e5-small-v2,3,img
tabm_REG_IMAGE_KAMERNET_SIZE_non_3,2026-09-08T14:28:34.000Z,64,finished,0.4825074966958691,REG_IMAGE_KAMERNET_SIZE,TabM Ⓜ️,intfloat/e5-small-v2,3,non
tabm_REG_IMAGE_KAMERNET_SIZE_all_3,2026-09-08T14:27:15.000Z,71,finished,0.4475955467487994,REG_IMAGE_KAMERNET_SIZE,TabM Ⓜ️,intfloat/e5-small-v2,3,all
cat_REG_IMAGE_KAMERNET_SIZE_img_3,2026-09-08T14:26:48.000Z,21,finished,0.1508121701097895,REG_IMAGE_KAMERNET_SIZE,CatBoost 😸,intfloat/e5-small-v2,3,img
cat_REG_IMAGE_KAMERNET_SIZE_non_3,2026-09-08T14:25:19.000Z,84,finished,0.4821162864936734,REG_IMAGE_KAMERNET_SIZE,CatBoost 😸,intfloat/e5-small-v2,3,non
cat_REG_IMAGE_KAMERNET_SIZE_all_3,2026-09-08T14:23:45.000Z,91,finished,0.4376446805927699,REG_IMAGE_KAMERNET_SIZE,CatBoost 😸,intfloat/e5-small-v2,3,all
light_REG_IMAGE_KAMERNET_SIZE_img_3,2026-09-08T14:23:23.000Z,20,finished,0.0774142676421083,REG_IMAGE_KAMERNET_SIZE,LightGBM 💡,intfloat/e5-small-v2,3,img
light_REG_IMAGE_KAMERNET_SIZE_non_3,2026-09-08T14:22:21.000Z,59,finished,0.4502491861369946,REG_IMAGE_KAMERNET_SIZE,LightGBM 💡,intfloat/e5-small-v2,3,non
light_REG_IMAGE_KAMERNET_SIZE_all_3,2026-09-08T14:21:13.000Z,65,finished,0.4001307667430289,REG_IMAGE_KAMERNET_SIZE,LightGBM 💡,intfloat/e5-small-v2,3,all
tabpfnv2p5_REG_IMAGE_KAMERNET_SIZE_img_2,2026-09-08T14:20:46.000Z,20,finished,0.1168895812784136,REG_IMAGE_KAMERNET_SIZE,TabPFN-v2p5 🇩🇪,intfloat/e5-small-v2,2,img
tabpfnv2p5_REG_IMAGE_KAMERNET_SIZE_non_2,2026-09-08T14:19:38.000Z,65,finished,0.2959334925212039,REG_IMAGE_KAMERNET_SIZE,TabPFN-v2p5 🇩🇪,intfloat/e5-small-v2,2,non
tabpfnv2p5_REG_IMAGE_KAMERNET_SIZE_all_2,2026-09-08T14:18:19.000Z,73,finished,0.2929099310543982,REG_IMAGE_KAMERNET_SIZE,TabPFN-v2p5 🇩🇪,intfloat/e5-small-v2,2,all
tabpfnv2_REG_IMAGE_KAMERNET_SIZE_img_2,2026-09-08T14:17:53.000Z,20,finished,0.126740807846146,REG_IMAGE_KAMERNET_SIZE,TabPFN-v2 🤯,intfloat/e5-small-v2,2,img
tabpfnv2_REG_IMAGE_KAMERNET_SIZE_non_2,2026-09-08T14:16:40.000Z,68,finished,0.2832342768012271,REG_IMAGE_KAMERNET_SIZE,TabPFN-v2 🤯,intfloat/e5-small-v2,2,non
tabpfnv2_REG_IMAGE_KAMERNET_SIZE_all_2,2026-09-08T14:15:16.000Z,77,finished,0.2945910555058606,REG_IMAGE_KAMERNET_SIZE,TabPFN-v2 🤯,intfloat/e5-small-v2,2,all
tabm_REG_IMAGE_KAMERNET_SIZE_img_2,2026-09-08T14:14:49.000Z,20,finished,0.0934285799400537,REG_IMAGE_KAMERNET_SIZE,TabM Ⓜ️,intfloat/e5-small-v2,2,img
tabm_REG_IMAGE_KAMERNET_SIZE_non_2,2026-09-08T14:13:46.000Z,61,finished,0.2582520284009584,REG_IMAGE_KAMERNET_SIZE,TabM Ⓜ️,intfloat/e5-small-v2,2,non
tabm_REG_IMAGE_KAMERNET_SIZE_all_2,2026-09-08T14:12:32.000Z,67,finished,0.2674328869602653,REG_IMAGE_KAMERNET_SIZE,TabM Ⓜ️,intfloat/e5-small-v2,2,all
cat_REG_IMAGE_KAMERNET_SIZE_img_2,2026-09-08T14:12:06.000Z,20,finished,0.1003892555056349,REG_IMAGE_KAMERNET_SIZE,CatBoost 😸,intfloat/e5-small-v2,2,img
cat_REG_IMAGE_KAMERNET_SIZE_non_2,2026-09-08T14:10:37.000Z,84,finished,0.2808862943597382,REG_IMAGE_KAMERNET_SIZE,CatBoost 😸,intfloat/e5-small-v2,2,non
cat_REG_IMAGE_KAMERNET_SIZE_all_2,2026-09-08T14:09:01.000Z,91,finished,0.3112674926545196,REG_IMAGE_KAMERNET_SIZE,CatBoost 😸,intfloat/e5-small-v2,2,all
light_REG_IMAGE_KAMERNET_SIZE_img_2,2026-09-08T14:08:40.000Z,18,finished,0.0762293063089997,REG_IMAGE_KAMERNET_SIZE,LightGBM 💡,intfloat/e5-small-v2,2,img
light_REG_IMAGE_KAMERNET_SIZE_non_2,2026-09-08T14:07:37.000Z,60,finished,0.2630773565913364,REG_IMAGE_KAMERNET_SIZE,LightGBM 💡,intfloat/e5-small-v2,2,non
light_REG_IMAGE_KAMERNET_SIZE_all_2,2026-09-08T14:06:28.000Z,66,finished,0.3043294211548281,REG_IMAGE_KAMERNET_SIZE,LightGBM 💡,intfloat/e5-small-v2,2,all
tabpfnv2p5_REG_IMAGE_KAMERNET_SIZE_img_1,2026-09-08T14:06:02.000Z,20,finished,0.1465090179251778,REG_IMAGE_KAMERNET_SIZE,TabPFN-v2p5 🇩🇪,intfloat/e5-small-v2,1,img
tabpfnv2p5_REG_IMAGE_KAMERNET_SIZE_non_1,2026-09-08T14:04:54.000Z,64,finished,0.4180789469882877,REG_IMAGE_KAMERNET_SIZE,TabPFN-v2p5 🇩🇪,intfloat/e5-small-v2,1,non
tabpfnv2p5_REG_IMAGE_KAMERNET_SIZE_all_1,2026-09-08T14:03:40.000Z,72,finished,0.4337939901118813,REG_IMAGE_KAMERNET_SIZE,TabPFN-v2p5 🇩🇪,intfloat/e5-small-v2,1,all
tabpfnv2_REG_IMAGE_KAMERNET_SIZE_img_1,2026-09-08T14:03:13.000Z,21,finished,0.1328731396725708,REG_IMAGE_KAMERNET_SIZE,TabPFN-v2 🤯,intfloat/e5-small-v2,1,img
tabpfnv2_REG_IMAGE_KAMERNET_SIZE_non_1,2026-09-08T14:01:57.000Z,70,finished,0.4257849000716082,REG_IMAGE_KAMERNET_SIZE,TabPFN-v2 🤯,intfloat/e5-small-v2,1,non
tabpfnv2_REG_IMAGE_KAMERNET_SIZE_all_1,2026-09-08T14:00:33.000Z,77,finished,0.4545556888679135,REG_IMAGE_KAMERNET_SIZE,TabPFN-v2 🤯,intfloat/e5-small-v2,1,all
tabm_REG_IMAGE_KAMERNET_SIZE_img_1,2026-09-08T14:00:12.000Z,19,finished,0.0925885629267692,REG_IMAGE_KAMERNET_SIZE,TabM Ⓜ️,intfloat/e5-small-v2,1,img
tabm_REG_IMAGE_KAMERNET_SIZE_non_1,2026-09-08T13:59:08.000Z,61,finished,0.3878249676006098,REG_IMAGE_KAMERNET_SIZE,TabM Ⓜ️,intfloat/e5-small-v2,1,non
tabm_REG_IMAGE_KAMERNET_SIZE_all_1,2026-09-08T13:57:55.000Z,67,finished,0.4424180779583215,REG_IMAGE_KAMERNET_SIZE,TabM Ⓜ️,intfloat/e5-small-v2,1,all
cat_REG_IMAGE_KAMERNET_SIZE_img_1,2026-09-08T13:57:34.000Z,19,finished,0.1051284049536158,REG_IMAGE_KAMERNET_SIZE,CatBoost 😸,intfloat/e5-small-v2,1,img
cat_REG_IMAGE_KAMERNET_SIZE_non_1,2026-09-08T13:56:20.000Z,71,finished,0.39290079240966,REG_IMAGE_KAMERNET_SIZE,CatBoost 😸,intfloat/e5-small-v2,1,non
cat_REG_IMAGE_KAMERNET_SIZE_all_1,2026-09-08T13:55:02.000Z,74,finished,0.4172299691085624,REG_IMAGE_KAMERNET_SIZE,CatBoost 😸,intfloat/e5-small-v2,1,all
light_REG_IMAGE_KAMERNET_SIZE_img_1,2026-09-08T13:54:41.000Z,19,finished,0.046888229168125,REG_IMAGE_KAMERNET_SIZE,LightGBM 💡,intfloat/e5-small-v2,1,img
light_REG_IMAGE_KAMERNET_SIZE_non_1,2026-09-08T13:53:38.000Z,60,finished,0.3519559837806363,REG_IMAGE_KAMERNET_SIZE,LightGBM 💡,intfloat/e5-small-v2,1,non
light_REG_IMAGE_KAMERNET_SIZE_all_1,2026-09-08T13:52:25.000Z,66,finished,0.396031619263429,REG_IMAGE_KAMERNET_SIZE,LightGBM 💡,intfloat/e5-small-v2,1,all
tabpfnv2p5_REG_IMAGE_KAMERNET_SIZE_img_0,2026-09-08T13:51:58.000Z,21,finished,0.133126847622984,REG_IMAGE_KAMERNET_SIZE,TabPFN-v2p5 🇩🇪,intfloat/e5-small-v2,0,img
tabpfnv2p5_REG_IMAGE_KAMERNET_SIZE_non_0,2026-09-08T13:50:49.000Z,65,finished,0.5868930622433318,REG_IMAGE_KAMERNET_SIZE,TabPFN-v2p5 🇩🇪,intfloat/e5-small-v2,0,non
tabpfnv2p5_REG_IMAGE_KAMERNET_SIZE_all_0,2026-09-08T13:49:30.000Z,73,finished,0.5941392330884521,REG_IMAGE_KAMERNET_SIZE,TabPFN-v2p5 🇩🇪,intfloat/e5-small-v2,0,all
tabpfnv2_REG_IMAGE_KAMERNET_SIZE_img_0,2026-09-08T13:49:04.000Z,20,finished,0.1159000407554932,REG_IMAGE_KAMERNET_SIZE,TabPFN-v2 🤯,intfloat/e5-small-v2,0,img
tabpfnv2_REG_IMAGE_KAMERNET_SIZE_non_0,2026-09-08T13:47:50.000Z,71,finished,0.5725490169414309,REG_IMAGE_KAMERNET_SIZE,TabPFN-v2 🤯,intfloat/e5-small-v2,0,non
tabpfnv2_REG_IMAGE_KAMERNET_SIZE_all_0,2026-09-08T13:46:31.000Z,76,finished,0.5902699820734855,REG_IMAGE_KAMERNET_SIZE,TabPFN-v2 🤯,intfloat/e5-small-v2,0,all
tabm_REG_IMAGE_KAMERNET_SIZE_img_0,2026-09-08T13:46:10.000Z,19,finished,0.0685521703346947,REG_IMAGE_KAMERNET_SIZE,TabM Ⓜ️,intfloat/e5-small-v2,0,img
tabm_REG_IMAGE_KAMERNET_SIZE_non_0,2026-09-08T13:45:06.000Z,61,finished,0.553343616492248,REG_IMAGE_KAMERNET_SIZE,TabM Ⓜ️,intfloat/e5-small-v2,0,non
tabm_REG_IMAGE_KAMERNET_SIZE_all_0,2026-09-08T13:43:53.000Z,67,finished,0.5547793321659111,REG_IMAGE_KAMERNET_SIZE,TabM Ⓜ️,intfloat/e5-small-v2,0,all
cat_REG_IMAGE_KAMERNET_SIZE_img_0,2026-09-08T13:43:31.000Z,20,finished,0.0898207948460252,REG_IMAGE_KAMERNET_SIZE,CatBoost 😸,intfloat/e5-small-v2,0,img
cat_REG_IMAGE_KAMERNET_SIZE_non_0,2026-09-08T13:42:12.000Z,76,finished,0.4821548134137348,REG_IMAGE_KAMERNET_SIZE,CatBoost 😸,intfloat/e5-small-v2,0,non
cat_REG_IMAGE_KAMERNET_SIZE_all_0,2026-09-08T13:40:54.000Z,72,finished,0.5208273025232943,REG_IMAGE_KAMERNET_SIZE,CatBoost 😸,intfloat/e5-small-v2,0,all
light_REG_IMAGE_KAMERNET_SIZE_img_0,2026-09-08T13:40:33.000Z,19,finished,-0.066341006597564,REG_IMAGE_KAMERNET_SIZE,LightGBM 💡,intfloat/e5-small-v2,0,img
light_REG_IMAGE_KAMERNET_SIZE_non_0,2026-09-08T13:39:30.000Z,59,finished,0.5135597484289248,REG_IMAGE_KAMERNET_SIZE,LightGBM 💡,intfloat/e5-small-v2,0,non
light_REG_IMAGE_KAMERNET_SIZE_all_0,2026-09-08T13:38:17.000Z,69,finished,0.5251619466006505,REG_IMAGE_KAMERNET_SIZE,LightGBM 💡,intfloat/e5-small-v2,0,all
tabm_REG_IMAGE_SAO_PAULO_HOUSES_non_4,2026-09-08T16:44:03.000Z,63,finished,0.8486929232113077,REG_IMAGE_SAO_PAULO_HOUSES,TabM Ⓜ️,intfloat/e5-small-v2,4,non
tabm_REG_IMAGE_SAO_PAULO_HOUSES_all_4,2026-09-08T16:40:21.000Z,210,finished,0.8694343704934893,REG_IMAGE_SAO_PAULO_HOUSES,TabM Ⓜ️,intfloat/e5-small-v2,4,all
tabpfnv2p5_REG_IMAGE_SAO_PAULO_HOUSES_img_4,2026-09-08T15:06:19.000Z,146,finished,0.4650760907360538,REG_IMAGE_SAO_PAULO_HOUSES,TabPFN-v2p5 🇩🇪,intfloat/e5-small-v2,4,img
tabpfnv2p5_REG_IMAGE_SAO_PAULO_HOUSES_non_4,2026-09-08T15:05:09.000Z,62,finished,0.8658428859278621,REG_IMAGE_SAO_PAULO_HOUSES,TabPFN-v2p5 🇩🇪,intfloat/e5-small-v2,4,non
tabpfnv2p5_REG_IMAGE_SAO_PAULO_HOUSES_all_4,2026-09-08T15:01:43.000Z,199,finished,0.8854146119477473,REG_IMAGE_SAO_PAULO_HOUSES,TabPFN-v2p5 🇩🇪,intfloat/e5-small-v2,4,all
tabpfnv2_REG_IMAGE_SAO_PAULO_HOUSES_img_4,2026-09-08T14:59:04.000Z,153,finished,0.4199283885883691,REG_IMAGE_SAO_PAULO_HOUSES,TabPFN-v2 🤯,intfloat/e5-small-v2,4,img
tabpfnv2_REG_IMAGE_SAO_PAULO_HOUSES_non_4,2026-09-08T14:57:56.000Z,65,finished,0.8484022738865518,REG_IMAGE_SAO_PAULO_HOUSES,TabPFN-v2 🤯,intfloat/e5-small-v2,4,non
tabpfnv2_REG_IMAGE_SAO_PAULO_HOUSES_all_4,2026-09-08T14:54:41.000Z,191,finished,0.8603347430584998,REG_IMAGE_SAO_PAULO_HOUSES,TabPFN-v2 🤯,intfloat/e5-small-v2,4,all
tabm_REG_IMAGE_SAO_PAULO_HOUSES_img_4,2026-09-08T14:52:00.000Z,158,finished,0.4559543224866133,REG_IMAGE_SAO_PAULO_HOUSES,TabM Ⓜ️,intfloat/e5-small-v2,4,img
cat_REG_IMAGE_SAO_PAULO_HOUSES_img_4,2026-09-08T14:49:21.000Z,144,finished,0.4172396172354267,REG_IMAGE_SAO_PAULO_HOUSES,CatBoost 😸,intfloat/e5-small-v2,4,img
cat_REG_IMAGE_SAO_PAULO_HOUSES_non_4,2026-09-08T14:47:56.000Z,77,finished,0.8387910158187715,REG_IMAGE_SAO_PAULO_HOUSES,CatBoost 😸,intfloat/e5-small-v2,4,non
cat_REG_IMAGE_SAO_PAULO_HOUSES_all_4,2026-09-08T14:44:31.000Z,202,finished,0.850481632726851,REG_IMAGE_SAO_PAULO_HOUSES,CatBoost 😸,intfloat/e5-small-v2,4,all
light_REG_IMAGE_SAO_PAULO_HOUSES_img_4,2026-09-08T14:42:15.000Z,131,finished,0.3831888623832753,REG_IMAGE_SAO_PAULO_HOUSES,LightGBM 💡,intfloat/e5-small-v2,4,img
light_REG_IMAGE_SAO_PAULO_HOUSES_non_4,2026-09-08T14:41:22.000Z,49,finished,0.8263446684472925,REG_IMAGE_SAO_PAULO_HOUSES,LightGBM 💡,intfloat/e5-small-v2,4,non
light_REG_IMAGE_SAO_PAULO_HOUSES_all_4,2026-09-08T14:38:18.000Z,176,finished,0.841911817510447,REG_IMAGE_SAO_PAULO_HOUSES,LightGBM 💡,intfloat/e5-small-v2,4,all
tabpfnv2p5_REG_IMAGE_SAO_PAULO_HOUSES_img_3,2026-09-08T14:35:47.000Z,147,finished,0.4517334217480886,REG_IMAGE_SAO_PAULO_HOUSES,TabPFN-v2p5 🇩🇪,intfloat/e5-small-v2,3,img
tabpfnv2p5_REG_IMAGE_SAO_PAULO_HOUSES_non_3,2026-09-08T14:34:44.000Z,57,finished,0.8819594218045361,REG_IMAGE_SAO_PAULO_HOUSES,TabPFN-v2p5 🇩🇪,intfloat/e5-small-v2,3,non
tabpfnv2p5_REG_IMAGE_SAO_PAULO_HOUSES_all_3,2026-09-08T14:31:30.000Z,190,finished,0.892465303902369,REG_IMAGE_SAO_PAULO_HOUSES,TabPFN-v2p5 🇩🇪,intfloat/e5-small-v2,3,all
tabpfnv2_REG_IMAGE_SAO_PAULO_HOUSES_img_3,2026-09-08T14:29:02.000Z,142,finished,0.4199109768921227,REG_IMAGE_SAO_PAULO_HOUSES,TabPFN-v2 🤯,intfloat/e5-small-v2,3,img
tabpfnv2_REG_IMAGE_SAO_PAULO_HOUSES_non_3,2026-09-08T14:27:59.000Z,59,finished,0.87620747471866,REG_IMAGE_SAO_PAULO_HOUSES,TabPFN-v2 🤯,intfloat/e5-small-v2,3,non
tabpfnv2_REG_IMAGE_SAO_PAULO_HOUSES_all_3,2026-09-08T14:24:35.000Z,198,finished,0.8872704210083862,REG_IMAGE_SAO_PAULO_HOUSES,TabPFN-v2 🤯,intfloat/e5-small-v2,3,all
tabm_REG_IMAGE_SAO_PAULO_HOUSES_img_3,2026-09-08T14:22:08.000Z,141,finished,0.4267631695773534,REG_IMAGE_SAO_PAULO_HOUSES,TabM Ⓜ️,intfloat/e5-small-v2,3,img
tabm_REG_IMAGE_SAO_PAULO_HOUSES_non_3,2026-09-08T14:21:05.000Z,57,finished,0.8417750464311264,REG_IMAGE_SAO_PAULO_HOUSES,TabM Ⓜ️,intfloat/e5-small-v2,3,non
tabm_REG_IMAGE_SAO_PAULO_HOUSES_all_3,2026-09-08T14:17:52.000Z,188,finished,0.8679558651801422,REG_IMAGE_SAO_PAULO_HOUSES,TabM Ⓜ️,intfloat/e5-small-v2,3,all
cat_REG_IMAGE_SAO_PAULO_HOUSES_img_3,2026-09-08T14:15:26.000Z,143,finished,0.4223154752057888,REG_IMAGE_SAO_PAULO_HOUSES,CatBoost 😸,intfloat/e5-small-v2,3,img
cat_REG_IMAGE_SAO_PAULO_HOUSES_non_3,2026-09-08T14:14:07.000Z,75,finished,0.8174931035845824,REG_IMAGE_SAO_PAULO_HOUSES,CatBoost 😸,intfloat/e5-small-v2,3,non
cat_REG_IMAGE_SAO_PAULO_HOUSES_all_3,2026-09-08T14:10:37.000Z,207,finished,0.8643097475233359,REG_IMAGE_SAO_PAULO_HOUSES,CatBoost 😸,intfloat/e5-small-v2,3,all
light_REG_IMAGE_SAO_PAULO_HOUSES_img_3,2026-09-08T14:08:06.000Z,144,finished,0.3714539855456531,REG_IMAGE_SAO_PAULO_HOUSES,LightGBM 💡,intfloat/e5-small-v2,3,img
light_REG_IMAGE_SAO_PAULO_HOUSES_non_3,2026-09-08T14:07:13.000Z,48,finished,0.8496353730916,REG_IMAGE_SAO_PAULO_HOUSES,LightGBM 💡,intfloat/e5-small-v2,3,non
light_REG_IMAGE_SAO_PAULO_HOUSES_all_3,2026-09-08T14:04:15.000Z,172,finished,0.8559251749844589,REG_IMAGE_SAO_PAULO_HOUSES,LightGBM 💡,intfloat/e5-small-v2,3,all
tabpfnv2p5_REG_IMAGE_SAO_PAULO_HOUSES_img_2,2026-09-08T14:01:44.000Z,145,finished,0.472044094474094,REG_IMAGE_SAO_PAULO_HOUSES,TabPFN-v2p5 🇩🇪,intfloat/e5-small-v2,2,img
tabpfnv2p5_REG_IMAGE_SAO_PAULO_HOUSES_non_2,2026-09-08T14:00:40.000Z,59,finished,0.872463897795374,REG_IMAGE_SAO_PAULO_HOUSES,TabPFN-v2p5 🇩🇪,intfloat/e5-small-v2,2,non
tabpfnv2p5_REG_IMAGE_SAO_PAULO_HOUSES_all_2,2026-09-08T13:57:16.000Z,197,finished,0.8892599339501285,REG_IMAGE_SAO_PAULO_HOUSES,TabPFN-v2p5 🇩🇪,intfloat/e5-small-v2,2,all
tabpfnv2_REG_IMAGE_SAO_PAULO_HOUSES_img_2,2026-09-08T13:54:45.000Z,147,finished,0.4285045865931857,REG_IMAGE_SAO_PAULO_HOUSES,TabPFN-v2 🤯,intfloat/e5-small-v2,2,img
tabpfnv2_REG_IMAGE_SAO_PAULO_HOUSES_non_2,2026-09-08T13:53:42.000Z,58,finished,0.8578465333539635,REG_IMAGE_SAO_PAULO_HOUSES,TabPFN-v2 🤯,intfloat/e5-small-v2,2,non
tabpfnv2_REG_IMAGE_SAO_PAULO_HOUSES_all_2,2026-09-08T13:50:13.000Z,202,finished,0.8748778006560346,REG_IMAGE_SAO_PAULO_HOUSES,TabPFN-v2 🤯,intfloat/e5-small-v2,2,all
tabm_REG_IMAGE_SAO_PAULO_HOUSES_img_2,2026-09-08T13:47:46.000Z,143,finished,0.4617247028382168,REG_IMAGE_SAO_PAULO_HOUSES,TabM Ⓜ️,intfloat/e5-small-v2,2,img
tabm_REG_IMAGE_SAO_PAULO_HOUSES_non_2,2026-09-08T13:46:48.000Z,51,finished,0.8330840415176131,REG_IMAGE_SAO_PAULO_HOUSES,TabM Ⓜ️,intfloat/e5-small-v2,2,non
tabm_REG_IMAGE_SAO_PAULO_HOUSES_all_2,2026-09-08T13:43:50.000Z,176,finished,0.8452967157816256,REG_IMAGE_SAO_PAULO_HOUSES,TabM Ⓜ️,intfloat/e5-small-v2,2,all
cat_REG_IMAGE_SAO_PAULO_HOUSES_img_2,2026-09-08T13:41:29.000Z,138,finished,0.4309476064141229,REG_IMAGE_SAO_PAULO_HOUSES,CatBoost 😸,intfloat/e5-small-v2,2,img
cat_REG_IMAGE_SAO_PAULO_HOUSES_non_2,2026-09-08T13:40:10.000Z,76,finished,0.8598068107158556,REG_IMAGE_SAO_PAULO_HOUSES,CatBoost 😸,intfloat/e5-small-v2,2,non
cat_REG_IMAGE_SAO_PAULO_HOUSES_all_2,2026-09-08T13:36:41.000Z,204,finished,0.8726620050383858,REG_IMAGE_SAO_PAULO_HOUSES,CatBoost 😸,intfloat/e5-small-v2,2,all
light_REG_IMAGE_SAO_PAULO_HOUSES_img_2,2026-09-08T13:34:20.000Z,138,finished,0.3840182382745287,REG_IMAGE_SAO_PAULO_HOUSES,LightGBM 💡,intfloat/e5-small-v2,2,img
light_REG_IMAGE_SAO_PAULO_HOUSES_non_2,2026-09-08T13:33:28.000Z,49,finished,0.8387203655408881,REG_IMAGE_SAO_PAULO_HOUSES,LightGBM 💡,intfloat/e5-small-v2,2,non
light_REG_IMAGE_SAO_PAULO_HOUSES_all_2,2026-09-08T13:30:30.000Z,171,finished,0.849726968242229,REG_IMAGE_SAO_PAULO_HOUSES,LightGBM 💡,intfloat/e5-small-v2,2,all
tabpfnv2p5_REG_IMAGE_SAO_PAULO_HOUSES_img_1,2026-09-08T13:28:03.000Z,139,finished,0.4430331538393791,REG_IMAGE_SAO_PAULO_HOUSES,TabPFN-v2p5 🇩🇪,intfloat/e5-small-v2,1,img
tabpfnv2p5_REG_IMAGE_SAO_PAULO_HOUSES_non_1,2026-09-08T13:27:06.000Z,55,finished,0.8261958158566215,REG_IMAGE_SAO_PAULO_HOUSES,TabPFN-v2p5 🇩🇪,intfloat/e5-small-v2,1,non
tabpfnv2p5_REG_IMAGE_SAO_PAULO_HOUSES_all_1,2026-09-08T13:23:57.000Z,184,finished,0.8400636969926819,REG_IMAGE_SAO_PAULO_HOUSES,TabPFN-v2p5 🇩🇪,intfloat/e5-small-v2,1,all
tabpfnv2_REG_IMAGE_SAO_PAULO_HOUSES_img_1,2026-09-08T13:21:25.000Z,148,finished,0.3997876889130718,REG_IMAGE_SAO_PAULO_HOUSES,TabPFN-v2 🤯,intfloat/e5-small-v2,1,img
tabpfnv2_REG_IMAGE_SAO_PAULO_HOUSES_non_1,2026-09-08T13:20:22.000Z,60,finished,0.8151329894088536,REG_IMAGE_SAO_PAULO_HOUSES,TabPFN-v2 🤯,intfloat/e5-small-v2,1,non
tabpfnv2_REG_IMAGE_SAO_PAULO_HOUSES_all_1,2026-09-08T13:16:58.000Z,198,finished,0.8260263906678225,REG_IMAGE_SAO_PAULO_HOUSES,TabPFN-v2 🤯,intfloat/e5-small-v2,1,all
tabm_REG_IMAGE_SAO_PAULO_HOUSES_img_1,2026-09-08T13:14:37.000Z,136,finished,0.4192747466416838,REG_IMAGE_SAO_PAULO_HOUSES,TabM Ⓜ️,intfloat/e5-small-v2,1,img
tabm_REG_IMAGE_SAO_PAULO_HOUSES_non_1,2026-09-08T13:13:28.000Z,64,finished,0.8093811868201239,REG_IMAGE_SAO_PAULO_HOUSES,TabM Ⓜ️,intfloat/e5-small-v2,1,non
tabm_REG_IMAGE_SAO_PAULO_HOUSES_all_1,2026-09-08T13:10:20.000Z,184,finished,0.8245850133844584,REG_IMAGE_SAO_PAULO_HOUSES,TabM Ⓜ️,intfloat/e5-small-v2,1,all
cat_REG_IMAGE_SAO_PAULO_HOUSES_img_1,2026-09-08T13:07:59.000Z,136,finished,0.4124211816579194,REG_IMAGE_SAO_PAULO_HOUSES,CatBoost 😸,intfloat/e5-small-v2,1,img
cat_REG_IMAGE_SAO_PAULO_HOUSES_non_1,2026-09-08T13:06:40.000Z,76,finished,0.8110651598399063,REG_IMAGE_SAO_PAULO_HOUSES,CatBoost 😸,intfloat/e5-small-v2,1,non
cat_REG_IMAGE_SAO_PAULO_HOUSES_all_1,2026-09-08T13:03:11.000Z,203,finished,0.8214727972611878,REG_IMAGE_SAO_PAULO_HOUSES,CatBoost 😸,intfloat/e5-small-v2,1,all
light_REG_IMAGE_SAO_PAULO_HOUSES_img_1,2026-09-08T13:00:50.000Z,135,finished,0.3687794549083434,REG_IMAGE_SAO_PAULO_HOUSES,LightGBM 💡,intfloat/e5-small-v2,1,img
light_REG_IMAGE_SAO_PAULO_HOUSES_non_1,2026-09-08T12:59:58.000Z,48,finished,0.8012814757452191,REG_IMAGE_SAO_PAULO_HOUSES,LightGBM 💡,intfloat/e5-small-v2,1,non
light_REG_IMAGE_SAO_PAULO_HOUSES_all_1,2026-09-08T12:57:00.000Z,169,finished,0.8005963250931512,REG_IMAGE_SAO_PAULO_HOUSES,LightGBM 💡,intfloat/e5-small-v2,1,all
tabpfnv2p5_REG_IMAGE_SAO_PAULO_HOUSES_img_0,2026-09-08T12:54:28.000Z,146,finished,0.4359620190582225,REG_IMAGE_SAO_PAULO_HOUSES,TabPFN-v2p5 🇩🇪,intfloat/e5-small-v2,0,img
tabpfnv2p5_REG_IMAGE_SAO_PAULO_HOUSES_non_0,2026-09-08T12:53:25.000Z,57,finished,0.817431097677759,REG_IMAGE_SAO_PAULO_HOUSES,TabPFN-v2p5 🇩🇪,intfloat/e5-small-v2,0,non
tabpfnv2p5_REG_IMAGE_SAO_PAULO_HOUSES_all_0,2026-09-08T12:50:17.000Z,183,finished,0.8319238675525147,REG_IMAGE_SAO_PAULO_HOUSES,TabPFN-v2p5 🇩🇪,intfloat/e5-small-v2,0,all
tabpfnv2_REG_IMAGE_SAO_PAULO_HOUSES_img_0,2026-09-08T12:47:51.000Z,142,finished,0.4027317141386402,REG_IMAGE_SAO_PAULO_HOUSES,TabPFN-v2 🤯,intfloat/e5-small-v2,0,img
tabpfnv2_REG_IMAGE_SAO_PAULO_HOUSES_non_0,2026-09-08T12:46:48.000Z,58,finished,0.8082050559142495,REG_IMAGE_SAO_PAULO_HOUSES,TabPFN-v2 🤯,intfloat/e5-small-v2,0,non
tabpfnv2_REG_IMAGE_SAO_PAULO_HOUSES_all_0,2026-09-08T12:43:23.000Z,198,finished,0.8220870613491786,REG_IMAGE_SAO_PAULO_HOUSES,TabPFN-v2 🤯,intfloat/e5-small-v2,0,all
tabm_REG_IMAGE_SAO_PAULO_HOUSES_img_0,2026-09-08T12:40:46.000Z,154,finished,0.4282242596417001,REG_IMAGE_SAO_PAULO_HOUSES,TabM Ⓜ️,intfloat/e5-small-v2,0,img
tabm_REG_IMAGE_SAO_PAULO_HOUSES_non_0,2026-09-08T12:39:43.000Z,56,finished,0.808632654675403,REG_IMAGE_SAO_PAULO_HOUSES,TabM Ⓜ️,intfloat/e5-small-v2,0,non
tabm_REG_IMAGE_SAO_PAULO_HOUSES_all_0,2026-09-08T12:36:40.000Z,177,finished,0.813254948855958,REG_IMAGE_SAO_PAULO_HOUSES,TabM Ⓜ️,intfloat/e5-small-v2,0,all
cat_REG_IMAGE_SAO_PAULO_HOUSES_img_0,2026-09-08T12:34:13.000Z,144,finished,0.407895670193601,REG_IMAGE_SAO_PAULO_HOUSES,CatBoost 😸,intfloat/e5-small-v2,0,img
cat_REG_IMAGE_SAO_PAULO_HOUSES_non_0,2026-09-08T12:32:55.000Z,75,finished,0.7985335922842773,REG_IMAGE_SAO_PAULO_HOUSES,CatBoost 😸,intfloat/e5-small-v2,0,non
cat_REG_IMAGE_SAO_PAULO_HOUSES_all_0,2026-09-08T12:29:26.000Z,202,finished,0.8078370201189036,REG_IMAGE_SAO_PAULO_HOUSES,CatBoost 😸,intfloat/e5-small-v2,0,all
light_REG_IMAGE_SAO_PAULO_HOUSES_img_0,2026-09-08T12:27:04.000Z,136,finished,0.3719684739783668,REG_IMAGE_SAO_PAULO_HOUSES,LightGBM 💡,intfloat/e5-small-v2,0,img
light_REG_IMAGE_SAO_PAULO_HOUSES_non_0,2026-09-08T12:26:11.000Z,50,finished,0.7813309409870419,REG_IMAGE_SAO_PAULO_HOUSES,LightGBM 💡,intfloat/e5-small-v2,0,non
light_REG_IMAGE_SAO_PAULO_HOUSES_all_0,2026-09-08T12:23:08.000Z,178,finished,0.7930887518639965,REG_IMAGE_SAO_PAULO_HOUSES,LightGBM 💡,intfloat/e5-small-v2,0,all
