"Name","Created","Runtime","State","test_score","dataset","model","e5_model_name","fold"
"tabpfnv2p5_REG_TEXT_WIKILIQ_PRICES_no_text_0","2026-09-03T14:18:50.000Z","6","finished","0.002991176405096052","REG_TEXT_WIKILIQ_PRICES","TabPFN-v2p5 🇩🇪","intfloat/e5-small-v2","0"
"tabpfnv2p5_REG_TEXT_CHOCOLATE_BAR_RATINGS_all_1","2026-09-03T14:18:03.000Z","34","finished","0.35898954870733524","REG_TEXT_CHOCOLATE_BAR_RATINGS","TabPFN-v2p5 🇩🇪","intfloat/e5-small-v2","1"
"tabpfnv2p5_REG_TEXT_WIKILIQ_PRICES_no_text_1","2026-09-03T14:16:21.000Z","6","finished","0.24257368152429692","REG_TEXT_WIKILIQ_PRICES","TabPFN-v2p5 🇩🇪","intfloat/e5-small-v2","1"
"tabpfnv2p5_REG_TEXT_CHOCOLATE_BAR_RATINGS_text_only_2","2026-09-03T14:15:34.000Z","36","finished","0.2025928512093409","REG_TEXT_CHOCOLATE_BAR_RATINGS","TabPFN-v2p5 🇩🇪","intfloat/e5-small-v2","2"
"tabpfnv2p5_REG_TEXT_RAMEN_RATINGS_text_only_1","2026-09-03T14:14:08.000Z","75","finished","0.25131186453425547","REG_TEXT_RAMEN_RATINGS","TabPFN-v2p5 🇩🇪","intfloat/e5-small-v2","1"
"tabpfnv2p5_MUL_TEXT_BOOKS_GOODREADS_no_text_0","2026-09-03T14:13:11.000Z","5","finished","0.720388130354846","MUL_TEXT_BOOKS_GOODREADS","TabPFN-v2p5 🇩🇪","intfloat/e5-small-v2","0"
"tabpfnv2p5_REG_TEXT_ANIME_PLANET_no_text_0","2026-09-03T14:12:53.000Z","6","finished","0.647907732387533","REG_TEXT_ANIME_PLANET","TabPFN-v2p5 🇩🇪","intfloat/e5-small-v2","0"
"tabpfnv2p5_REG_TEXT_USED_CAR_PAKISTAN_no_text_0","2026-09-03T14:12:34.000Z","7","finished","0.9098122888648394","REG_TEXT_USED_CAR_PAKISTAN","TabPFN-v2p5 🇩🇪","intfloat/e5-small-v2","0"
"tabpfnv2p5_REG_TEXT_FIFA22_WAGES_all_0","2026-09-03T14:12:25.000Z","121","finished","0.8155644415452705","REG_TEXT_FIFA22_WAGES","TabPFN-v2p5 🇩🇪","intfloat/e5-small-v2","0"
"tabpfnv2p5_MUL_TEXT_KOREAN_DRAMA_text_only_2","2026-09-03T14:12:24.000Z","92","finished","0.7161225023043343","MUL_TEXT_KOREAN_DRAMA","TabPFN-v2p5 🇩🇪","intfloat/e5-small-v2","2"
"tabpfnv2p5_REG_TEXT_FIFA22_WAGES_no_text_0","2026-09-03T14:12:08.000Z","14","finished","0.8000871610190731","REG_TEXT_FIFA22_WAGES","TabPFN-v2p5 🇩🇪","intfloat/e5-small-v2","0"
"tabpfnv2p5_REG_TEXT_WINE_VIVINO_SPAIN_all_2","2026-09-03T14:09:30.000Z","161","finished","0.8283726765324022","REG_TEXT_WINE_VIVINO_SPAIN","TabPFN-v2p5 🇩🇪","intfloat/e5-small-v2","2"
"tabpfnv2p5_MUL_TEXT_BOOKS_GOODREADS_all_2","2026-09-03T14:07:11.000Z","303","finished","0.7266134701232124","MUL_TEXT_BOOKS_GOODREADS","TabPFN-v2p5 🇩🇪","intfloat/e5-small-v2","2"
"tabpfnv2p5_REG_TEXT_WINE_VIVINO_SPAIN_all_0","2026-09-03T14:06:03.000Z","143","finished","0.853836913540148","REG_TEXT_WINE_VIVINO_SPAIN","TabPFN-v2p5 🇩🇪","intfloat/e5-small-v2","0"
"tabpfnv2p5_REG_TEXT_CHOCOLATE_BAR_RATINGS_no_text_2","2026-09-03T14:03:08.000Z","4","finished","0.04326867151490388","REG_TEXT_CHOCOLATE_BAR_RATINGS","TabPFN-v2p5 🇩🇪","intfloat/e5-small-v2","2"
"tabpfnv2p5_REG_TEXT_WIKILIQ_PRICES_no_text_2","2026-09-03T14:02:50.000Z","6","finished","0.007388907375932563","REG_TEXT_WIKILIQ_PRICES","TabPFN-v2p5 🇩🇪","intfloat/e5-small-v2","2"
"tabpfnv2p5_REG_TEXT_AIRBNB_SEATTLE_no_text_2","2026-09-03T14:02:32.000Z","7","finished","0.63253248693281","REG_TEXT_AIRBNB_SEATTLE","TabPFN-v2p5 🇩🇪","intfloat/e5-small-v2","2"
"tabpfnv2p5_MUL_TEXT_KOREAN_DRAMA_text_only_0","2026-09-03T14:00:32.000Z","69","finished","0.7186726805021931","MUL_TEXT_KOREAN_DRAMA","TabPFN-v2p5 🇩🇪","intfloat/e5-small-v2","0"
"tabpfnv2p5_REG_TEXT_AIRBNB_SEATTLE_text_only_2","2026-09-03T13:58:42.000Z","497","finished","0.5079885290785371","REG_TEXT_AIRBNB_SEATTLE","TabPFN-v2p5 🇩🇪","intfloat/e5-small-v2","2"
"tabpfnv2p5_MUL_TEXT_BOOKS_GOODREADS_text_only_0","2026-09-03T13:51:10.000Z","207","finished","0.7040275729891082","MUL_TEXT_BOOKS_GOODREADS","TabPFN-v2p5 🇩🇪","intfloat/e5-small-v2","0"
"tabpfnv2p5_MUL_TEXT_AMERICAN_EAGLE_PRICES_all_0","2026-09-03T13:49:24.000Z","545","finished","0.9977298980318794","MUL_TEXT_AMERICAN_EAGLE_PRICES","TabPFN-v2p5 🇩🇪","intfloat/e5-small-v2","0"
"tabpfnv2p5_REG_TEXT_WIKILIQ_PRICES_text_only_1","2026-09-03T13:48:37.000Z","601","finished","0.4055351613175241","REG_TEXT_WIKILIQ_PRICES","TabPFN-v2p5 🇩🇪","intfloat/e5-small-v2","1"
"tabpfnv2p5_MUL_TEXT_AMERICAN_EAGLE_PRICES_all_2","2026-09-03T13:46:06.000Z","478","finished","0.9977006469673718","MUL_TEXT_AMERICAN_EAGLE_PRICES","TabPFN-v2p5 🇩🇪","intfloat/e5-small-v2","2"
"tabpfnv2p5_REG_TEXT_USED_CAR_SAUDI_no_text_2","2026-09-03T13:38:04.000Z","4","finished","0.9193176031112672","REG_TEXT_USED_CAR_SAUDI","TabPFN-v2p5 🇩🇪","intfloat/e5-small-v2","2"
"tabpfnv2p5_REG_TEXT_CHOCOLATE_BAR_RATINGS_all_0","2026-09-03T13:37:23.000Z","15","finished","0.3259094477375314","REG_TEXT_CHOCOLATE_BAR_RATINGS","TabPFN-v2p5 🇩🇪","intfloat/e5-small-v2","0"
"tabpfnv2p5_REG_TEXT_WIKILIQ_PRICES_text_only_2","2026-09-03T13:37:08.000Z","437","finished","0.2728795558003585","REG_TEXT_WIKILIQ_PRICES","TabPFN-v2p5 🇩🇪","intfloat/e5-small-v2","2"
"tabpfnv2p5_REG_TEXT_RAMEN_RATINGS_text_only_2","2026-09-03T13:36:49.000Z","24","finished","0.14753145453064764","REG_TEXT_RAMEN_RATINGS","TabPFN-v2p5 🇩🇪","intfloat/e5-small-v2","2"
"tabpfnv2p5_REG_TEXT_WINE_POLISH_MARKET_text_only_1","2026-09-03T13:36:05.000Z","33","finished","0.4498955567464221","REG_TEXT_WINE_POLISH_MARKET","TabPFN-v2p5 🇩🇪","intfloat/e5-small-v2","1"
"tabpfnv2p5_REG_TEXT_FIFA22_WAGES_text_only_1","2026-09-03T13:35:21.000Z","34","finished","0.03532561264963441","REG_TEXT_FIFA22_WAGES","TabPFN-v2p5 🇩🇪","intfloat/e5-small-v2","1"
"tabpfnv2p5_REG_TEXT_USED_CAR_PAKISTAN_all_0","2026-09-03T13:34:07.000Z","64","finished","0.8484579384831917","REG_TEXT_USED_CAR_PAKISTAN","TabPFN-v2p5 🇩🇪","intfloat/e5-small-v2","0"
"tabpfnv2p5_REG_TEXT_ANIME_PLANET_all_2","2026-09-03T13:28:21.000Z","516","finished","0.7744559687146542","REG_TEXT_ANIME_PLANET","TabPFN-v2p5 🇩🇪","intfloat/e5-small-v2","2"
"tabpfnv2p5_REG_TEXT_WIKILIQ_PRICES_text_only_0","2026-09-03T13:26:46.000Z","174","finished","0.37403286103141065","REG_TEXT_WIKILIQ_PRICES","TabPFN-v2p5 🇩🇪","intfloat/e5-small-v2","0"
"tabpfnv2p5_REG_TEXT_ANIME_PLANET_all_1","2026-09-03T13:23:12.000Z","204","finished","0.7705283582080457","REG_TEXT_ANIME_PLANET","TabPFN-v2p5 🇩🇪","intfloat/e5-small-v2","1"
"tabpfnv2p5_REG_TEXT_ANIME_PLANET_text_only_0","2026-09-03T13:19:37.000Z","204","finished","0.6397052945912352","REG_TEXT_ANIME_PLANET","TabPFN-v2p5 🇩🇪","intfloat/e5-small-v2","0"
"tabpfnv2p5_BIN_TEXT_CALIFORNIA_PRICES_all_1","2026-09-03T13:19:35.000Z","1579","finished","0.9951174951174953","BIN_TEXT_CALIFORNIA_PRICES","TabPFN-v2p5 🇩🇪","intfloat/e5-small-v2","1"
"tabpfnv2p5_REG_TEXT_FIFA22_WAGES_all_2","2026-09-03T05:41:32.000Z","116","finished","0.8032804237896213","REG_TEXT_FIFA22_WAGES","TabPFN-v2p5 🇩🇪","intfloat/e5-small-v2","2"
"tabpfnv2p5_REG_TEXT_FIFA22_WAGES_text_only_2","2026-09-03T05:41:06.000Z","166","finished","0.046104648366969925","REG_TEXT_FIFA22_WAGES","TabPFN-v2p5 🇩🇪","intfloat/e5-small-v2","2"
"tabpfnv2p5_REG_TEXT_FIFA22_WAGES_no_text_2","2026-09-03T05:41:05.000Z","25","finished","0.788899859269313","REG_TEXT_FIFA22_WAGES","TabPFN-v2p5 🇩🇪","intfloat/e5-small-v2","2"
"tabpfnv2_REG_TEXT_FIFA22_WAGES_all_2","2026-09-03T05:41:02.000Z","48","finished","0.7170186641195295","REG_TEXT_FIFA22_WAGES","TabPFN-v2 🤯","intfloat/e5-small-v2","2"
"tabpfnv2_REG_TEXT_FIFA22_WAGES_text_only_2","2026-09-03T05:40:59.000Z","132","finished","0.03065135212725167","REG_TEXT_FIFA22_WAGES","TabPFN-v2 🤯","intfloat/e5-small-v2","2"
"tabpfnv2_REG_TEXT_FIFA22_WAGES_no_text_2","2026-09-03T05:40:55.000Z","29","finished","0.6954447749122334","REG_TEXT_FIFA22_WAGES","TabPFN-v2 🤯","intfloat/e5-small-v2","2"
"tabm_REG_TEXT_FIFA22_WAGES_all_2","2026-09-03T05:40:18.000Z","82","finished","0.7640232327392296","REG_TEXT_FIFA22_WAGES","TabM Ⓜ️","intfloat/e5-small-v2","2"
"tabm_REG_TEXT_FIFA22_WAGES_text_only_2","2026-09-03T05:40:14.000Z","42","finished","0.03945313708194065","REG_TEXT_FIFA22_WAGES","TabM Ⓜ️","intfloat/e5-small-v2","2"
"tabm_REG_TEXT_FIFA22_WAGES_no_text_2","2026-09-03T05:39:53.000Z","17","finished","0.7779027136379016","REG_TEXT_FIFA22_WAGES","TabM Ⓜ️","intfloat/e5-small-v2","2"
"cat_REG_TEXT_FIFA22_WAGES_all_2","2026-09-03T05:39:36.000Z","150","finished","0.7735576892407304","REG_TEXT_FIFA22_WAGES","CatBoost 😸","intfloat/e5-small-v2","2"
"cat_REG_TEXT_FIFA22_WAGES_text_only_2","2026-09-03T05:39:16.000Z","93","finished","0.043472750843798424","REG_TEXT_FIFA22_WAGES","CatBoost 😸","intfloat/e5-small-v2","2"
"cat_REG_TEXT_FIFA22_WAGES_no_text_2","2026-09-03T05:39:14.000Z","17","finished","0.7533171340116628","REG_TEXT_FIFA22_WAGES","CatBoost 😸","intfloat/e5-small-v2","2"
"light_REG_TEXT_FIFA22_WAGES_all_2","2026-09-03T05:39:11.000Z","39","finished","0.7733824090308783","REG_TEXT_FIFA22_WAGES","LightGBM 💡","intfloat/e5-small-v2","2"
"light_REG_TEXT_FIFA22_WAGES_text_only_2","2026-09-03T05:38:54.000Z","78","finished","0.02926381589429372","REG_TEXT_FIFA22_WAGES","LightGBM 💡","intfloat/e5-small-v2","2"
"light_REG_TEXT_FIFA22_WAGES_no_text_2","2026-09-03T05:38:53.000Z","15","finished","0.75053433131645","REG_TEXT_FIFA22_WAGES","LightGBM 💡","intfloat/e5-small-v2","2"
"tabpfnv2p5_REG_TEXT_FIFA22_WAGES_all_1","2026-09-03T05:38:45.000Z","134","finished","0.7715182629128102","REG_TEXT_FIFA22_WAGES","TabPFN-v2p5 🇩🇪","intfloat/e5-small-v2","1"
"tabpfnv2p5_REG_TEXT_FIFA22_WAGES_no_text_1","2026-09-03T05:38:28.000Z","19","finished","0.7743070914641483","REG_TEXT_FIFA22_WAGES","TabPFN-v2p5 🇩🇪","intfloat/e5-small-v2","1"
"tabpfnv2_REG_TEXT_FIFA22_WAGES_all_1","2026-09-03T05:38:22.000Z","152","finished","0.7285482390223297","REG_TEXT_FIFA22_WAGES","TabPFN-v2 🤯","intfloat/e5-small-v2","1"
"tabpfnv2_REG_TEXT_FIFA22_WAGES_text_only_1","2026-09-03T05:38:13.000Z","169","finished","0.011773161468730642","REG_TEXT_FIFA22_WAGES","TabPFN-v2 🤯","intfloat/e5-small-v2","1"
"tabpfnv2_REG_TEXT_FIFA22_WAGES_no_text_1","2026-09-03T05:38:08.000Z","31","finished","0.7194460845660452","REG_TEXT_FIFA22_WAGES","TabPFN-v2 🤯","intfloat/e5-small-v2","1"
"tabm_REG_TEXT_FIFA22_WAGES_all_1","2026-09-03T05:37:42.000Z","43","finished","0.7509762315867357","REG_TEXT_FIFA22_WAGES","TabM Ⓜ️","intfloat/e5-small-v2","1"
"tabm_REG_TEXT_FIFA22_WAGES_text_only_1","2026-09-03T05:37:31.000Z","97","finished","0.04251645013521532","REG_TEXT_FIFA22_WAGES","TabM Ⓜ️","intfloat/e5-small-v2","1"
"tabm_REG_TEXT_FIFA22_WAGES_no_text_1","2026-09-03T05:37:04.000Z","22","finished","0.758339001598454","REG_TEXT_FIFA22_WAGES","TabM Ⓜ️","intfloat/e5-small-v2","1"
"cat_REG_TEXT_FIFA22_WAGES_all_1","2026-09-03T05:37:04.000Z","81","finished","0.7245363028932663","REG_TEXT_FIFA22_WAGES","CatBoost 😸","intfloat/e5-small-v2","1"
"cat_REG_TEXT_FIFA22_WAGES_text_only_1","2026-09-03T05:36:55.000Z","41","finished","0.03922606059203082","REG_TEXT_FIFA22_WAGES","CatBoost 😸","intfloat/e5-small-v2","1"
"cat_REG_TEXT_FIFA22_WAGES_no_text_1","2026-09-03T05:36:43.000Z","15","finished","0.7426802307558171","REG_TEXT_FIFA22_WAGES","CatBoost 😸","intfloat/e5-small-v2","1"
"light_REG_TEXT_FIFA22_WAGES_all_1","2026-09-03T05:36:37.000Z","101","finished","0.716397428660926","REG_TEXT_FIFA22_WAGES","LightGBM 💡","intfloat/e5-small-v2","1"
"light_REG_TEXT_FIFA22_WAGES_text_only_1","2026-09-03T05:36:22.000Z","148","finished","0.040489413884101766","REG_TEXT_FIFA22_WAGES","LightGBM 💡","intfloat/e5-small-v2","1"
"light_REG_TEXT_FIFA22_WAGES_no_text_1","2026-09-03T05:36:21.000Z","14","finished","0.7176390764302902","REG_TEXT_FIFA22_WAGES","LightGBM 💡","intfloat/e5-small-v2","1"
"tabpfnv2p5_REG_TEXT_FIFA22_WAGES_text_only_0","2026-09-03T05:36:02.000Z","123","finished","0.050153602764824945","REG_TEXT_FIFA22_WAGES","TabPFN-v2p5 🇩🇪","intfloat/e5-small-v2","0"
"tabpfnv2_REG_TEXT_FIFA22_WAGES_all_0","2026-09-03T05:35:25.000Z","95","finished","0.7810894216244613","REG_TEXT_FIFA22_WAGES","TabPFN-v2 🤯","intfloat/e5-small-v2","0"
"tabpfnv2_REG_TEXT_FIFA22_WAGES_no_text_0","2026-09-03T05:35:20.000Z","36","finished","0.759769369001144","REG_TEXT_FIFA22_WAGES","TabPFN-v2 🤯","intfloat/e5-small-v2","0"
"tabpfnv2_REG_TEXT_FIFA22_WAGES_text_only_0","2026-09-03T05:35:20.000Z","170","finished","0.026229125202870796","REG_TEXT_FIFA22_WAGES","TabPFN-v2 🤯","intfloat/e5-small-v2","0"
"tabm_REG_TEXT_FIFA22_WAGES_all_0","2026-09-03T05:35:10.000Z","42","finished","0.7934557828991787","REG_TEXT_FIFA22_WAGES","TabM Ⓜ️","intfloat/e5-small-v2","0"
"tabm_REG_TEXT_FIFA22_WAGES_text_only_0","2026-09-03T05:34:58.000Z","100","finished","0.05357187949936626","REG_TEXT_FIFA22_WAGES","TabM Ⓜ️","intfloat/e5-small-v2","0"
"tabm_REG_TEXT_FIFA22_WAGES_no_text_0","2026-09-03T05:34:54.000Z","20","finished","0.766566751203316","REG_TEXT_FIFA22_WAGES","TabM Ⓜ️","intfloat/e5-small-v2","0"
"cat_REG_TEXT_FIFA22_WAGES_all_0","2026-09-03T05:34:32.000Z","103","finished","0.7995608654351423","REG_TEXT_FIFA22_WAGES","CatBoost 😸","intfloat/e5-small-v2","0"
"cat_REG_TEXT_FIFA22_WAGES_text_only_0","2026-09-03T05:34:23.000Z","40","finished","0.0519644545817598","REG_TEXT_FIFA22_WAGES","CatBoost 😸","intfloat/e5-small-v2","0"
"cat_REG_TEXT_FIFA22_WAGES_no_text_0","2026-09-03T05:34:10.000Z","16","finished","0.7785089136128377","REG_TEXT_FIFA22_WAGES","CatBoost 😸","intfloat/e5-small-v2","0"
"light_REG_TEXT_FIFA22_WAGES_all_0","2026-09-03T05:34:01.000Z","78","finished","0.8044133658369429","REG_TEXT_FIFA22_WAGES","LightGBM 💡","intfloat/e5-small-v2","0"
"light_REG_TEXT_FIFA22_WAGES_text_only_0","2026-09-03T05:33:41.000Z","39","finished","0.049809255349429704","REG_TEXT_FIFA22_WAGES","LightGBM 💡","intfloat/e5-small-v2","0"
"light_REG_TEXT_FIFA22_WAGES_no_text_0","2026-09-03T05:33:40.000Z","14","finished","0.7740545117095728","REG_TEXT_FIFA22_WAGES","LightGBM 💡","intfloat/e5-small-v2","0"
"tabpfnv2p5_REG_TEXT_USED_CAR_SAUDI_all_2","2026-09-03T05:28:52.000Z","121","finished","0.9260943531990052","REG_TEXT_USED_CAR_SAUDI","TabPFN-v2p5 🇩🇪","intfloat/e5-small-v2","2"
"tabpfnv2p5_REG_TEXT_USED_CAR_SAUDI_text_only_2","2026-09-03T05:28:47.000Z","86","finished","0.21805208921432495","REG_TEXT_USED_CAR_SAUDI","TabPFN-v2p5 🇩🇪","intfloat/e5-small-v2","2"
"tabpfnv2_REG_TEXT_USED_CAR_SAUDI_all_2","2026-09-03T05:28:30.000Z","99","finished","0.9083818197250366","REG_TEXT_USED_CAR_SAUDI","TabPFN-v2 🤯","intfloat/e5-small-v2","2"
"tabpfnv2_REG_TEXT_USED_CAR_SAUDI_text_only_2","2026-09-03T05:28:25.000Z","81","finished","0.19176840782165527","REG_TEXT_USED_CAR_SAUDI","TabPFN-v2 🤯","intfloat/e5-small-v2","2"
"tabpfnv2_REG_TEXT_USED_CAR_SAUDI_no_text_2","2026-09-03T05:28:21.000Z","20","finished","0.9111446142196656","REG_TEXT_USED_CAR_SAUDI","TabPFN-v2 🤯","intfloat/e5-small-v2","2"
"tabm_REG_TEXT_USED_CAR_SAUDI_all_2","2026-09-03T05:28:11.000Z","118","finished","0.914148449897766","REG_TEXT_USED_CAR_SAUDI","TabM Ⓜ️","intfloat/e5-small-v2","2"
"tabm_REG_TEXT_USED_CAR_SAUDI_text_only_2","2026-09-03T05:28:04.000Z","36","finished","0.2416636347770691","REG_TEXT_USED_CAR_SAUDI","TabM Ⓜ️","intfloat/e5-small-v2","2"
"tabm_REG_TEXT_USED_CAR_SAUDI_no_text_2","2026-09-03T05:27:39.000Z","25","finished","0.90500670671463","REG_TEXT_USED_CAR_SAUDI","TabM Ⓜ️","intfloat/e5-small-v2","2"
"cat_REG_TEXT_USED_CAR_SAUDI_all_2","2026-09-03T05:27:37.000Z","74","finished","0.9142465344389163","REG_TEXT_USED_CAR_SAUDI","CatBoost 😸","intfloat/e5-small-v2","2"
"cat_REG_TEXT_USED_CAR_SAUDI_text_only_2","2026-09-03T05:27:22.000Z","35","finished","0.23716425669701524","REG_TEXT_USED_CAR_SAUDI","CatBoost 😸","intfloat/e5-small-v2","2"
"cat_REG_TEXT_USED_CAR_SAUDI_no_text_2","2026-09-03T05:27:13.000Z","23","finished","0.8847660925295467","REG_TEXT_USED_CAR_SAUDI","CatBoost 😸","intfloat/e5-small-v2","2"
"light_REG_TEXT_USED_CAR_SAUDI_all_2","2026-09-03T05:27:11.000Z","69","finished","0.9137791789433778","REG_TEXT_USED_CAR_SAUDI","LightGBM 💡","intfloat/e5-small-v2","2"
"light_REG_TEXT_USED_CAR_SAUDI_text_only_2","2026-09-03T05:27:02.000Z","76","finished","0.23643244469406277","REG_TEXT_USED_CAR_SAUDI","LightGBM 💡","intfloat/e5-small-v2","2"
"light_REG_TEXT_USED_CAR_SAUDI_no_text_2","2026-09-03T05:26:57.000Z","14","finished","0.8945780559925017","REG_TEXT_USED_CAR_SAUDI","LightGBM 💡","intfloat/e5-small-v2","2"
"tabpfnv2p5_REG_TEXT_USED_CAR_SAUDI_all_1","2026-09-03T05:26:56.000Z","88","finished","0.9002513289451599","REG_TEXT_USED_CAR_SAUDI","TabPFN-v2p5 🇩🇪","intfloat/e5-small-v2","1"
"tabpfnv2p5_REG_TEXT_USED_CAR_SAUDI_text_only_1","2026-09-03T05:26:46.000Z","120","finished","0.15549296140670776","REG_TEXT_USED_CAR_SAUDI","TabPFN-v2p5 🇩🇪","intfloat/e5-small-v2","1"
"tabpfnv2p5_REG_TEXT_USED_CAR_SAUDI_no_text_1","2026-09-03T05:26:41.000Z","17","finished","0.8304659724235535","REG_TEXT_USED_CAR_SAUDI","TabPFN-v2p5 🇩🇪","intfloat/e5-small-v2","1"
"tabpfnv2_REG_TEXT_USED_CAR_SAUDI_all_1","2026-09-03T05:26:40.000Z","37","finished","0.8712447881698608","REG_TEXT_USED_CAR_SAUDI","TabPFN-v2 🤯","intfloat/e5-small-v2","1"
"tabpfnv2_REG_TEXT_USED_CAR_SAUDI_text_only_1","2026-09-03T05:26:29.000Z","66","finished","0.14289647340774536","REG_TEXT_USED_CAR_SAUDI","TabPFN-v2 🤯","intfloat/e5-small-v2","1"
"tabpfnv2_REG_TEXT_USED_CAR_SAUDI_no_text_1","2026-09-03T05:26:14.000Z","19","finished","0.8455287218093872","REG_TEXT_USED_CAR_SAUDI","TabPFN-v2 🤯","intfloat/e5-small-v2","1"
"tabm_REG_TEXT_USED_CAR_SAUDI_all_1","2026-09-03T05:25:58.000Z","36","finished","0.9105262756347656","REG_TEXT_USED_CAR_SAUDI","TabM Ⓜ️","intfloat/e5-small-v2","1"
"tabm_REG_TEXT_USED_CAR_SAUDI_text_only_1","2026-09-03T05:25:47.000Z","81","finished","0.1943468451499939","REG_TEXT_USED_CAR_SAUDI","TabM Ⓜ️","intfloat/e5-small-v2","1"
"tabm_REG_TEXT_USED_CAR_SAUDI_no_text_1","2026-09-03T05:25:37.000Z","15","finished","0.8437171578407288","REG_TEXT_USED_CAR_SAUDI","TabM Ⓜ️","intfloat/e5-small-v2","1"
"cat_REG_TEXT_USED_CAR_SAUDI_all_1","2026-09-03T05:25:27.000Z","82","finished","0.9326610793718206","REG_TEXT_USED_CAR_SAUDI","CatBoost 😸","intfloat/e5-small-v2","1"
"cat_REG_TEXT_USED_CAR_SAUDI_text_only_1","2026-09-03T05:25:27.000Z","59","finished","0.1909587827930909","REG_TEXT_USED_CAR_SAUDI","CatBoost 😸","intfloat/e5-small-v2","1"
"cat_REG_TEXT_USED_CAR_SAUDI_no_text_1","2026-09-03T05:25:01.000Z","19","finished","0.8288875703278604","REG_TEXT_USED_CAR_SAUDI","CatBoost 😸","intfloat/e5-small-v2","1"
"light_REG_TEXT_USED_CAR_SAUDI_all_1","2026-09-03T05:25:00.000Z","34","finished","0.91669143991905","REG_TEXT_USED_CAR_SAUDI","LightGBM 💡","intfloat/e5-small-v2","1"
"light_REG_TEXT_USED_CAR_SAUDI_text_only_1","2026-09-03T05:24:50.000Z","78","finished","0.1879685008602202","REG_TEXT_USED_CAR_SAUDI","LightGBM 💡","intfloat/e5-small-v2","1"
"light_REG_TEXT_USED_CAR_SAUDI_no_text_1","2026-09-03T05:24:44.000Z","13","finished","0.8448270980501769","REG_TEXT_USED_CAR_SAUDI","LightGBM 💡","intfloat/e5-small-v2","1"
"tabpfnv2p5_REG_TEXT_USED_CAR_SAUDI_all_0","2026-09-03T05:24:40.000Z","122","finished","0.9350465536117554","REG_TEXT_USED_CAR_SAUDI","TabPFN-v2p5 🇩🇪","intfloat/e5-small-v2","0"
"tabpfnv2p5_REG_TEXT_USED_CAR_SAUDI_text_only_0","2026-09-03T05:24:23.000Z","77","finished","0.2075738310813904","REG_TEXT_USED_CAR_SAUDI","TabPFN-v2p5 🇩🇪","intfloat/e5-small-v2","0"
"tabpfnv2p5_REG_TEXT_USED_CAR_SAUDI_no_text_0","2026-09-03T05:24:19.000Z","18","finished","0.8667473793029785","REG_TEXT_USED_CAR_SAUDI","TabPFN-v2p5 🇩🇪","intfloat/e5-small-v2","0"
"tabpfnv2_REG_TEXT_USED_CAR_SAUDI_all_0","2026-09-03T05:24:13.000Z","68","finished","0.8302856087684631","REG_TEXT_USED_CAR_SAUDI","TabPFN-v2 🤯","intfloat/e5-small-v2","0"
"tabpfnv2_REG_TEXT_USED_CAR_SAUDI_text_only_0","2026-09-03T05:24:02.000Z","35","finished","0.157667338848114","REG_TEXT_USED_CAR_SAUDI","TabPFN-v2 🤯","intfloat/e5-small-v2","0"
"tabpfnv2_REG_TEXT_USED_CAR_SAUDI_no_text_0","2026-09-03T05:23:57.000Z","19","finished","0.8203819394111633","REG_TEXT_USED_CAR_SAUDI","TabPFN-v2 🤯","intfloat/e5-small-v2","0"
"tabm_REG_TEXT_USED_CAR_SAUDI_all_0","2026-09-03T05:23:32.000Z","83","finished","0.9066693782806396","REG_TEXT_USED_CAR_SAUDI","TabM Ⓜ️","intfloat/e5-small-v2","0"
"tabm_REG_TEXT_USED_CAR_SAUDI_text_only_0","2026-09-03T05:23:20.000Z","38","finished","0.2539263963699341","REG_TEXT_USED_CAR_SAUDI","TabM Ⓜ️","intfloat/e5-small-v2","0"
"tabm_REG_TEXT_USED_CAR_SAUDI_no_text_0","2026-09-03T05:22:59.000Z","15","finished","0.8867270350456238","REG_TEXT_USED_CAR_SAUDI","TabM Ⓜ️","intfloat/e5-small-v2","0"
"cat_REG_TEXT_USED_CAR_SAUDI_all_0","2026-09-03T05:22:55.000Z","72","finished","0.8863000078905657","REG_TEXT_USED_CAR_SAUDI","CatBoost 😸","intfloat/e5-small-v2","0"
"cat_REG_TEXT_USED_CAR_SAUDI_text_only_0","2026-09-03T05:22:38.000Z","72","finished","0.26242418566103076","REG_TEXT_USED_CAR_SAUDI","CatBoost 😸","intfloat/e5-small-v2","0"
"cat_REG_TEXT_USED_CAR_SAUDI_no_text_0","2026-09-03T05:22:28.000Z","22","finished","0.8255250820650208","REG_TEXT_USED_CAR_SAUDI","CatBoost 😸","intfloat/e5-small-v2","0"
"light_REG_TEXT_USED_CAR_SAUDI_all_0","2026-09-03T05:22:24.000Z","108","finished","0.8753444256417573","REG_TEXT_USED_CAR_SAUDI","LightGBM 💡","intfloat/e5-small-v2","0"
"light_REG_TEXT_USED_CAR_SAUDI_text_only_0","2026-09-03T05:22:13.000Z","74","finished","0.2481503182818117","REG_TEXT_USED_CAR_SAUDI","LightGBM 💡","intfloat/e5-small-v2","0"
"light_REG_TEXT_USED_CAR_SAUDI_no_text_0","2026-09-03T05:21:58.000Z","13","finished","0.8550064464512881","REG_TEXT_USED_CAR_SAUDI","LightGBM 💡","intfloat/e5-small-v2","0"
"tabpfnv2p5_REG_TEXT_USED_CAR_PAKISTAN_all_2","2026-09-03T05:12:17.000Z","202","finished","0.9484146039095712","REG_TEXT_USED_CAR_PAKISTAN","TabPFN-v2p5 🇩🇪","intfloat/e5-small-v2","2"
"tabpfnv2p5_REG_TEXT_USED_CAR_PAKISTAN_text_only_2","2026-09-03T05:11:31.000Z","224","finished","0.8322522339830893","REG_TEXT_USED_CAR_PAKISTAN","TabPFN-v2p5 🇩🇪","intfloat/e5-small-v2","2"
"tabpfnv2p5_REG_TEXT_USED_CAR_PAKISTAN_no_text_2","2026-09-03T05:11:09.000Z","17","finished","0.8391635254165342","REG_TEXT_USED_CAR_PAKISTAN","TabPFN-v2p5 🇩🇪","intfloat/e5-small-v2","2"
"tabpfnv2_REG_TEXT_USED_CAR_PAKISTAN_all_2","2026-09-03T05:10:54.000Z","79","finished","0.8544675627635862","REG_TEXT_USED_CAR_PAKISTAN","TabPFN-v2 🤯","intfloat/e5-small-v2","2"
"tabpfnv2_REG_TEXT_USED_CAR_PAKISTAN_text_only_2","2026-09-03T05:10:49.000Z","251","finished","0.7674105748826614","REG_TEXT_USED_CAR_PAKISTAN","TabPFN-v2 🤯","intfloat/e5-small-v2","2"
"tabpfnv2_REG_TEXT_USED_CAR_PAKISTAN_no_text_2","2026-09-03T05:10:43.000Z","19","finished","0.7857475124879127","REG_TEXT_USED_CAR_PAKISTAN","TabPFN-v2 🤯","intfloat/e5-small-v2","2"
"tabm_REG_TEXT_USED_CAR_PAKISTAN_all_2","2026-09-03T05:10:40.000Z","303","finished","0.9657912306052154","REG_TEXT_USED_CAR_PAKISTAN","TabM Ⓜ️","intfloat/e5-small-v2","2"
"tabm_REG_TEXT_USED_CAR_PAKISTAN_text_only_2","2026-09-03T05:10:30.000Z","153","finished","0.7765667317031999","REG_TEXT_USED_CAR_PAKISTAN","TabM Ⓜ️","intfloat/e5-small-v2","2"
"tabm_REG_TEXT_USED_CAR_PAKISTAN_no_text_2","2026-09-03T05:09:53.000Z","45","finished","0.924417171032051","REG_TEXT_USED_CAR_PAKISTAN","TabM Ⓜ️","intfloat/e5-small-v2","2"
"cat_REG_TEXT_USED_CAR_PAKISTAN_all_2","2026-09-03T05:09:15.000Z","98","finished","0.946577202414142","REG_TEXT_USED_CAR_PAKISTAN","CatBoost 😸","intfloat/e5-small-v2","2"
"cat_REG_TEXT_USED_CAR_PAKISTAN_text_only_2","2026-09-03T05:09:14.000Z","177","finished","0.8377012308545193","REG_TEXT_USED_CAR_PAKISTAN","CatBoost 😸","intfloat/e5-small-v2","2"
"cat_REG_TEXT_USED_CAR_PAKISTAN_no_text_2","2026-09-03T05:08:53.000Z","16","finished","0.8329362195252362","REG_TEXT_USED_CAR_PAKISTAN","CatBoost 😸","intfloat/e5-small-v2","2"
"light_REG_TEXT_USED_CAR_PAKISTAN_all_2","2026-09-03T05:08:04.000Z","143","finished","0.9302505906321684","REG_TEXT_USED_CAR_PAKISTAN","LightGBM 💡","intfloat/e5-small-v2","2"
"light_REG_TEXT_USED_CAR_PAKISTAN_text_only_2","2026-09-03T05:08:01.000Z","67","finished","0.8191691126498282","REG_TEXT_USED_CAR_PAKISTAN","LightGBM 💡","intfloat/e5-small-v2","2"
"light_REG_TEXT_USED_CAR_PAKISTAN_no_text_2","2026-09-03T05:07:45.000Z","13","finished","0.8927709205892166","REG_TEXT_USED_CAR_PAKISTAN","LightGBM 💡","intfloat/e5-small-v2","2"
"tabpfnv2p5_REG_TEXT_USED_CAR_PAKISTAN_all_1","2026-09-03T05:07:37.000Z","315","finished","0.9057494454242138","REG_TEXT_USED_CAR_PAKISTAN","TabPFN-v2p5 🇩🇪","intfloat/e5-small-v2","1"
"tabpfnv2p5_REG_TEXT_USED_CAR_PAKISTAN_text_only_1","2026-09-03T05:06:54.000Z","232","finished","0.9288289562070192","REG_TEXT_USED_CAR_PAKISTAN","TabPFN-v2p5 🇩🇪","intfloat/e5-small-v2","1"
"tabpfnv2p5_REG_TEXT_USED_CAR_PAKISTAN_no_text_1","2026-09-03T05:06:33.000Z","17","finished","0.9042834808635056","REG_TEXT_USED_CAR_PAKISTAN","TabPFN-v2p5 🇩🇪","intfloat/e5-small-v2","1"
"tabpfnv2_REG_TEXT_USED_CAR_PAKISTAN_all_1","2026-09-03T05:06:27.000Z","252","finished","0.872182012349378","REG_TEXT_USED_CAR_PAKISTAN","TabPFN-v2 🤯","intfloat/e5-small-v2","1"
"tabpfnv2_REG_TEXT_USED_CAR_PAKISTAN_text_only_1","2026-09-03T05:06:21.000Z","80","finished","0.8328481310507292","REG_TEXT_USED_CAR_PAKISTAN","TabPFN-v2 🤯","intfloat/e5-small-v2","1"
"tabpfnv2_REG_TEXT_USED_CAR_PAKISTAN_no_text_1","2026-09-03T05:06:05.000Z","14","finished","0.8668348728944386","REG_TEXT_USED_CAR_PAKISTAN","TabPFN-v2 🤯","intfloat/e5-small-v2","1"
"tabm_REG_TEXT_USED_CAR_PAKISTAN_all_1","2026-09-03T05:05:45.000Z","182","finished","0.9722663480146156","REG_TEXT_USED_CAR_PAKISTAN","TabM Ⓜ️","intfloat/e5-small-v2","1"
"tabm_REG_TEXT_USED_CAR_PAKISTAN_text_only_1","2026-09-03T05:05:33.000Z","147","finished","0.8830940371706784","REG_TEXT_USED_CAR_PAKISTAN","TabM Ⓜ️","intfloat/e5-small-v2","1"
"tabm_REG_TEXT_USED_CAR_PAKISTAN_no_text_1","2026-09-03T05:04:52.000Z","49","finished","0.9374731489819984","REG_TEXT_USED_CAR_PAKISTAN","TabM Ⓜ️","intfloat/e5-small-v2","1"
"cat_REG_TEXT_USED_CAR_PAKISTAN_all_1","2026-09-03T05:04:50.000Z","297","finished","0.9740538971636342","REG_TEXT_USED_CAR_PAKISTAN","CatBoost 😸","intfloat/e5-small-v2","1"
"cat_REG_TEXT_USED_CAR_PAKISTAN_text_only_1","2026-09-03T05:04:41.000Z","80","finished","0.922212847579989","REG_TEXT_USED_CAR_PAKISTAN","CatBoost 😸","intfloat/e5-small-v2","1"
"cat_REG_TEXT_USED_CAR_PAKISTAN_no_text_1","2026-09-03T05:04:24.000Z","21","finished","0.9458606016251996","REG_TEXT_USED_CAR_PAKISTAN","CatBoost 😸","intfloat/e5-small-v2","1"
"light_REG_TEXT_USED_CAR_PAKISTAN_all_1","2026-09-03T05:03:23.000Z","71","finished","0.9628129493879016","REG_TEXT_USED_CAR_PAKISTAN","LightGBM 💡","intfloat/e5-small-v2","1"
"light_REG_TEXT_USED_CAR_PAKISTAN_text_only_1","2026-09-03T05:03:06.000Z","144","finished","0.9153390184149665","REG_TEXT_USED_CAR_PAKISTAN","LightGBM 💡","intfloat/e5-small-v2","1"
"light_REG_TEXT_USED_CAR_PAKISTAN_no_text_1","2026-09-03T05:02:45.000Z","14","finished","0.9167645452671216","REG_TEXT_USED_CAR_PAKISTAN","LightGBM 💡","intfloat/e5-small-v2","1"
"tabpfnv2p5_REG_TEXT_USED_CAR_PAKISTAN_text_only_0","2026-09-03T05:02:14.000Z","318","finished","0.7573297261198668","REG_TEXT_USED_CAR_PAKISTAN","TabPFN-v2p5 🇩🇪","intfloat/e5-small-v2","0"
"tabpfnv2_REG_TEXT_USED_CAR_PAKISTAN_all_0","2026-09-03T05:01:07.000Z","222","finished","0.8087632082962773","REG_TEXT_USED_CAR_PAKISTAN","TabPFN-v2 🤯","intfloat/e5-small-v2","0"
"tabpfnv2_REG_TEXT_USED_CAR_PAKISTAN_text_only_0","2026-09-03T05:00:41.000Z","79","finished","0.6801405577166859","REG_TEXT_USED_CAR_PAKISTAN","TabPFN-v2 🤯","intfloat/e5-small-v2","0"
"tabpfnv2_REG_TEXT_USED_CAR_PAKISTAN_no_text_0","2026-09-03T05:00:24.000Z","15","finished","0.804975088763989","REG_TEXT_USED_CAR_PAKISTAN","TabPFN-v2 🤯","intfloat/e5-small-v2","0"
"tabm_REG_TEXT_USED_CAR_PAKISTAN_all_0","2026-09-03T05:00:08.000Z","150","finished","0.8848818632591658","REG_TEXT_USED_CAR_PAKISTAN","TabM Ⓜ️","intfloat/e5-small-v2","0"
"tabm_REG_TEXT_USED_CAR_PAKISTAN_text_only_0","2026-09-03T04:59:11.000Z","70","finished","0.7888979564738352","REG_TEXT_USED_CAR_PAKISTAN","TabM Ⓜ️","intfloat/e5-small-v2","0"
"tabm_REG_TEXT_USED_CAR_PAKISTAN_no_text_0","2026-09-03T04:58:45.000Z","22","finished","0.852007699098831","REG_TEXT_USED_CAR_PAKISTAN","TabM Ⓜ️","intfloat/e5-small-v2","0"
"cat_REG_TEXT_USED_CAR_PAKISTAN_all_0","2026-09-03T04:58:04.000Z","180","finished","0.8613073867631681","REG_TEXT_USED_CAR_PAKISTAN","CatBoost 😸","intfloat/e5-small-v2","0"
"cat_REG_TEXT_USED_CAR_PAKISTAN_text_only_0","2026-09-03T04:57:11.000Z","91","finished","0.7648138200415838","REG_TEXT_USED_CAR_PAKISTAN","CatBoost 😸","intfloat/e5-small-v2","0"
"cat_REG_TEXT_USED_CAR_PAKISTAN_no_text_0","2026-09-03T04:56:44.000Z","22","finished","0.8173613998502016","REG_TEXT_USED_CAR_PAKISTAN","CatBoost 😸","intfloat/e5-small-v2","0"
"light_REG_TEXT_USED_CAR_PAKISTAN_all_0","2026-09-03T04:55:31.000Z","67","finished","0.8480508659208438","REG_TEXT_USED_CAR_PAKISTAN","LightGBM 💡","intfloat/e5-small-v2","0"
"light_REG_TEXT_USED_CAR_PAKISTAN_text_only_0","2026-09-03T04:54:56.000Z","173","finished","0.7619746274121233","REG_TEXT_USED_CAR_PAKISTAN","LightGBM 💡","intfloat/e5-small-v2","0"
"light_REG_TEXT_USED_CAR_PAKISTAN_no_text_0","2026-09-03T04:54:35.000Z","14","finished","0.8117673285194891","REG_TEXT_USED_CAR_PAKISTAN","LightGBM 💡","intfloat/e5-small-v2","0"
"tabpfnv2p5_REG_TEXT_ANIME_PLANET_text_only_2","2026-09-03T04:28:04.000Z","741","finished","0.6521257059074276","REG_TEXT_ANIME_PLANET","TabPFN-v2p5 🇩🇪","intfloat/e5-small-v2","2"
"tabpfnv2p5_REG_TEXT_ANIME_PLANET_no_text_2","2026-09-03T04:27:43.000Z","17","finished","0.6875424066556668","REG_TEXT_ANIME_PLANET","TabPFN-v2p5 🇩🇪","intfloat/e5-small-v2","2"
"tabpfnv2_REG_TEXT_ANIME_PLANET_all_2","2026-09-03T04:26:50.000Z","526","finished","0.7600536202840734","REG_TEXT_ANIME_PLANET","TabPFN-v2 🤯","intfloat/e5-small-v2","2"
"tabpfnv2_REG_TEXT_ANIME_PLANET_text_only_2","2026-09-03T04:25:28.000Z","230","finished","0.6127057940290805","REG_TEXT_ANIME_PLANET","TabPFN-v2 🤯","intfloat/e5-small-v2","2"
"tabpfnv2_REG_TEXT_ANIME_PLANET_no_text_2","2026-09-03T04:25:07.000Z","15","finished","0.6881771459831728","REG_TEXT_ANIME_PLANET","TabPFN-v2 🤯","intfloat/e5-small-v2","2"
"tabm_REG_TEXT_ANIME_PLANET_all_2","2026-09-03T04:24:54.000Z","577","finished","0.7564524499596023","REG_TEXT_ANIME_PLANET","TabM Ⓜ️","intfloat/e5-small-v2","2"
"tabm_REG_TEXT_ANIME_PLANET_text_only_2","2026-09-03T04:21:48.000Z","195","finished","0.6313562725315571","REG_TEXT_ANIME_PLANET","TabM Ⓜ️","intfloat/e5-small-v2","2"
"tabm_REG_TEXT_ANIME_PLANET_no_text_2","2026-09-03T04:21:27.000Z","16","finished","0.6766998399800188","REG_TEXT_ANIME_PLANET","TabM Ⓜ️","intfloat/e5-small-v2","2"
"cat_REG_TEXT_ANIME_PLANET_all_2","2026-09-03T04:19:24.000Z","630","finished","0.7447167328285835","REG_TEXT_ANIME_PLANET","CatBoost 😸","intfloat/e5-small-v2","2"
"cat_REG_TEXT_ANIME_PLANET_text_only_2","2026-09-03T04:19:06.000Z","462","finished","0.6192898571217094","REG_TEXT_ANIME_PLANET","CatBoost 😸","intfloat/e5-small-v2","2"
"cat_REG_TEXT_ANIME_PLANET_no_text_2","2026-09-03T04:19:03.000Z","16","finished","0.6816337492301201","REG_TEXT_ANIME_PLANET","CatBoost 😸","intfloat/e5-small-v2","2"
"light_REG_TEXT_ANIME_PLANET_all_2","2026-09-03T04:18:14.000Z","191","finished","0.7339527624597637","REG_TEXT_ANIME_PLANET","LightGBM 💡","intfloat/e5-small-v2","2"
"light_REG_TEXT_ANIME_PLANET_text_only_2","2026-09-03T04:16:45.000Z","920","finished","0.5927473999146113","REG_TEXT_ANIME_PLANET","LightGBM 💡","intfloat/e5-small-v2","2"
"light_REG_TEXT_ANIME_PLANET_no_text_2","2026-09-03T04:16:24.000Z","14","finished","0.6775728671226892","REG_TEXT_ANIME_PLANET","LightGBM 💡","intfloat/e5-small-v2","2"
"tabpfnv2p5_REG_TEXT_ANIME_PLANET_text_only_1","2026-09-03T04:13:57.000Z","653","finished","0.6560875115963722","REG_TEXT_ANIME_PLANET","TabPFN-v2p5 🇩🇪","intfloat/e5-small-v2","1"
"tabpfnv2p5_REG_TEXT_ANIME_PLANET_no_text_1","2026-09-03T04:13:35.000Z","17","finished","0.6593822321220629","REG_TEXT_ANIME_PLANET","TabPFN-v2p5 🇩🇪","intfloat/e5-small-v2","1"
"tabpfnv2_REG_TEXT_ANIME_PLANET_all_1","2026-09-03T04:13:34.000Z","843","finished","0.7531962551021629","REG_TEXT_ANIME_PLANET","TabPFN-v2 🤯","intfloat/e5-small-v2","1"
"tabpfnv2_REG_TEXT_ANIME_PLANET_text_only_1","2026-09-03T04:13:17.000Z","1060","finished","0.6162194756926009","REG_TEXT_ANIME_PLANET","TabPFN-v2 🤯","intfloat/e5-small-v2","1"
"tabpfnv2_REG_TEXT_ANIME_PLANET_no_text_1","2026-09-03T04:13:12.000Z","19","finished","0.6590587348802557","REG_TEXT_ANIME_PLANET","TabPFN-v2 🤯","intfloat/e5-small-v2","1"
"tabm_REG_TEXT_ANIME_PLANET_all_1","2026-09-03T04:11:31.000Z","202","finished","0.7637007843254519","REG_TEXT_ANIME_PLANET","TabM Ⓜ️","intfloat/e5-small-v2","1"
"tabm_REG_TEXT_ANIME_PLANET_text_only_1","2026-09-03T04:11:12.000Z","469","finished","0.629018775559307","REG_TEXT_ANIME_PLANET","TabM Ⓜ️","intfloat/e5-small-v2","1"
"tabm_REG_TEXT_ANIME_PLANET_no_text_1","2026-09-03T04:11:10.000Z","15","finished","0.6477961937820489","REG_TEXT_ANIME_PLANET","TabM Ⓜ️","intfloat/e5-small-v2","1"
"cat_REG_TEXT_ANIME_PLANET_all_1","2026-09-03T04:08:31.000Z","628","finished","0.7467836183862581","REG_TEXT_ANIME_PLANET","CatBoost 😸","intfloat/e5-small-v2","1"
"cat_REG_TEXT_ANIME_PLANET_text_only_1","2026-09-03T04:07:25.000Z","221","finished","0.6242433600348267","REG_TEXT_ANIME_PLANET","CatBoost 😸","intfloat/e5-small-v2","1"
"cat_REG_TEXT_ANIME_PLANET_no_text_1","2026-09-03T04:06:58.000Z","22","finished","0.651882140982744","REG_TEXT_ANIME_PLANET","CatBoost 😸","intfloat/e5-small-v2","1"
"light_REG_TEXT_ANIME_PLANET_all_1","2026-09-03T04:03:40.000Z","196","finished","0.7302587216887804","REG_TEXT_ANIME_PLANET","LightGBM 💡","intfloat/e5-small-v2","1"
"light_REG_TEXT_ANIME_PLANET_text_only_1","2026-09-03T04:03:33.000Z","453","finished","0.5917066485353164","REG_TEXT_ANIME_PLANET","LightGBM 💡","intfloat/e5-small-v2","1"
"light_REG_TEXT_ANIME_PLANET_no_text_1","2026-09-03T04:03:24.000Z","13","finished","0.65043005047588","REG_TEXT_ANIME_PLANET","LightGBM 💡","intfloat/e5-small-v2","1"
"tabpfnv2p5_REG_TEXT_ANIME_PLANET_all_0","2026-09-03T04:02:34.000Z","658","finished","0.7483462794965081","REG_TEXT_ANIME_PLANET","TabPFN-v2p5 🇩🇪","intfloat/e5-small-v2","0"
"tabpfnv2_REG_TEXT_ANIME_PLANET_all_0","2026-09-03T03:59:01.000Z","848","finished","0.7292549816166071","REG_TEXT_ANIME_PLANET","TabPFN-v2 🤯","intfloat/e5-small-v2","0"
"tabpfnv2_REG_TEXT_ANIME_PLANET_text_only_0","2026-09-03T03:58:34.000Z","1067","finished","0.5962957477232951","REG_TEXT_ANIME_PLANET","TabPFN-v2 🤯","intfloat/e5-small-v2","0"
"tabpfnv2_REG_TEXT_ANIME_PLANET_no_text_0","2026-09-03T03:58:07.000Z","19","finished","0.6485137296851085","REG_TEXT_ANIME_PLANET","TabPFN-v2 🤯","intfloat/e5-small-v2","0"
"tabm_REG_TEXT_ANIME_PLANET_all_0","2026-09-03T03:58:00.000Z","624","finished","0.7443739412141537","REG_TEXT_ANIME_PLANET","TabM Ⓜ️","intfloat/e5-small-v2","0"
"tabm_REG_TEXT_ANIME_PLANET_text_only_0","2026-09-03T03:57:11.000Z","962","finished","0.6171249005535329","REG_TEXT_ANIME_PLANET","TabM Ⓜ️","intfloat/e5-small-v2","0"
"tabm_REG_TEXT_ANIME_PLANET_no_text_0","2026-09-03T03:56:39.000Z","29","finished","0.6333173116381725","REG_TEXT_ANIME_PLANET","TabM Ⓜ️","intfloat/e5-small-v2","0"
"cat_REG_TEXT_ANIME_PLANET_all_0","2026-09-03T03:56:00.000Z","224","finished","0.7264263810642879","REG_TEXT_ANIME_PLANET","CatBoost 😸","intfloat/e5-small-v2","0"
"cat_REG_TEXT_ANIME_PLANET_text_only_0","2026-09-03T03:55:48.000Z","462","finished","0.6065531612405098","REG_TEXT_ANIME_PLANET","CatBoost 😸","intfloat/e5-small-v2","0"
"cat_REG_TEXT_ANIME_PLANET_no_text_0","2026-09-03T03:55:27.000Z","16","finished","0.6370528630606952","REG_TEXT_ANIME_PLANET","CatBoost 😸","intfloat/e5-small-v2","0"
"light_REG_TEXT_ANIME_PLANET_all_0","2026-09-03T03:53:10.000Z","561","finished","0.7033672924670538","REG_TEXT_ANIME_PLANET","LightGBM 💡","intfloat/e5-small-v2","0"
"light_REG_TEXT_ANIME_PLANET_text_only_0","2026-09-03T03:52:36.000Z","200","finished","0.5837123739237406","REG_TEXT_ANIME_PLANET","LightGBM 💡","intfloat/e5-small-v2","0"
"light_REG_TEXT_ANIME_PLANET_no_text_0","2026-09-03T03:52:15.000Z","15","finished","0.6368285025373921","REG_TEXT_ANIME_PLANET","LightGBM 💡","intfloat/e5-small-v2","0"
"tabpfnv2p5_REG_TEXT_AIRBNB_SEATTLE_all_2","2026-09-03T03:29:43.000Z","537","finished","0.6138126210069723","REG_TEXT_AIRBNB_SEATTLE","TabPFN-v2p5 🇩🇪","intfloat/e5-small-v2","2"
"tabpfnv2_REG_TEXT_AIRBNB_SEATTLE_all_2","2026-09-03T03:27:25.000Z","563","finished","0.6490319003500419","REG_TEXT_AIRBNB_SEATTLE","TabPFN-v2 🤯","intfloat/e5-small-v2","2"
"tabpfnv2_REG_TEXT_AIRBNB_SEATTLE_text_only_2","2026-09-03T03:27:00.000Z","608","finished","0.4847784973798075","REG_TEXT_AIRBNB_SEATTLE","TabPFN-v2 🤯","intfloat/e5-small-v2","2"
"tabpfnv2_REG_TEXT_AIRBNB_SEATTLE_no_text_2","2026-09-03T03:26:58.000Z","20","finished","0.6625665277515103","REG_TEXT_AIRBNB_SEATTLE","TabPFN-v2 🤯","intfloat/e5-small-v2","2"
"tabm_REG_TEXT_AIRBNB_SEATTLE_all_2","2026-09-03T03:25:25.000Z","329","finished","0.6271353886119935","REG_TEXT_AIRBNB_SEATTLE","TabM Ⓜ️","intfloat/e5-small-v2","2"
"tabm_REG_TEXT_AIRBNB_SEATTLE_text_only_2","2026-09-03T03:25:16.000Z","653","finished","0.4994545158653767","REG_TEXT_AIRBNB_SEATTLE","TabM Ⓜ️","intfloat/e5-small-v2","2"
"tabm_REG_TEXT_AIRBNB_SEATTLE_no_text_2","2026-09-03T03:25:04.000Z","15","finished","0.6360973643273349","REG_TEXT_AIRBNB_SEATTLE","TabM Ⓜ️","intfloat/e5-small-v2","2"
"cat_REG_TEXT_AIRBNB_SEATTLE_all_2","2026-09-03T03:24:48.000Z","242","finished","0.6165132907435603","REG_TEXT_AIRBNB_SEATTLE","CatBoost 😸","intfloat/e5-small-v2","2"
"cat_REG_TEXT_AIRBNB_SEATTLE_text_only_2","2026-09-03T03:24:32.000Z","649","finished","0.478473757728901","REG_TEXT_AIRBNB_SEATTLE","CatBoost 😸","intfloat/e5-small-v2","2"
"cat_REG_TEXT_AIRBNB_SEATTLE_no_text_2","2026-09-03T03:24:28.000Z","42","finished","0.6434837173545858","REG_TEXT_AIRBNB_SEATTLE","CatBoost 😸","intfloat/e5-small-v2","2"
"light_REG_TEXT_AIRBNB_SEATTLE_all_2","2026-09-03T03:22:19.000Z","441","finished","0.6225962854727993","REG_TEXT_AIRBNB_SEATTLE","LightGBM 💡","intfloat/e5-small-v2","2"
"light_REG_TEXT_AIRBNB_SEATTLE_text_only_2","2026-09-03T03:22:16.000Z","149","finished","0.45548906450052096","REG_TEXT_AIRBNB_SEATTLE","LightGBM 💡","intfloat/e5-small-v2","2"
"light_REG_TEXT_AIRBNB_SEATTLE_no_text_2","2026-09-03T03:21:58.000Z","14","finished","0.631609610964708","REG_TEXT_AIRBNB_SEATTLE","LightGBM 💡","intfloat/e5-small-v2","2"
"tabpfnv2p5_REG_TEXT_AIRBNB_SEATTLE_all_1","2026-09-03T03:19:02.000Z","356","finished","0.7333944258447598","REG_TEXT_AIRBNB_SEATTLE","TabPFN-v2p5 🇩🇪","intfloat/e5-small-v2","1"
"tabpfnv2p5_REG_TEXT_AIRBNB_SEATTLE_text_only_1","2026-09-03T03:18:45.000Z","490","finished","0.46354109269797794","REG_TEXT_AIRBNB_SEATTLE","TabPFN-v2p5 🇩🇪","intfloat/e5-small-v2","1"
"tabpfnv2p5_REG_TEXT_AIRBNB_SEATTLE_no_text_1","2026-09-03T03:18:24.000Z","17","finished","0.6965793644671909","REG_TEXT_AIRBNB_SEATTLE","TabPFN-v2p5 🇩🇪","intfloat/e5-small-v2","1"
"tabpfnv2_REG_TEXT_AIRBNB_SEATTLE_all_1","2026-09-03T03:17:29.000Z","566","finished","0.6974082728568266","REG_TEXT_AIRBNB_SEATTLE","TabPFN-v2 🤯","intfloat/e5-small-v2","1"
"tabpfnv2_REG_TEXT_AIRBNB_SEATTLE_text_only_1","2026-09-03T03:16:16.000Z","353","finished","0.4127734671260912","REG_TEXT_AIRBNB_SEATTLE","TabPFN-v2 🤯","intfloat/e5-small-v2","1"
"tabpfnv2_REG_TEXT_AIRBNB_SEATTLE_no_text_1","2026-09-03T03:15:55.000Z","15","finished","0.6716008332215737","REG_TEXT_AIRBNB_SEATTLE","TabPFN-v2 🤯","intfloat/e5-small-v2","1"
"tabm_REG_TEXT_AIRBNB_SEATTLE_all_1","2026-09-03T03:14:55.000Z","421","finished","0.6490929618727124","REG_TEXT_AIRBNB_SEATTLE","TabM Ⓜ️","intfloat/e5-small-v2","1"
"tabm_REG_TEXT_AIRBNB_SEATTLE_text_only_1","2026-09-03T03:14:30.000Z","598","finished","0.43985539822527386","REG_TEXT_AIRBNB_SEATTLE","TabM Ⓜ️","intfloat/e5-small-v2","1"
"tabm_REG_TEXT_AIRBNB_SEATTLE_no_text_1","2026-09-03T03:14:09.000Z","18","finished","0.6860047819908044","REG_TEXT_AIRBNB_SEATTLE","TabM Ⓜ️","intfloat/e5-small-v2","1"
"cat_REG_TEXT_AIRBNB_SEATTLE_all_1","2026-09-03T03:13:51.000Z","632","finished","0.6931841227852383","REG_TEXT_AIRBNB_SEATTLE","CatBoost 😸","intfloat/e5-small-v2","1"
"cat_REG_TEXT_AIRBNB_SEATTLE_text_only_1","2026-09-03T03:13:38.000Z","320","finished","0.366116998744124","REG_TEXT_AIRBNB_SEATTLE","CatBoost 😸","intfloat/e5-small-v2","1"
"cat_REG_TEXT_AIRBNB_SEATTLE_no_text_1","2026-09-03T03:13:34.000Z","135","finished","0.6820792961342117","REG_TEXT_AIRBNB_SEATTLE","CatBoost 😸","intfloat/e5-small-v2","1"
"light_REG_TEXT_AIRBNB_SEATTLE_all_1","2026-09-03T03:11:06.000Z","433","finished","0.6653544205247994","REG_TEXT_AIRBNB_SEATTLE","LightGBM 💡","intfloat/e5-small-v2","1"
"light_REG_TEXT_AIRBNB_SEATTLE_text_only_1","2026-09-03T03:11:02.000Z","148","finished","0.3809005614388116","REG_TEXT_AIRBNB_SEATTLE","LightGBM 💡","intfloat/e5-small-v2","1"
"light_REG_TEXT_AIRBNB_SEATTLE_no_text_1","2026-09-03T03:10:50.000Z","13","finished","0.6684059798181521","REG_TEXT_AIRBNB_SEATTLE","LightGBM 💡","intfloat/e5-small-v2","1"
"tabpfnv2p5_REG_TEXT_AIRBNB_SEATTLE_all_0","2026-09-03T03:10:06.000Z","439","finished","0.7352136054871905","REG_TEXT_AIRBNB_SEATTLE","TabPFN-v2p5 🇩🇪","intfloat/e5-small-v2","0"
"tabpfnv2p5_REG_TEXT_AIRBNB_SEATTLE_text_only_0","2026-09-03T03:07:38.000Z","353","finished","0.5723736584173943","REG_TEXT_AIRBNB_SEATTLE","TabPFN-v2p5 🇩🇪","intfloat/e5-small-v2","0"
"tabpfnv2p5_REG_TEXT_AIRBNB_SEATTLE_no_text_0","2026-09-03T03:07:17.000Z","17","finished","0.7256243226603643","REG_TEXT_AIRBNB_SEATTLE","TabPFN-v2p5 🇩🇪","intfloat/e5-small-v2","0"
"tabpfnv2_REG_TEXT_AIRBNB_SEATTLE_all_0","2026-09-03T03:04:41.000Z","379","finished","0.7185043976548227","REG_TEXT_AIRBNB_SEATTLE","TabPFN-v2 🤯","intfloat/e5-small-v2","0"
"tabpfnv2_REG_TEXT_AIRBNB_SEATTLE_text_only_0","2026-09-03T03:04:14.000Z","639","finished","0.5199831886872761","REG_TEXT_AIRBNB_SEATTLE","TabPFN-v2 🤯","intfloat/e5-small-v2","0"
"tabpfnv2_REG_TEXT_AIRBNB_SEATTLE_no_text_0","2026-09-03T03:03:47.000Z","21","finished","0.7161196768068874","REG_TEXT_AIRBNB_SEATTLE","TabPFN-v2 🤯","intfloat/e5-small-v2","0"
"tabm_REG_TEXT_AIRBNB_SEATTLE_all_0","2026-09-03T03:03:26.000Z","438","finished","0.7474780501484715","REG_TEXT_AIRBNB_SEATTLE","TabM Ⓜ️","intfloat/e5-small-v2","0"
"tabm_REG_TEXT_AIRBNB_SEATTLE_text_only_0","2026-09-03T03:03:20.000Z","643","finished","0.5608733046072091","REG_TEXT_AIRBNB_SEATTLE","TabM Ⓜ️","intfloat/e5-small-v2","0"
"tabm_REG_TEXT_AIRBNB_SEATTLE_no_text_0","2026-09-03T03:02:59.000Z","18","finished","0.6606541663663771","REG_TEXT_AIRBNB_SEATTLE","TabM Ⓜ️","intfloat/e5-small-v2","0"
"cat_REG_TEXT_AIRBNB_SEATTLE_all_0","2026-09-03T03:02:58.000Z","421","finished","0.7093330712991445","REG_TEXT_AIRBNB_SEATTLE","CatBoost 😸","intfloat/e5-small-v2","0"
"cat_REG_TEXT_AIRBNB_SEATTLE_text_only_0","2026-09-03T03:02:47.000Z","658","finished","0.4678973478354941","REG_TEXT_AIRBNB_SEATTLE","CatBoost 😸","intfloat/e5-small-v2","0"
"cat_REG_TEXT_AIRBNB_SEATTLE_no_text_0","2026-09-03T03:02:28.000Z","28","finished","0.680180900315002","REG_TEXT_AIRBNB_SEATTLE","CatBoost 😸","intfloat/e5-small-v2","0"
"light_REG_TEXT_AIRBNB_SEATTLE_all_0","2026-09-03T03:01:54.000Z","162","finished","0.6817031480291822","REG_TEXT_AIRBNB_SEATTLE","LightGBM 💡","intfloat/e5-small-v2","0"
"light_REG_TEXT_AIRBNB_SEATTLE_text_only_0","2026-09-03T03:01:48.000Z","325","finished","0.42002101734600983","REG_TEXT_AIRBNB_SEATTLE","LightGBM 💡","intfloat/e5-small-v2","0"
"light_REG_TEXT_AIRBNB_SEATTLE_no_text_0","2026-09-03T03:01:32.000Z","15","finished","0.6796990963686855","REG_TEXT_AIRBNB_SEATTLE","LightGBM 💡","intfloat/e5-small-v2","0"
"tabpfnv2p5_REG_TEXT_WINE_VIVINO_SPAIN_text_only_2","2026-09-03T02:53:41.000Z","171","finished","0.7624293443284743","REG_TEXT_WINE_VIVINO_SPAIN","TabPFN-v2p5 🇩🇪","intfloat/e5-small-v2","2"
"tabpfnv2p5_REG_TEXT_WINE_VIVINO_SPAIN_no_text_2","2026-09-03T02:53:20.000Z","14","finished","0.8150800717998239","REG_TEXT_WINE_VIVINO_SPAIN","TabPFN-v2p5 🇩🇪","intfloat/e5-small-v2","2"
"tabpfnv2_REG_TEXT_WINE_VIVINO_SPAIN_all_2","2026-09-03T02:53:08.000Z","70","finished","0.8073665653926998","REG_TEXT_WINE_VIVINO_SPAIN","TabPFN-v2 🤯","intfloat/e5-small-v2","2"
"tabpfnv2_REG_TEXT_WINE_VIVINO_SPAIN_text_only_2","2026-09-03T02:52:59.000Z","125","finished","0.7418551473525236","REG_TEXT_WINE_VIVINO_SPAIN","TabPFN-v2 🤯","intfloat/e5-small-v2","2"
"tabpfnv2_REG_TEXT_WINE_VIVINO_SPAIN_no_text_2","2026-09-03T02:52:38.000Z","15","finished","0.8026933513618524","REG_TEXT_WINE_VIVINO_SPAIN","TabPFN-v2 🤯","intfloat/e5-small-v2","2"
"tabm_REG_TEXT_WINE_VIVINO_SPAIN_all_2","2026-09-03T02:52:36.000Z","137","finished","0.8285579456610135","REG_TEXT_WINE_VIVINO_SPAIN","TabM Ⓜ️","intfloat/e5-small-v2","2"
"tabm_REG_TEXT_WINE_VIVINO_SPAIN_text_only_2","2026-09-03T02:52:22.000Z","155","finished","0.7570090012661578","REG_TEXT_WINE_VIVINO_SPAIN","TabM Ⓜ️","intfloat/e5-small-v2","2"
"tabm_REG_TEXT_WINE_VIVINO_SPAIN_no_text_2","2026-09-03T02:52:01.000Z","17","finished","0.8245617134098657","REG_TEXT_WINE_VIVINO_SPAIN","TabM Ⓜ️","intfloat/e5-small-v2","2"
"cat_REG_TEXT_WINE_VIVINO_SPAIN_all_2","2026-09-03T02:51:54.000Z","71","finished","0.8378401247055354","REG_TEXT_WINE_VIVINO_SPAIN","CatBoost 😸","intfloat/e5-small-v2","2"
"cat_REG_TEXT_WINE_VIVINO_SPAIN_text_only_2","2026-09-03T02:51:33.000Z","218","finished","0.7628757317768069","REG_TEXT_WINE_VIVINO_SPAIN","CatBoost 😸","intfloat/e5-small-v2","2"
"cat_REG_TEXT_WINE_VIVINO_SPAIN_no_text_2","2026-09-03T02:51:12.000Z","16","finished","0.8149512164672483","REG_TEXT_WINE_VIVINO_SPAIN","CatBoost 😸","intfloat/e5-small-v2","2"
"light_REG_TEXT_WINE_VIVINO_SPAIN_all_2","2026-09-03T02:50:56.000Z","53","finished","0.827229159736349","REG_TEXT_WINE_VIVINO_SPAIN","LightGBM 💡","intfloat/e5-small-v2","2"
"light_REG_TEXT_WINE_VIVINO_SPAIN_text_only_2","2026-09-03T02:50:53.000Z","143","finished","0.7560465297896604","REG_TEXT_WINE_VIVINO_SPAIN","LightGBM 💡","intfloat/e5-small-v2","2"
"light_REG_TEXT_WINE_VIVINO_SPAIN_no_text_2","2026-09-03T02:50:40.000Z","14","finished","0.815133116329704","REG_TEXT_WINE_VIVINO_SPAIN","LightGBM 💡","intfloat/e5-small-v2","2"
"tabpfnv2p5_REG_TEXT_WINE_VIVINO_SPAIN_all_1","2026-09-03T02:50:34.000Z","239","finished","0.8075272689647132","REG_TEXT_WINE_VIVINO_SPAIN","TabPFN-v2p5 🇩🇪","intfloat/e5-small-v2","1"
"tabpfnv2p5_REG_TEXT_WINE_VIVINO_SPAIN_text_only_1","2026-09-03T02:50:32.000Z","122","finished","0.7655763177075642","REG_TEXT_WINE_VIVINO_SPAIN","TabPFN-v2p5 🇩🇪","intfloat/e5-small-v2","1"
"tabpfnv2p5_REG_TEXT_WINE_VIVINO_SPAIN_no_text_1","2026-09-03T02:50:11.000Z","16","finished","0.7917323921321795","REG_TEXT_WINE_VIVINO_SPAIN","TabPFN-v2p5 🇩🇪","intfloat/e5-small-v2","1"
"tabpfnv2_REG_TEXT_WINE_VIVINO_SPAIN_all_1","2026-09-03T02:49:49.000Z","163","finished","0.7960767346457261","REG_TEXT_WINE_VIVINO_SPAIN","TabPFN-v2 🤯","intfloat/e5-small-v2","1"
"tabpfnv2_REG_TEXT_WINE_VIVINO_SPAIN_text_only_1","2026-09-03T02:49:32.000Z","62","finished","0.746288203080691","REG_TEXT_WINE_VIVINO_SPAIN","TabPFN-v2 🤯","intfloat/e5-small-v2","1"
"tabpfnv2_REG_TEXT_WINE_VIVINO_SPAIN_no_text_1","2026-09-03T02:49:28.000Z","16","finished","0.7891723366825831","REG_TEXT_WINE_VIVINO_SPAIN","TabPFN-v2 🤯","intfloat/e5-small-v2","1"
"tabm_REG_TEXT_WINE_VIVINO_SPAIN_all_1","2026-09-03T02:49:24.000Z","154","finished","0.7892849724943121","REG_TEXT_WINE_VIVINO_SPAIN","TabM Ⓜ️","intfloat/e5-small-v2","1"
"tabm_REG_TEXT_WINE_VIVINO_SPAIN_text_only_1","2026-09-03T02:48:34.000Z","55","finished","0.7539944454047756","REG_TEXT_WINE_VIVINO_SPAIN","TabM Ⓜ️","intfloat/e5-small-v2","1"
"tabm_REG_TEXT_WINE_VIVINO_SPAIN_no_text_1","2026-09-03T02:48:17.000Z","13","finished","0.7819847979673615","REG_TEXT_WINE_VIVINO_SPAIN","TabM Ⓜ️","intfloat/e5-small-v2","1"
"cat_REG_TEXT_WINE_VIVINO_SPAIN_all_1","2026-09-03T02:48:16.000Z","150","finished","0.8084084991290408","REG_TEXT_WINE_VIVINO_SPAIN","CatBoost 😸","intfloat/e5-small-v2","1"
"cat_REG_TEXT_WINE_VIVINO_SPAIN_text_only_1","2026-09-03T02:48:11.000Z","114","finished","0.7825463778586292","REG_TEXT_WINE_VIVINO_SPAIN","CatBoost 😸","intfloat/e5-small-v2","1"
"cat_REG_TEXT_WINE_VIVINO_SPAIN_no_text_1","2026-09-03T02:47:45.000Z","26","finished","0.7790566028444968","REG_TEXT_WINE_VIVINO_SPAIN","CatBoost 😸","intfloat/e5-small-v2","1"
"light_REG_TEXT_WINE_VIVINO_SPAIN_all_1","2026-09-03T02:47:32.000Z","214","finished","0.8017200899682191","REG_TEXT_WINE_VIVINO_SPAIN","LightGBM 💡","intfloat/e5-small-v2","1"
"light_REG_TEXT_WINE_VIVINO_SPAIN_text_only_1","2026-09-03T02:47:12.000Z","132","finished","0.7509347602694197","REG_TEXT_WINE_VIVINO_SPAIN","LightGBM 💡","intfloat/e5-small-v2","1"
"light_REG_TEXT_WINE_VIVINO_SPAIN_no_text_1","2026-09-03T02:46:56.000Z","13","finished","0.7876261810126118","REG_TEXT_WINE_VIVINO_SPAIN","LightGBM 💡","intfloat/e5-small-v2","1"
"tabpfnv2p5_REG_TEXT_WINE_VIVINO_SPAIN_text_only_0","2026-09-03T02:46:29.000Z","239","finished","0.8054546231816702","REG_TEXT_WINE_VIVINO_SPAIN","TabPFN-v2p5 🇩🇪","intfloat/e5-small-v2","0"
"tabpfnv2p5_REG_TEXT_WINE_VIVINO_SPAIN_no_text_0","2026-09-03T02:46:07.000Z","17","finished","0.8458701559133278","REG_TEXT_WINE_VIVINO_SPAIN","TabPFN-v2p5 🇩🇪","intfloat/e5-small-v2","0"
"tabpfnv2_REG_TEXT_WINE_VIVINO_SPAIN_all_0","2026-09-03T02:46:05.000Z","196","finished","0.8284555731978831","REG_TEXT_WINE_VIVINO_SPAIN","TabPFN-v2 🤯","intfloat/e5-small-v2","0"
"tabpfnv2_REG_TEXT_WINE_VIVINO_SPAIN_text_only_0","2026-09-03T02:46:01.000Z","126","finished","0.7718002974942217","REG_TEXT_WINE_VIVINO_SPAIN","TabPFN-v2 🤯","intfloat/e5-small-v2","0"
"tabm_REG_TEXT_WINE_VIVINO_SPAIN_all_0","2026-09-03T02:45:44.000Z","55","finished","0.844581646142835","REG_TEXT_WINE_VIVINO_SPAIN","TabM Ⓜ️","intfloat/e5-small-v2","0"
"tabpfnv2_REG_TEXT_WINE_VIVINO_SPAIN_no_text_0","2026-09-03T02:45:44.000Z","17","finished","0.8273181768086582","REG_TEXT_WINE_VIVINO_SPAIN","TabPFN-v2 🤯","intfloat/e5-small-v2","0"
"tabm_REG_TEXT_WINE_VIVINO_SPAIN_text_only_0","2026-09-03T02:45:39.000Z","152","finished","0.7835588163786056","REG_TEXT_WINE_VIVINO_SPAIN","TabM Ⓜ️","intfloat/e5-small-v2","0"
"tabm_REG_TEXT_WINE_VIVINO_SPAIN_no_text_0","2026-09-03T02:45:23.000Z","15","finished","0.8497210947491617","REG_TEXT_WINE_VIVINO_SPAIN","TabM Ⓜ️","intfloat/e5-small-v2","0"
"cat_REG_TEXT_WINE_VIVINO_SPAIN_all_0","2026-09-03T02:44:35.000Z","133","finished","0.8498166526232538","REG_TEXT_WINE_VIVINO_SPAIN","CatBoost 😸","intfloat/e5-small-v2","0"
"cat_REG_TEXT_WINE_VIVINO_SPAIN_text_only_0","2026-09-03T02:44:20.000Z","56","finished","0.7896130666338498","REG_TEXT_WINE_VIVINO_SPAIN","CatBoost 😸","intfloat/e5-small-v2","0"
"cat_REG_TEXT_WINE_VIVINO_SPAIN_no_text_0","2026-09-03T02:44:14.000Z","14","finished","0.843517778868498","REG_TEXT_WINE_VIVINO_SPAIN","CatBoost 😸","intfloat/e5-small-v2","0"
"light_REG_TEXT_WINE_VIVINO_SPAIN_all_0","2026-09-03T02:44:05.000Z","110","finished","0.8392715910705959","REG_TEXT_WINE_VIVINO_SPAIN","LightGBM 💡","intfloat/e5-small-v2","0"
"light_REG_TEXT_WINE_VIVINO_SPAIN_text_only_0","2026-09-03T02:43:53.000Z","217","finished","0.7766509811886646","REG_TEXT_WINE_VIVINO_SPAIN","LightGBM 💡","intfloat/e5-small-v2","0"
"light_REG_TEXT_WINE_VIVINO_SPAIN_no_text_0","2026-09-03T02:43:52.000Z","15","finished","0.8471305770416664","REG_TEXT_WINE_VIVINO_SPAIN","LightGBM 💡","intfloat/e5-small-v2","0"
"tabpfnv2p5_REG_TEXT_WINE_POLISH_MARKET_all_2","2026-09-03T02:38:17.000Z","103","finished","0.8696064413911199","REG_TEXT_WINE_POLISH_MARKET","TabPFN-v2p5 🇩🇪","intfloat/e5-small-v2","2"
"tabpfnv2p5_REG_TEXT_WINE_POLISH_MARKET_text_only_2","2026-09-03T02:37:52.000Z","115","finished","0.2845094530316503","REG_TEXT_WINE_POLISH_MARKET","TabPFN-v2p5 🇩🇪","intfloat/e5-small-v2","2"
"tabpfnv2p5_REG_TEXT_WINE_POLISH_MARKET_no_text_2","2026-09-03T02:37:31.000Z","14","finished","0.7387743286738224","REG_TEXT_WINE_POLISH_MARKET","TabPFN-v2p5 🇩🇪","intfloat/e5-small-v2","2"
"tabpfnv2_REG_TEXT_WINE_POLISH_MARKET_all_2","2026-09-03T02:37:30.000Z","51","finished","0.42792281801938015","REG_TEXT_WINE_POLISH_MARKET","TabPFN-v2 🤯","intfloat/e5-small-v2","2"
"tabpfnv2_REG_TEXT_WINE_POLISH_MARKET_text_only_2","2026-09-03T02:37:28.000Z","161","finished","0.1786254112398492","REG_TEXT_WINE_POLISH_MARKET","TabPFN-v2 🤯","intfloat/e5-small-v2","2"
"tabpfnv2_REG_TEXT_WINE_POLISH_MARKET_no_text_2","2026-09-03T02:37:14.000Z","14","finished","0.6255516133143527","REG_TEXT_WINE_POLISH_MARKET","TabPFN-v2 🤯","intfloat/e5-small-v2","2"
"tabm_REG_TEXT_WINE_POLISH_MARKET_all_2","2026-09-03T02:37:07.000Z","103","finished","0.6438729499765805","REG_TEXT_WINE_POLISH_MARKET","TabM Ⓜ️","intfloat/e5-small-v2","2"
"tabm_REG_TEXT_WINE_POLISH_MARKET_text_only_2","2026-09-03T02:37:06.000Z","78","finished","0.17167557509684883","REG_TEXT_WINE_POLISH_MARKET","TabM Ⓜ️","intfloat/e5-small-v2","2"
"tabm_REG_TEXT_WINE_POLISH_MARKET_no_text_2","2026-09-03T02:36:58.000Z","14","finished","-0.2993226392700148","REG_TEXT_WINE_POLISH_MARKET","TabM Ⓜ️","intfloat/e5-small-v2","2"
"cat_REG_TEXT_WINE_POLISH_MARKET_all_2","2026-09-03T02:36:32.000Z","102","finished","0.7574918709152981","REG_TEXT_WINE_POLISH_MARKET","CatBoost 😸","intfloat/e5-small-v2","2"
"cat_REG_TEXT_WINE_POLISH_MARKET_text_only_2","2026-09-03T02:36:02.000Z","148","finished","-0.112795222146286","REG_TEXT_WINE_POLISH_MARKET","CatBoost 😸","intfloat/e5-small-v2","2"
"cat_REG_TEXT_WINE_POLISH_MARKET_no_text_2","2026-09-03T02:35:50.000Z","64","finished","0.21914150055429304","REG_TEXT_WINE_POLISH_MARKET","CatBoost 😸","intfloat/e5-small-v2","2"
"light_REG_TEXT_WINE_POLISH_MARKET_all_2","2026-09-03T02:35:42.000Z","77","finished","0.8144980649898611","REG_TEXT_WINE_POLISH_MARKET","LightGBM 💡","intfloat/e5-small-v2","2"
"light_REG_TEXT_WINE_POLISH_MARKET_text_only_2","2026-09-03T02:35:41.000Z","105","finished","0.06910214597587439","REG_TEXT_WINE_POLISH_MARKET","LightGBM 💡","intfloat/e5-small-v2","2"
"light_REG_TEXT_WINE_POLISH_MARKET_no_text_2","2026-09-03T02:35:34.000Z","13","finished","0.7109789939662581","REG_TEXT_WINE_POLISH_MARKET","LightGBM 💡","intfloat/e5-small-v2","2"
"tabpfnv2p5_REG_TEXT_WINE_POLISH_MARKET_all_1","2026-09-03T02:35:06.000Z","115","finished","0.7055591905125909","REG_TEXT_WINE_POLISH_MARKET","TabPFN-v2p5 🇩🇪","intfloat/e5-small-v2","1"
"tabpfnv2p5_REG_TEXT_WINE_POLISH_MARKET_no_text_1","2026-09-03T02:34:45.000Z","14","finished","0.6370360073506622","REG_TEXT_WINE_POLISH_MARKET","TabPFN-v2p5 🇩🇪","intfloat/e5-small-v2","1"
"tabpfnv2_REG_TEXT_WINE_POLISH_MARKET_all_1","2026-09-03T02:34:42.000Z","108","finished","0.7412440042102699","REG_TEXT_WINE_POLISH_MARKET","TabPFN-v2 🤯","intfloat/e5-small-v2","1"
"tabpfnv2_REG_TEXT_WINE_POLISH_MARKET_text_only_1","2026-09-03T02:34:41.000Z","160","finished","0.538626496889387","REG_TEXT_WINE_POLISH_MARKET","TabPFN-v2 🤯","intfloat/e5-small-v2","1"
"tabpfnv2_REG_TEXT_WINE_POLISH_MARKET_no_text_1","2026-09-03T02:34:19.000Z","17","finished","0.677005810605531","REG_TEXT_WINE_POLISH_MARKET","TabPFN-v2 🤯","intfloat/e5-small-v2","1"
"tabm_REG_TEXT_WINE_POLISH_MARKET_all_1","2026-09-03T02:34:18.000Z","80","finished","0.608284819148497","REG_TEXT_WINE_POLISH_MARKET","TabM Ⓜ️","intfloat/e5-small-v2","1"
"tabm_REG_TEXT_WINE_POLISH_MARKET_text_only_1","2026-09-03T02:33:59.000Z","42","finished","0.188621586752202","REG_TEXT_WINE_POLISH_MARKET","TabM Ⓜ️","intfloat/e5-small-v2","1"
"tabm_REG_TEXT_WINE_POLISH_MARKET_no_text_1","2026-09-03T02:33:43.000Z","13","finished","0.6230611637490651","REG_TEXT_WINE_POLISH_MARKET","TabM Ⓜ️","intfloat/e5-small-v2","1"
"cat_REG_TEXT_WINE_POLISH_MARKET_all_1","2026-09-03T02:33:41.000Z","114","finished","0.6772379218080593","REG_TEXT_WINE_POLISH_MARKET","CatBoost 😸","intfloat/e5-small-v2","1"
"cat_REG_TEXT_WINE_POLISH_MARKET_text_only_1","2026-09-03T02:33:30.000Z","148","finished","0.2231994107934533","REG_TEXT_WINE_POLISH_MARKET","CatBoost 😸","intfloat/e5-small-v2","1"
"cat_REG_TEXT_WINE_POLISH_MARKET_no_text_1","2026-09-03T02:33:20.000Z","14","finished","0.6019279565431084","REG_TEXT_WINE_POLISH_MARKET","CatBoost 😸","intfloat/e5-small-v2","1"
"light_REG_TEXT_WINE_POLISH_MARKET_all_1","2026-09-03T02:33:08.000Z","91","finished","0.5849780190512351","REG_TEXT_WINE_POLISH_MARKET","LightGBM 💡","intfloat/e5-small-v2","1"
"light_REG_TEXT_WINE_POLISH_MARKET_text_only_1","2026-09-03T02:32:56.000Z","42","finished","-0.02005387833549177","REG_TEXT_WINE_POLISH_MARKET","LightGBM 💡","intfloat/e5-small-v2","1"
"light_REG_TEXT_WINE_POLISH_MARKET_no_text_1","2026-09-03T02:32:52.000Z","13","finished","0.1383102925207791","REG_TEXT_WINE_POLISH_MARKET","LightGBM 💡","intfloat/e5-small-v2","1"
"tabpfnv2p5_REG_TEXT_WINE_POLISH_MARKET_all_0","2026-09-03T02:32:50.000Z","112","finished","0.5613664370459555","REG_TEXT_WINE_POLISH_MARKET","TabPFN-v2p5 🇩🇪","intfloat/e5-small-v2","0"
"tabpfnv2p5_REG_TEXT_WINE_POLISH_MARKET_text_only_0","2026-09-03T02:32:49.000Z","85","finished","0.1094386592929647","REG_TEXT_WINE_POLISH_MARKET","TabPFN-v2p5 🇩🇪","intfloat/e5-small-v2","0"
"tabpfnv2p5_REG_TEXT_WINE_POLISH_MARKET_no_text_0","2026-09-03T02:32:29.000Z","14","finished","0.568691782961759","REG_TEXT_WINE_POLISH_MARKET","TabPFN-v2p5 🇩🇪","intfloat/e5-small-v2","0"
"tabpfnv2_REG_TEXT_WINE_POLISH_MARKET_all_0","2026-09-03T02:31:53.000Z","55","finished","0.3964765743313486","REG_TEXT_WINE_POLISH_MARKET","TabPFN-v2 🤯","intfloat/e5-small-v2","0"
"tabpfnv2_REG_TEXT_WINE_POLISH_MARKET_no_text_0","2026-09-03T02:31:32.000Z","14","finished","0.528291105314052","REG_TEXT_WINE_POLISH_MARKET","TabPFN-v2 🤯","intfloat/e5-small-v2","0"
"tabpfnv2_REG_TEXT_WINE_POLISH_MARKET_text_only_0","2026-09-03T02:31:32.000Z","162","finished","0.09929875356804452","REG_TEXT_WINE_POLISH_MARKET","TabPFN-v2 🤯","intfloat/e5-small-v2","0"
"tabm_REG_TEXT_WINE_POLISH_MARKET_all_0","2026-09-03T02:31:30.000Z","107","finished","0.7088419178213505","REG_TEXT_WINE_POLISH_MARKET","TabM Ⓜ️","intfloat/e5-small-v2","0"
"tabm_REG_TEXT_WINE_POLISH_MARKET_text_only_0","2026-09-03T02:31:25.000Z","81","finished","0.07482882755967857","REG_TEXT_WINE_POLISH_MARKET","TabM Ⓜ️","intfloat/e5-small-v2","0"
"tabm_REG_TEXT_WINE_POLISH_MARKET_no_text_0","2026-09-03T02:31:06.000Z","19","finished","0.6454547108195039","REG_TEXT_WINE_POLISH_MARKET","TabM Ⓜ️","intfloat/e5-small-v2","0"
"cat_REG_TEXT_WINE_POLISH_MARKET_all_0","2026-09-03T02:31:02.000Z","103","finished","0.5416270166764872","REG_TEXT_WINE_POLISH_MARKET","CatBoost 😸","intfloat/e5-small-v2","0"
"cat_REG_TEXT_WINE_POLISH_MARKET_text_only_0","2026-09-03T02:30:53.000Z","150","finished","0.08279468185132954","REG_TEXT_WINE_POLISH_MARKET","CatBoost 😸","intfloat/e5-small-v2","0"
"cat_REG_TEXT_WINE_POLISH_MARKET_no_text_0","2026-09-03T02:30:44.000Z","17","finished","0.5044185714044729","REG_TEXT_WINE_POLISH_MARKET","CatBoost 😸","intfloat/e5-small-v2","0"
"light_REG_TEXT_WINE_POLISH_MARKET_all_0","2026-09-03T02:30:44.000Z","44","finished","0.446248289165269","REG_TEXT_WINE_POLISH_MARKET","LightGBM 💡","intfloat/e5-small-v2","0"
"light_REG_TEXT_WINE_POLISH_MARKET_text_only_0","2026-09-03T02:30:39.000Z","104","finished","0.06532032676927879","REG_TEXT_WINE_POLISH_MARKET","LightGBM 💡","intfloat/e5-small-v2","0"
"light_REG_TEXT_WINE_POLISH_MARKET_no_text_0","2026-09-03T02:30:32.000Z","15","finished","0.4302633233389781","REG_TEXT_WINE_POLISH_MARKET","LightGBM 💡","intfloat/e5-small-v2","0"
"tabpfnv2p5_REG_TEXT_RAMEN_RATINGS_all_2","2026-09-03T02:26:15.000Z","122","finished","0.1716789359401134","REG_TEXT_RAMEN_RATINGS","TabPFN-v2p5 🇩🇪","intfloat/e5-small-v2","2"
"tabpfnv2p5_REG_TEXT_RAMEN_RATINGS_no_text_2","2026-09-03T02:25:59.000Z","15","finished","0.06578532135296766","REG_TEXT_RAMEN_RATINGS","TabPFN-v2p5 🇩🇪","intfloat/e5-small-v2","2"
"tabpfnv2_REG_TEXT_RAMEN_RATINGS_all_2","2026-09-03T02:25:46.000Z","92","finished","0.10353525196976276","REG_TEXT_RAMEN_RATINGS","TabPFN-v2 🤯","intfloat/e5-small-v2","2"
"tabpfnv2_REG_TEXT_RAMEN_RATINGS_text_only_2","2026-09-03T02:25:31.000Z","81","finished","0.0987671053493393","REG_TEXT_RAMEN_RATINGS","TabPFN-v2 🤯","intfloat/e5-small-v2","2"
"tabpfnv2_REG_TEXT_RAMEN_RATINGS_no_text_2","2026-09-03T02:25:25.000Z","14","finished","0.05144539908768242","REG_TEXT_RAMEN_RATINGS","TabPFN-v2 🤯","intfloat/e5-small-v2","2"
"tabm_REG_TEXT_RAMEN_RATINGS_all_2","2026-09-03T02:25:22.000Z","35","finished","0.11405426898248971","REG_TEXT_RAMEN_RATINGS","TabM Ⓜ️","intfloat/e5-small-v2","2"
"tabm_REG_TEXT_RAMEN_RATINGS_text_only_2","2026-09-03T02:25:17.000Z","81","finished","0.08006601035213401","REG_TEXT_RAMEN_RATINGS","TabM Ⓜ️","intfloat/e5-small-v2","2"
"tabm_REG_TEXT_RAMEN_RATINGS_no_text_2","2026-09-03T02:25:06.000Z","14","finished","0.07071903562769732","REG_TEXT_RAMEN_RATINGS","TabM Ⓜ️","intfloat/e5-small-v2","2"
"cat_REG_TEXT_RAMEN_RATINGS_all_2","2026-09-03T02:24:53.000Z","115","finished","0.1341284279190167","REG_TEXT_RAMEN_RATINGS","CatBoost 😸","intfloat/e5-small-v2","2"
"cat_REG_TEXT_RAMEN_RATINGS_text_only_2","2026-09-03T02:24:51.000Z","62","finished","0.10107399902836144","REG_TEXT_RAMEN_RATINGS","CatBoost 😸","intfloat/e5-small-v2","2"
"cat_REG_TEXT_RAMEN_RATINGS_no_text_2","2026-09-03T02:24:30.000Z","15","finished","0.0785593000702337","REG_TEXT_RAMEN_RATINGS","CatBoost 😸","intfloat/e5-small-v2","2"
"light_REG_TEXT_RAMEN_RATINGS_all_2","2026-09-03T02:24:29.000Z","34","finished","0.10115832044047102","REG_TEXT_RAMEN_RATINGS","LightGBM 💡","intfloat/e5-small-v2","2"
"light_REG_TEXT_RAMEN_RATINGS_text_only_2","2026-09-03T02:24:20.000Z","111","finished","0.11393463552778504","REG_TEXT_RAMEN_RATINGS","LightGBM 💡","intfloat/e5-small-v2","2"
"light_REG_TEXT_RAMEN_RATINGS_no_text_2","2026-09-03T02:24:14.000Z","13","finished","0.0748795830982174","REG_TEXT_RAMEN_RATINGS","LightGBM 💡","intfloat/e5-small-v2","2"
"tabpfnv2p5_REG_TEXT_RAMEN_RATINGS_all_1","2026-09-03T02:24:07.000Z","78","finished","0.26017723513314106","REG_TEXT_RAMEN_RATINGS","TabPFN-v2p5 🇩🇪","intfloat/e5-small-v2","1"
"tabpfnv2p5_REG_TEXT_RAMEN_RATINGS_no_text_1","2026-09-03T02:23:52.000Z","15","finished","0.13144375092296356","REG_TEXT_RAMEN_RATINGS","TabPFN-v2p5 🇩🇪","intfloat/e5-small-v2","1"
"tabpfnv2_REG_TEXT_RAMEN_RATINGS_all_1","2026-09-03T02:23:50.000Z","91","finished","0.15064120382273183","REG_TEXT_RAMEN_RATINGS","TabPFN-v2 🤯","intfloat/e5-small-v2","1"
"tabpfnv2_REG_TEXT_RAMEN_RATINGS_text_only_1","2026-09-03T02:23:37.000Z","93","finished","0.14704495875884704","REG_TEXT_RAMEN_RATINGS","TabPFN-v2 🤯","intfloat/e5-small-v2","1"
"tabpfnv2_REG_TEXT_RAMEN_RATINGS_no_text_1","2026-09-03T02:23:28.000Z","17","finished","0.09156566662729236","REG_TEXT_RAMEN_RATINGS","TabPFN-v2 🤯","intfloat/e5-small-v2","1"
"tabm_REG_TEXT_RAMEN_RATINGS_all_1","2026-09-03T02:23:10.000Z","35","finished","0.2433414770872535","REG_TEXT_RAMEN_RATINGS","TabM Ⓜ️","intfloat/e5-small-v2","1"
"tabm_REG_TEXT_RAMEN_RATINGS_text_only_1","2026-09-03T02:22:53.000Z","115","finished","0.2074626426718457","REG_TEXT_RAMEN_RATINGS","TabM Ⓜ️","intfloat/e5-small-v2","1"
"tabm_REG_TEXT_RAMEN_RATINGS_no_text_1","2026-09-03T02:22:49.000Z","14","finished","0.15013717587828437","REG_TEXT_RAMEN_RATINGS","TabM Ⓜ️","intfloat/e5-small-v2","1"
"cat_REG_TEXT_RAMEN_RATINGS_all_1","2026-09-03T02:22:48.000Z","75","finished","0.232269829119896","REG_TEXT_RAMEN_RATINGS","CatBoost 😸","intfloat/e5-small-v2","1"
"cat_REG_TEXT_RAMEN_RATINGS_text_only_1","2026-09-03T02:22:44.000Z","62","finished","0.2024552881126538","REG_TEXT_RAMEN_RATINGS","CatBoost 😸","intfloat/e5-small-v2","1"
"cat_REG_TEXT_RAMEN_RATINGS_no_text_1","2026-09-03T02:22:27.000Z","14","finished","0.14420157021994073","REG_TEXT_RAMEN_RATINGS","CatBoost 😸","intfloat/e5-small-v2","1"
"light_REG_TEXT_RAMEN_RATINGS_all_1","2026-09-03T02:22:25.000Z","112","finished","0.22259436378424535","REG_TEXT_RAMEN_RATINGS","LightGBM 💡","intfloat/e5-small-v2","1"
"light_REG_TEXT_RAMEN_RATINGS_text_only_1","2026-09-03T02:22:12.000Z","33","finished","0.1936815821053396","REG_TEXT_RAMEN_RATINGS","LightGBM 💡","intfloat/e5-small-v2","1"
"light_REG_TEXT_RAMEN_RATINGS_no_text_1","2026-09-03T02:22:11.000Z","13","finished","0.14948103922099543","REG_TEXT_RAMEN_RATINGS","LightGBM 💡","intfloat/e5-small-v2","1"
"tabpfnv2p5_REG_TEXT_RAMEN_RATINGS_all_0","2026-09-03T02:22:03.000Z","87","finished","0.1731231878997631","REG_TEXT_RAMEN_RATINGS","TabPFN-v2p5 🇩🇪","intfloat/e5-small-v2","0"
"tabpfnv2p5_REG_TEXT_RAMEN_RATINGS_text_only_0","2026-09-03T02:22:00.000Z","85","finished","0.1862689613433809","REG_TEXT_RAMEN_RATINGS","TabPFN-v2p5 🇩🇪","intfloat/e5-small-v2","0"
"tabpfnv2p5_REG_TEXT_RAMEN_RATINGS_no_text_0","2026-09-03T02:21:42.000Z","16","finished","0.055063306026801095","REG_TEXT_RAMEN_RATINGS","TabPFN-v2p5 🇩🇪","intfloat/e5-small-v2","0"
"tabpfnv2_REG_TEXT_RAMEN_RATINGS_all_0","2026-09-03T02:21:31.000Z","68","finished","0.11428936296491288","REG_TEXT_RAMEN_RATINGS","TabPFN-v2 🤯","intfloat/e5-small-v2","0"
"tabpfnv2_REG_TEXT_RAMEN_RATINGS_text_only_0","2026-09-03T02:21:30.000Z","38","finished","0.0939489159632334","REG_TEXT_RAMEN_RATINGS","TabPFN-v2 🤯","intfloat/e5-small-v2","0"
"tabpfnv2_REG_TEXT_RAMEN_RATINGS_no_text_0","2026-09-03T02:21:10.000Z","14","finished","0.05185470757977839","REG_TEXT_RAMEN_RATINGS","TabPFN-v2 🤯","intfloat/e5-small-v2","0"
"tabm_REG_TEXT_RAMEN_RATINGS_text_only_0","2026-09-03T02:20:53.000Z","73","finished","0.14341046294508675","REG_TEXT_RAMEN_RATINGS","TabM Ⓜ️","intfloat/e5-small-v2","0"
"tabm_REG_TEXT_RAMEN_RATINGS_all_0","2026-09-03T02:20:53.000Z","35","finished","0.09690989862857768","REG_TEXT_RAMEN_RATINGS","TabM Ⓜ️","intfloat/e5-small-v2","0"
"tabm_REG_TEXT_RAMEN_RATINGS_no_text_0","2026-09-03T02:20:49.000Z","14","finished","0.06569977563541762","REG_TEXT_RAMEN_RATINGS","TabM Ⓜ️","intfloat/e5-small-v2","0"
"cat_REG_TEXT_RAMEN_RATINGS_all_0","2026-09-03T02:20:47.000Z","119","finished","0.10008070570858828","REG_TEXT_RAMEN_RATINGS","CatBoost 😸","intfloat/e5-small-v2","0"
"cat_REG_TEXT_RAMEN_RATINGS_text_only_0","2026-09-03T02:20:36.000Z","80","finished","0.09385074139066174","REG_TEXT_RAMEN_RATINGS","CatBoost 😸","intfloat/e5-small-v2","0"
"cat_REG_TEXT_RAMEN_RATINGS_no_text_0","2026-09-03T02:20:32.000Z","16","finished","0.05306779525920613","REG_TEXT_RAMEN_RATINGS","CatBoost 😸","intfloat/e5-small-v2","0"
"light_REG_TEXT_RAMEN_RATINGS_all_0","2026-09-03T02:20:29.000Z","112","finished","0.12213163338254109","REG_TEXT_RAMEN_RATINGS","LightGBM 💡","intfloat/e5-small-v2","0"
"light_REG_TEXT_RAMEN_RATINGS_text_only_0","2026-09-03T02:20:18.000Z","80","finished","0.10813719191183524","REG_TEXT_RAMEN_RATINGS","LightGBM 💡","intfloat/e5-small-v2","0"
"light_REG_TEXT_RAMEN_RATINGS_no_text_0","2026-09-03T02:20:08.000Z","15","finished","0.06002348232615695","REG_TEXT_RAMEN_RATINGS","LightGBM 💡","intfloat/e5-small-v2","0"
"tabpfnv2p5_REG_TEXT_CHOCOLATE_BAR_RATINGS_all_2","2026-09-03T02:17:22.000Z","42","finished","0.2672590094872337","REG_TEXT_CHOCOLATE_BAR_RATINGS","TabPFN-v2p5 🇩🇪","intfloat/e5-small-v2","2"
"tabpfnv2_REG_TEXT_CHOCOLATE_BAR_RATINGS_all_2","2026-09-03T02:17:02.000Z","39","finished","0.2856900780008991","REG_TEXT_CHOCOLATE_BAR_RATINGS","TabPFN-v2 🤯","intfloat/e5-small-v2","2"
"tabpfnv2_REG_TEXT_CHOCOLATE_BAR_RATINGS_text_only_2","2026-09-03T02:16:49.000Z","63","finished","0.1846108187895595","REG_TEXT_CHOCOLATE_BAR_RATINGS","TabPFN-v2 🤯","intfloat/e5-small-v2","2"
"tabpfnv2_REG_TEXT_CHOCOLATE_BAR_RATINGS_no_text_2","2026-09-03T02:16:46.000Z","14","finished","0.0017710974237261643","REG_TEXT_CHOCOLATE_BAR_RATINGS","TabPFN-v2 🤯","intfloat/e5-small-v2","2"
"tabm_REG_TEXT_CHOCOLATE_BAR_RATINGS_all_2","2026-09-03T02:16:40.000Z","39","finished","0.1923747803214204","REG_TEXT_CHOCOLATE_BAR_RATINGS","TabM Ⓜ️","intfloat/e5-small-v2","2"
"tabm_REG_TEXT_CHOCOLATE_BAR_RATINGS_text_only_2","2026-09-03T02:16:24.000Z","58","finished","0.12143509915787754","REG_TEXT_CHOCOLATE_BAR_RATINGS","TabM Ⓜ️","intfloat/e5-small-v2","2"
"tabm_REG_TEXT_CHOCOLATE_BAR_RATINGS_no_text_2","2026-09-03T02:16:19.000Z","15","finished","0.10129736113246755","REG_TEXT_CHOCOLATE_BAR_RATINGS","TabM Ⓜ️","intfloat/e5-small-v2","2"
"cat_REG_TEXT_CHOCOLATE_BAR_RATINGS_all_2","2026-09-03T02:16:18.000Z","45","finished","0.2034807092527939","REG_TEXT_CHOCOLATE_BAR_RATINGS","CatBoost 😸","intfloat/e5-small-v2","2"
"cat_REG_TEXT_CHOCOLATE_BAR_RATINGS_text_only_2","2026-09-03T02:16:03.000Z","38","finished","0.09022030632175104","REG_TEXT_CHOCOLATE_BAR_RATINGS","CatBoost 😸","intfloat/e5-small-v2","2"
"cat_REG_TEXT_CHOCOLATE_BAR_RATINGS_no_text_2","2026-09-03T02:15:47.000Z","27","finished","0.10068031851867287","REG_TEXT_CHOCOLATE_BAR_RATINGS","CatBoost 😸","intfloat/e5-small-v2","2"
"light_REG_TEXT_CHOCOLATE_BAR_RATINGS_all_2","2026-09-03T02:15:45.000Z","59","finished","0.12581270356985474","REG_TEXT_CHOCOLATE_BAR_RATINGS","LightGBM 💡","intfloat/e5-small-v2","2"
"light_REG_TEXT_CHOCOLATE_BAR_RATINGS_text_only_2","2026-09-03T02:15:37.000Z","39","finished","0.007607788947848637","REG_TEXT_CHOCOLATE_BAR_RATINGS","LightGBM 💡","intfloat/e5-small-v2","2"
"light_REG_TEXT_CHOCOLATE_BAR_RATINGS_no_text_2","2026-09-03T02:15:29.000Z","14","finished","0.09505048828858433","REG_TEXT_CHOCOLATE_BAR_RATINGS","LightGBM 💡","intfloat/e5-small-v2","2"
"tabpfnv2p5_REG_TEXT_CHOCOLATE_BAR_RATINGS_text_only_1","2026-09-03T02:15:15.000Z","62","finished","0.19299476551440065","REG_TEXT_CHOCOLATE_BAR_RATINGS","TabPFN-v2p5 🇩🇪","intfloat/e5-small-v2","1"
"tabpfnv2p5_REG_TEXT_CHOCOLATE_BAR_RATINGS_no_text_1","2026-09-03T02:14:54.000Z","15","finished","0.20169722812211857","REG_TEXT_CHOCOLATE_BAR_RATINGS","TabPFN-v2p5 🇩🇪","intfloat/e5-small-v2","1"
"tabpfnv2_REG_TEXT_CHOCOLATE_BAR_RATINGS_all_1","2026-09-03T02:14:50.000Z","43","finished","0.3252367008617324","REG_TEXT_CHOCOLATE_BAR_RATINGS","TabPFN-v2 🤯","intfloat/e5-small-v2","1"
"tabpfnv2_REG_TEXT_CHOCOLATE_BAR_RATINGS_text_only_1","2026-09-03T02:14:49.000Z","27","finished","0.17971776303883613","REG_TEXT_CHOCOLATE_BAR_RATINGS","TabPFN-v2 🤯","intfloat/e5-small-v2","1"
"tabpfnv2_REG_TEXT_CHOCOLATE_BAR_RATINGS_no_text_1","2026-09-03T02:14:34.000Z","13","finished","0.19101740785354115","REG_TEXT_CHOCOLATE_BAR_RATINGS","TabPFN-v2 🤯","intfloat/e5-small-v2","1"
"tabm_REG_TEXT_CHOCOLATE_BAR_RATINGS_all_1","2026-09-03T02:14:26.000Z","59","finished","0.2944280371427326","REG_TEXT_CHOCOLATE_BAR_RATINGS","TabM Ⓜ️","intfloat/e5-small-v2","1"
"tabm_REG_TEXT_CHOCOLATE_BAR_RATINGS_text_only_1","2026-09-03T02:14:22.000Z","24","finished","0.14298435165597556","REG_TEXT_CHOCOLATE_BAR_RATINGS","TabM Ⓜ️","intfloat/e5-small-v2","1"
"tabm_REG_TEXT_CHOCOLATE_BAR_RATINGS_no_text_1","2026-09-03T02:14:05.000Z","16","finished","0.27807880989015443","REG_TEXT_CHOCOLATE_BAR_RATINGS","TabM Ⓜ️","intfloat/e5-small-v2","1"
"cat_REG_TEXT_CHOCOLATE_BAR_RATINGS_all_1","2026-09-03T02:13:46.000Z","43","finished","0.2781890165127887","REG_TEXT_CHOCOLATE_BAR_RATINGS","CatBoost 😸","intfloat/e5-small-v2","1"
"cat_REG_TEXT_CHOCOLATE_BAR_RATINGS_text_only_1","2026-09-03T02:13:45.000Z","30","finished","0.1208446869912072","REG_TEXT_CHOCOLATE_BAR_RATINGS","CatBoost 😸","intfloat/e5-small-v2","1"
"cat_REG_TEXT_CHOCOLATE_BAR_RATINGS_no_text_1","2026-09-03T02:13:13.000Z","28","finished","0.18426604254284265","REG_TEXT_CHOCOLATE_BAR_RATINGS","CatBoost 😸","intfloat/e5-small-v2","1"
"light_REG_TEXT_CHOCOLATE_BAR_RATINGS_all_1","2026-09-03T02:13:04.000Z","38","finished","0.256493553921862","REG_TEXT_CHOCOLATE_BAR_RATINGS","LightGBM 💡","intfloat/e5-small-v2","1"
"light_REG_TEXT_CHOCOLATE_BAR_RATINGS_text_only_1","2026-09-03T02:13:02.000Z","57","finished","0.10191060194103596","REG_TEXT_CHOCOLATE_BAR_RATINGS","LightGBM 💡","intfloat/e5-small-v2","1"
"light_REG_TEXT_CHOCOLATE_BAR_RATINGS_no_text_1","2026-09-03T02:12:47.000Z","23","finished","0.23755322212515717","REG_TEXT_CHOCOLATE_BAR_RATINGS","LightGBM 💡","intfloat/e5-small-v2","1"
"tabpfnv2p5_REG_TEXT_CHOCOLATE_BAR_RATINGS_text_only_0","2026-09-03T02:12:16.000Z","42","finished","0.22160242331049465","REG_TEXT_CHOCOLATE_BAR_RATINGS","TabPFN-v2p5 🇩🇪","intfloat/e5-small-v2","0"
"tabpfnv2p5_REG_TEXT_CHOCOLATE_BAR_RATINGS_no_text_0","2026-09-03T02:11:55.000Z","14","finished","0.1792735363687119","REG_TEXT_CHOCOLATE_BAR_RATINGS","TabPFN-v2p5 🇩🇪","intfloat/e5-small-v2","0"
"tabpfnv2_REG_TEXT_CHOCOLATE_BAR_RATINGS_all_0","2026-09-03T02:11:54.000Z","65","finished","0.26517279840885144","REG_TEXT_CHOCOLATE_BAR_RATINGS","TabPFN-v2 🤯","intfloat/e5-small-v2","0"
"tabpfnv2_REG_TEXT_CHOCOLATE_BAR_RATINGS_text_only_0","2026-09-03T02:11:48.000Z","26","finished","0.15933624875267216","REG_TEXT_CHOCOLATE_BAR_RATINGS","TabPFN-v2 🤯","intfloat/e5-small-v2","0"
"tabpfnv2_REG_TEXT_CHOCOLATE_BAR_RATINGS_no_text_0","2026-09-03T02:11:32.000Z","13","finished","0.12593166879653106","REG_TEXT_CHOCOLATE_BAR_RATINGS","TabPFN-v2 🤯","intfloat/e5-small-v2","0"
"tabm_REG_TEXT_CHOCOLATE_BAR_RATINGS_all_0","2026-09-03T02:11:08.000Z","40","finished","0.2651280434406371","REG_TEXT_CHOCOLATE_BAR_RATINGS","TabM Ⓜ️","intfloat/e5-small-v2","0"
"tabm_REG_TEXT_CHOCOLATE_BAR_RATINGS_text_only_0","2026-09-03T02:11:06.000Z","23","finished","0.20038128499825936","REG_TEXT_CHOCOLATE_BAR_RATINGS","TabM Ⓜ️","intfloat/e5-small-v2","0"
"tabm_REG_TEXT_CHOCOLATE_BAR_RATINGS_no_text_0","2026-09-03T02:10:47.000Z","15","finished","0.2517157727682279","REG_TEXT_CHOCOLATE_BAR_RATINGS","TabM Ⓜ️","intfloat/e5-small-v2","0"
"cat_REG_TEXT_CHOCOLATE_BAR_RATINGS_all_0","2026-09-03T02:10:29.000Z","33","finished","0.22702478561369463","REG_TEXT_CHOCOLATE_BAR_RATINGS","CatBoost 😸","intfloat/e5-small-v2","0"
"cat_REG_TEXT_CHOCOLATE_BAR_RATINGS_text_only_0","2026-09-03T02:10:05.000Z","39","finished","0.15043800731504697","REG_TEXT_CHOCOLATE_BAR_RATINGS","CatBoost 😸","intfloat/e5-small-v2","0"
"cat_REG_TEXT_CHOCOLATE_BAR_RATINGS_no_text_0","2026-09-03T02:10:02.000Z","22","finished","0.11353153440377606","REG_TEXT_CHOCOLATE_BAR_RATINGS","CatBoost 😸","intfloat/e5-small-v2","0"
"light_REG_TEXT_CHOCOLATE_BAR_RATINGS_all_0","2026-09-03T02:09:36.000Z","23","finished","0.22939920442933792","REG_TEXT_CHOCOLATE_BAR_RATINGS","LightGBM 💡","intfloat/e5-small-v2","0"
"light_REG_TEXT_CHOCOLATE_BAR_RATINGS_text_only_0","2026-09-03T02:09:23.000Z","39","finished","0.14856860215544854","REG_TEXT_CHOCOLATE_BAR_RATINGS","LightGBM 💡","intfloat/e5-small-v2","0"
"light_REG_TEXT_CHOCOLATE_BAR_RATINGS_no_text_0","2026-09-03T02:09:14.000Z","14","finished","0.21894346092866157","REG_TEXT_CHOCOLATE_BAR_RATINGS","LightGBM 💡","intfloat/e5-small-v2","0"
"tabpfnv2p5_REG_TEXT_WIKILIQ_PRICES_all_2","2026-09-03T01:45:30.000Z","640","finished","0.3365322319280485","REG_TEXT_WIKILIQ_PRICES","TabPFN-v2p5 🇩🇪","intfloat/e5-small-v2","2"
"tabpfnv2_REG_TEXT_WIKILIQ_PRICES_all_2","2026-09-03T01:44:14.000Z","606","finished","0.0334171928784871","REG_TEXT_WIKILIQ_PRICES","TabPFN-v2 🤯","intfloat/e5-small-v2","2"
"tabpfnv2_REG_TEXT_WIKILIQ_PRICES_text_only_2","2026-09-03T01:44:07.000Z","684","finished","0.029839601398461313","REG_TEXT_WIKILIQ_PRICES","TabPFN-v2 🤯","intfloat/e5-small-v2","2"
"tabpfnv2_REG_TEXT_WIKILIQ_PRICES_no_text_2","2026-09-03T01:44:01.000Z","15","finished","0.007681037547971559","REG_TEXT_WIKILIQ_PRICES","TabPFN-v2 🤯","intfloat/e5-small-v2","2"
"tabm_REG_TEXT_WIKILIQ_PRICES_all_2","2026-09-03T01:43:10.000Z","812","finished","0.09665419729471314","REG_TEXT_WIKILIQ_PRICES","TabM Ⓜ️","intfloat/e5-small-v2","2"
"tabm_REG_TEXT_WIKILIQ_PRICES_text_only_2","2026-09-03T01:41:27.000Z","393","finished","0.06629489229817775","REG_TEXT_WIKILIQ_PRICES","TabM Ⓜ️","intfloat/e5-small-v2","2"
"tabm_REG_TEXT_WIKILIQ_PRICES_no_text_2","2026-09-03T01:41:06.000Z","17","finished","-0.0032366600828266368","REG_TEXT_WIKILIQ_PRICES","TabM Ⓜ️","intfloat/e5-small-v2","2"
"cat_REG_TEXT_WIKILIQ_PRICES_all_2","2026-09-03T01:40:48.000Z","191","finished","0.19520238834712744","REG_TEXT_WIKILIQ_PRICES","CatBoost 😸","intfloat/e5-small-v2","2"
"cat_REG_TEXT_WIKILIQ_PRICES_text_only_2","2026-09-03T01:37:40.000Z","186","finished","0.20435085199189285","REG_TEXT_WIKILIQ_PRICES","CatBoost 😸","intfloat/e5-small-v2","2"
"cat_REG_TEXT_WIKILIQ_PRICES_no_text_2","2026-09-03T01:37:18.000Z","16","finished","-0.01221496415287815","REG_TEXT_WIKILIQ_PRICES","CatBoost 😸","intfloat/e5-small-v2","2"
"light_REG_TEXT_WIKILIQ_PRICES_all_2","2026-09-03T01:37:06.000Z","781","finished","0.13154415387041063","REG_TEXT_WIKILIQ_PRICES","LightGBM 💡","intfloat/e5-small-v2","2"
"light_REG_TEXT_WIKILIQ_PRICES_text_only_2","2026-09-03T01:35:23.000Z","520","finished","0.004390224057346015","REG_TEXT_WIKILIQ_PRICES","LightGBM 💡","intfloat/e5-small-v2","2"
"light_REG_TEXT_WIKILIQ_PRICES_no_text_2","2026-09-03T01:35:07.000Z","13","finished","-0.024889916268298062","REG_TEXT_WIKILIQ_PRICES","LightGBM 💡","intfloat/e5-small-v2","2"
"tabpfnv2p5_REG_TEXT_WIKILIQ_PRICES_all_1","2026-09-03T01:34:44.000Z","643","finished","0.5114595481147177","REG_TEXT_WIKILIQ_PRICES","TabPFN-v2p5 🇩🇪","intfloat/e5-small-v2","1"
"tabpfnv2_REG_TEXT_WIKILIQ_PRICES_all_1","2026-09-03T01:34:03.000Z","608","finished","0.13250071799253693","REG_TEXT_WIKILIQ_PRICES","TabPFN-v2 🤯","intfloat/e5-small-v2","1"
"tabpfnv2_REG_TEXT_WIKILIQ_PRICES_text_only_1","2026-09-03T01:33:32.000Z","448","finished","0.06656916226597953","REG_TEXT_WIKILIQ_PRICES","TabPFN-v2 🤯","intfloat/e5-small-v2","1"
"tabpfnv2_REG_TEXT_WIKILIQ_PRICES_no_text_1","2026-09-03T01:33:11.000Z","17","finished","0.10654294401649222","REG_TEXT_WIKILIQ_PRICES","TabPFN-v2 🤯","intfloat/e5-small-v2","1"
"tabm_REG_TEXT_WIKILIQ_PRICES_all_1","2026-09-03T01:31:46.000Z","678","finished","0.005071234160182736","REG_TEXT_WIKILIQ_PRICES","TabM Ⓜ️","intfloat/e5-small-v2","1"
"tabm_REG_TEXT_WIKILIQ_PRICES_text_only_1","2026-09-03T01:31:43.000Z","144","finished","-0.05499607907736359","REG_TEXT_WIKILIQ_PRICES","TabM Ⓜ️","intfloat/e5-small-v2","1"
"tabm_REG_TEXT_WIKILIQ_PRICES_no_text_1","2026-09-03T01:31:03.000Z","37","finished","0.14853232750878176","REG_TEXT_WIKILIQ_PRICES","TabM Ⓜ️","intfloat/e5-small-v2","1"
"cat_REG_TEXT_WIKILIQ_PRICES_all_1","2026-09-03T01:28:35.000Z","185","finished","0.2221208397613521","REG_TEXT_WIKILIQ_PRICES","CatBoost 😸","intfloat/e5-small-v2","1"
"cat_REG_TEXT_WIKILIQ_PRICES_text_only_1","2026-09-03T01:27:48.000Z","436","finished","0.2843724707452422","REG_TEXT_WIKILIQ_PRICES","CatBoost 😸","intfloat/e5-small-v2","1"
"cat_REG_TEXT_WIKILIQ_PRICES_no_text_1","2026-09-03T01:27:26.000Z","17","finished","-2.321850355648938","REG_TEXT_WIKILIQ_PRICES","CatBoost 😸","intfloat/e5-small-v2","1"
"light_REG_TEXT_WIKILIQ_PRICES_all_1","2026-09-03T01:27:19.000Z","401","finished","0.1939192322566038","REG_TEXT_WIKILIQ_PRICES","LightGBM 💡","intfloat/e5-small-v2","1"
"light_REG_TEXT_WIKILIQ_PRICES_text_only_1","2026-09-03T01:27:14.000Z","444","finished","-0.05603393210995167","REG_TEXT_WIKILIQ_PRICES","LightGBM 💡","intfloat/e5-small-v2","1"
"light_REG_TEXT_WIKILIQ_PRICES_no_text_1","2026-09-03T01:26:58.000Z","13","finished","0.11165445190074764","REG_TEXT_WIKILIQ_PRICES","LightGBM 💡","intfloat/e5-small-v2","1"
"tabpfnv2p5_REG_TEXT_WIKILIQ_PRICES_all_0","2026-09-03T01:25:52.000Z","434","finished","0.3426776171813938","REG_TEXT_WIKILIQ_PRICES","TabPFN-v2p5 🇩🇪","intfloat/e5-small-v2","0"
"tabpfnv2_REG_TEXT_WIKILIQ_PRICES_all_0","2026-09-03T01:21:52.000Z","908","finished","0.018932087757818405","REG_TEXT_WIKILIQ_PRICES","TabPFN-v2 🤯","intfloat/e5-small-v2","0"
"tabpfnv2_REG_TEXT_WIKILIQ_PRICES_text_only_0","2026-09-03T01:21:51.000Z","207","finished","0.020280850037832976","REG_TEXT_WIKILIQ_PRICES","TabPFN-v2 🤯","intfloat/e5-small-v2","0"
"tabpfnv2_REG_TEXT_WIKILIQ_PRICES_no_text_0","2026-09-03T01:21:30.000Z","19","finished","0.0006365436201899444","REG_TEXT_WIKILIQ_PRICES","TabPFN-v2 🤯","intfloat/e5-small-v2","0"
"tabm_REG_TEXT_WIKILIQ_PRICES_all_0","2026-09-03T01:20:27.000Z","407","finished","0.32313337094399197","REG_TEXT_WIKILIQ_PRICES","TabM Ⓜ️","intfloat/e5-small-v2","0"
"tabm_REG_TEXT_WIKILIQ_PRICES_text_only_0","2026-09-03T01:20:19.000Z","331","finished","0.2871347108050025","REG_TEXT_WIKILIQ_PRICES","TabM Ⓜ️","intfloat/e5-small-v2","0"
"tabm_REG_TEXT_WIKILIQ_PRICES_no_text_0","2026-09-03T01:20:00.000Z","19","finished","0.003463618410581959","REG_TEXT_WIKILIQ_PRICES","TabM Ⓜ️","intfloat/e5-small-v2","0"
"cat_REG_TEXT_WIKILIQ_PRICES_all_0","2026-09-03T01:19:56.000Z","446","finished","0.4195470057639772","REG_TEXT_WIKILIQ_PRICES","CatBoost 😸","intfloat/e5-small-v2","0"
"cat_REG_TEXT_WIKILIQ_PRICES_text_only_0","2026-09-03T01:19:45.000Z","676","finished","0.39065095838365194","REG_TEXT_WIKILIQ_PRICES","CatBoost 😸","intfloat/e5-small-v2","0"
"cat_REG_TEXT_WIKILIQ_PRICES_no_text_0","2026-09-03T01:19:40.000Z","13","finished","0.0014615172260823428","REG_TEXT_WIKILIQ_PRICES","CatBoost 😸","intfloat/e5-small-v2","0"
"light_REG_TEXT_WIKILIQ_PRICES_all_0","2026-09-03T01:19:25.000Z","144","finished","0.41910822348632426","REG_TEXT_WIKILIQ_PRICES","LightGBM 💡","intfloat/e5-small-v2","0"
"light_REG_TEXT_WIKILIQ_PRICES_text_only_0","2026-09-03T01:19:22.000Z","449","finished","0.3765740382622863","REG_TEXT_WIKILIQ_PRICES","LightGBM 💡","intfloat/e5-small-v2","0"
"light_REG_TEXT_WIKILIQ_PRICES_no_text_0","2026-09-03T01:19:19.000Z","16","finished","-0.005668245599307564","REG_TEXT_WIKILIQ_PRICES","LightGBM 💡","intfloat/e5-small-v2","0"
"tabpfnv2p5_MUL_TEXT_KOREAN_DRAMA_all_2","2026-09-03T01:13:49.000Z","144","finished","0.7391400093920573","MUL_TEXT_KOREAN_DRAMA","TabPFN-v2p5 🇩🇪","intfloat/e5-small-v2","2"
"tabpfnv2p5_MUL_TEXT_KOREAN_DRAMA_no_text_2","2026-09-03T01:13:27.000Z","16","finished","0.668633968646972","MUL_TEXT_KOREAN_DRAMA","TabPFN-v2p5 🇩🇪","intfloat/e5-small-v2","2"
"tabpfnv2_MUL_TEXT_KOREAN_DRAMA_all_2","2026-09-03T01:13:26.000Z","94","finished","0.7400633809895765","MUL_TEXT_KOREAN_DRAMA","TabPFN-v2 🤯","intfloat/e5-small-v2","2"
"tabpfnv2_MUL_TEXT_KOREAN_DRAMA_text_only_2","2026-09-03T01:13:15.000Z","129","finished","0.7254667714126264","MUL_TEXT_KOREAN_DRAMA","TabPFN-v2 🤯","intfloat/e5-small-v2","2"
"tabpfnv2_MUL_TEXT_KOREAN_DRAMA_no_text_2","2026-09-03T01:13:05.000Z","14","finished","0.680970110415561","MUL_TEXT_KOREAN_DRAMA","TabPFN-v2 🤯","intfloat/e5-small-v2","2"
"tabm_MUL_TEXT_KOREAN_DRAMA_all_2","2026-09-03T01:13:01.000Z","40","finished","0.7203586583531083","MUL_TEXT_KOREAN_DRAMA","TabM Ⓜ️","intfloat/e5-small-v2","2"
"tabm_MUL_TEXT_KOREAN_DRAMA_text_only_2","2026-09-03T01:12:53.000Z","72","finished","0.7026116651346259","MUL_TEXT_KOREAN_DRAMA","TabM Ⓜ️","intfloat/e5-small-v2","2"
"tabm_MUL_TEXT_KOREAN_DRAMA_no_text_2","2026-09-03T01:12:45.000Z","13","finished","0.6621840839801071","MUL_TEXT_KOREAN_DRAMA","TabM Ⓜ️","intfloat/e5-small-v2","2"
"cat_MUL_TEXT_KOREAN_DRAMA_all_2","2026-09-03T01:12:07.000Z","131","finished","0.7063760493418847","MUL_TEXT_KOREAN_DRAMA","CatBoost 😸","intfloat/e5-small-v2","2"
"cat_MUL_TEXT_KOREAN_DRAMA_text_only_2","2026-09-03T01:11:47.000Z","54","finished","0.6812540478579681","MUL_TEXT_KOREAN_DRAMA","CatBoost 😸","intfloat/e5-small-v2","2"
"cat_MUL_TEXT_KOREAN_DRAMA_no_text_2","2026-09-03T01:11:46.000Z","14","finished","0.658058855185226","MUL_TEXT_KOREAN_DRAMA","CatBoost 😸","intfloat/e5-small-v2","2"
"light_MUL_TEXT_KOREAN_DRAMA_all_2","2026-09-03T01:11:42.000Z","133","finished","0.6741509734191347","MUL_TEXT_KOREAN_DRAMA","LightGBM 💡","intfloat/e5-small-v2","2"
"light_MUL_TEXT_KOREAN_DRAMA_text_only_2","2026-09-03T01:11:34.000Z","72","finished","0.664864094849676","MUL_TEXT_KOREAN_DRAMA","LightGBM 💡","intfloat/e5-small-v2","2"
"light_MUL_TEXT_KOREAN_DRAMA_no_text_2","2026-09-03T01:11:30.000Z","13","finished","0.6310528113707192","MUL_TEXT_KOREAN_DRAMA","LightGBM 💡","intfloat/e5-small-v2","2"
"tabpfnv2p5_MUL_TEXT_KOREAN_DRAMA_all_1","2026-09-03T01:11:26.000Z","92","finished","0.7537218930880423","MUL_TEXT_KOREAN_DRAMA","TabPFN-v2p5 🇩🇪","intfloat/e5-small-v2","1"
"tabpfnv2p5_MUL_TEXT_KOREAN_DRAMA_text_only_1","2026-09-03T01:11:25.000Z","104","finished","0.7523194243500191","MUL_TEXT_KOREAN_DRAMA","TabPFN-v2p5 🇩🇪","intfloat/e5-small-v2","1"
"tabpfnv2p5_MUL_TEXT_KOREAN_DRAMA_no_text_1","2026-09-03T01:11:13.000Z","14","finished","0.6522039097720521","MUL_TEXT_KOREAN_DRAMA","TabPFN-v2p5 🇩🇪","intfloat/e5-small-v2","1"
"tabpfnv2_MUL_TEXT_KOREAN_DRAMA_all_1","2026-09-03T01:10:56.000Z","147","finished","0.7504061335943966","MUL_TEXT_KOREAN_DRAMA","TabPFN-v2 🤯","intfloat/e5-small-v2","1"
"tabpfnv2_MUL_TEXT_KOREAN_DRAMA_text_only_1","2026-09-03T01:10:49.000Z","53","finished","0.7515994348453593","MUL_TEXT_KOREAN_DRAMA","TabPFN-v2 🤯","intfloat/e5-small-v2","1"
"tabpfnv2_MUL_TEXT_KOREAN_DRAMA_no_text_1","2026-09-03T01:10:28.000Z","14","finished","0.6452186077967583","MUL_TEXT_KOREAN_DRAMA","TabPFN-v2 🤯","intfloat/e5-small-v2","1"
"tabm_MUL_TEXT_KOREAN_DRAMA_all_1","2026-09-03T01:09:54.000Z","72","finished","0.7223024875537605","MUL_TEXT_KOREAN_DRAMA","TabM Ⓜ️","intfloat/e5-small-v2","1"
"tabm_MUL_TEXT_KOREAN_DRAMA_text_only_1","2026-09-03T01:09:46.000Z","39","finished","0.7098875816095571","MUL_TEXT_KOREAN_DRAMA","TabM Ⓜ️","intfloat/e5-small-v2","1"
"tabm_MUL_TEXT_KOREAN_DRAMA_no_text_1","2026-09-03T01:09:38.000Z","14","finished","0.6476300948475412","MUL_TEXT_KOREAN_DRAMA","TabM Ⓜ️","intfloat/e5-small-v2","1"
"cat_MUL_TEXT_KOREAN_DRAMA_all_1","2026-09-03T01:09:23.000Z","120","finished","0.660761740829216","MUL_TEXT_KOREAN_DRAMA","CatBoost 😸","intfloat/e5-small-v2","1"
"cat_MUL_TEXT_KOREAN_DRAMA_text_only_1","2026-09-03T01:09:09.000Z","148","finished","0.6612870920124962","MUL_TEXT_KOREAN_DRAMA","CatBoost 😸","intfloat/e5-small-v2","1"
"cat_MUL_TEXT_KOREAN_DRAMA_no_text_1","2026-09-03T01:08:48.000Z","15","finished","0.629768885563703","MUL_TEXT_KOREAN_DRAMA","CatBoost 😸","intfloat/e5-small-v2","1"
"light_MUL_TEXT_KOREAN_DRAMA_all_1","2026-09-03T01:08:40.000Z","133","finished","0.6356389899406494","MUL_TEXT_KOREAN_DRAMA","LightGBM 💡","intfloat/e5-small-v2","1"
"light_MUL_TEXT_KOREAN_DRAMA_text_only_1","2026-09-03T01:08:38.000Z","65","finished","0.6339457198579188","MUL_TEXT_KOREAN_DRAMA","LightGBM 💡","intfloat/e5-small-v2","1"
"light_MUL_TEXT_KOREAN_DRAMA_no_text_1","2026-09-03T01:08:24.000Z","14","finished","0.6153586256966046","MUL_TEXT_KOREAN_DRAMA","LightGBM 💡","intfloat/e5-small-v2","1"
"tabpfnv2p5_MUL_TEXT_KOREAN_DRAMA_all_0","2026-09-03T01:08:14.000Z","77","finished","0.7324535246766305","MUL_TEXT_KOREAN_DRAMA","TabPFN-v2p5 🇩🇪","intfloat/e5-small-v2","0"
"tabpfnv2p5_MUL_TEXT_KOREAN_DRAMA_no_text_0","2026-09-03T01:07:52.000Z","15","finished","0.63592137216217","MUL_TEXT_KOREAN_DRAMA","TabPFN-v2p5 🇩🇪","intfloat/e5-small-v2","0"
"tabpfnv2_MUL_TEXT_KOREAN_DRAMA_all_0","2026-09-03T01:07:44.000Z","94","finished","0.7257129042274653","MUL_TEXT_KOREAN_DRAMA","TabPFN-v2 🤯","intfloat/e5-small-v2","0"
"tabpfnv2_MUL_TEXT_KOREAN_DRAMA_text_only_0","2026-09-03T01:06:58.000Z","51","finished","0.7116068366420246","MUL_TEXT_KOREAN_DRAMA","TabPFN-v2 🤯","intfloat/e5-small-v2","0"
"tabpfnv2_MUL_TEXT_KOREAN_DRAMA_no_text_0","2026-09-03T01:06:37.000Z","14","finished","0.6388709061329714","MUL_TEXT_KOREAN_DRAMA","TabPFN-v2 🤯","intfloat/e5-small-v2","0"
"tabm_MUL_TEXT_KOREAN_DRAMA_all_0","2026-09-03T01:06:34.000Z","72","finished","0.70056554838131","MUL_TEXT_KOREAN_DRAMA","TabM Ⓜ️","intfloat/e5-small-v2","0"
"tabm_MUL_TEXT_KOREAN_DRAMA_text_only_0","2026-09-03T01:06:15.000Z","85","finished","0.6791145592732433","MUL_TEXT_KOREAN_DRAMA","TabM Ⓜ️","intfloat/e5-small-v2","0"
"tabm_MUL_TEXT_KOREAN_DRAMA_no_text_0","2026-09-03T01:06:13.000Z","14","finished","0.6215846861283655","MUL_TEXT_KOREAN_DRAMA","TabM Ⓜ️","intfloat/e5-small-v2","0"
"cat_MUL_TEXT_KOREAN_DRAMA_all_0","2026-09-03T01:05:52.000Z","145","finished","0.6923597297648456","MUL_TEXT_KOREAN_DRAMA","CatBoost 😸","intfloat/e5-small-v2","0"
"cat_MUL_TEXT_KOREAN_DRAMA_text_only_0","2026-09-03T01:05:39.000Z","52","finished","0.6577596734594796","MUL_TEXT_KOREAN_DRAMA","CatBoost 😸","intfloat/e5-small-v2","0"
"cat_MUL_TEXT_KOREAN_DRAMA_no_text_0","2026-09-03T01:05:17.000Z","16","finished","0.5968732561151263","MUL_TEXT_KOREAN_DRAMA","CatBoost 😸","intfloat/e5-small-v2","0"
"light_MUL_TEXT_KOREAN_DRAMA_all_0","2026-09-03T01:04:54.000Z","72","finished","0.634339509080079","MUL_TEXT_KOREAN_DRAMA","LightGBM 💡","intfloat/e5-small-v2","0"
"light_MUL_TEXT_KOREAN_DRAMA_text_only_0","2026-09-03T01:04:46.000Z","85","finished","0.6321337743020854","MUL_TEXT_KOREAN_DRAMA","LightGBM 💡","intfloat/e5-small-v2","0"
"light_MUL_TEXT_KOREAN_DRAMA_no_text_0","2026-09-03T01:04:24.000Z","15","finished","0.6002631847284092","MUL_TEXT_KOREAN_DRAMA","LightGBM 💡","intfloat/e5-small-v2","0"
"tabpfnv2p5_MUL_TEXT_AMERICAN_EAGLE_PRICES_text_only_2","2026-09-03T00:41:14.000Z","774","finished","0.9912563719569584","MUL_TEXT_AMERICAN_EAGLE_PRICES","TabPFN-v2p5 🇩🇪","intfloat/e5-small-v2","2"
"tabpfnv2p5_MUL_TEXT_AMERICAN_EAGLE_PRICES_no_text_2","2026-09-03T00:40:48.000Z","19","finished","0.9946353694176284","MUL_TEXT_AMERICAN_EAGLE_PRICES","TabPFN-v2p5 🇩🇪","intfloat/e5-small-v2","2"
"tabpfnv2_MUL_TEXT_AMERICAN_EAGLE_PRICES_all_2","2026-09-03T00:40:38.000Z","527","finished","0.9943591779615956","MUL_TEXT_AMERICAN_EAGLE_PRICES","TabPFN-v2 🤯","intfloat/e5-small-v2","2"
"tabpfnv2_MUL_TEXT_AMERICAN_EAGLE_PRICES_text_only_2","2026-09-03T00:40:34.000Z","612","finished","0.9882058664273372","MUL_TEXT_AMERICAN_EAGLE_PRICES","TabPFN-v2 🤯","intfloat/e5-small-v2","2"
"tabpfnv2_MUL_TEXT_AMERICAN_EAGLE_PRICES_no_text_2","2026-09-03T00:40:17.000Z","18","finished","0.9941198347801884","MUL_TEXT_AMERICAN_EAGLE_PRICES","TabPFN-v2 🤯","intfloat/e5-small-v2","2"
"tabm_MUL_TEXT_AMERICAN_EAGLE_PRICES_all_2","2026-09-03T00:39:40.000Z","161","finished","0.9954855866241538","MUL_TEXT_AMERICAN_EAGLE_PRICES","TabM Ⓜ️","intfloat/e5-small-v2","2"
"tabm_MUL_TEXT_AMERICAN_EAGLE_PRICES_text_only_2","2026-09-03T00:39:29.000Z","346","finished","0.9881883095153584","MUL_TEXT_AMERICAN_EAGLE_PRICES","TabM Ⓜ️","intfloat/e5-small-v2","2"
"tabm_MUL_TEXT_AMERICAN_EAGLE_PRICES_no_text_2","2026-09-03T00:39:03.000Z","24","finished","0.9930226349624416","MUL_TEXT_AMERICAN_EAGLE_PRICES","TabM Ⓜ️","intfloat/e5-small-v2","2"
"cat_MUL_TEXT_AMERICAN_EAGLE_PRICES_all_2","2026-09-03T00:37:12.000Z","512","finished","0.9958949326239224","MUL_TEXT_AMERICAN_EAGLE_PRICES","CatBoost 😸","intfloat/e5-small-v2","2"
"cat_MUL_TEXT_AMERICAN_EAGLE_PRICES_text_only_2","2026-09-03T00:36:37.000Z","180","finished","0.9904101171541436","MUL_TEXT_AMERICAN_EAGLE_PRICES","CatBoost 😸","intfloat/e5-small-v2","2"
"cat_MUL_TEXT_AMERICAN_EAGLE_PRICES_no_text_2","2026-09-03T00:36:00.000Z","34","finished","0.9932398182160548","MUL_TEXT_AMERICAN_EAGLE_PRICES","CatBoost 😸","intfloat/e5-small-v2","2"
"light_MUL_TEXT_AMERICAN_EAGLE_PRICES_all_2","2026-09-03T00:33:18.000Z","342","finished","0.9964068389641936","MUL_TEXT_AMERICAN_EAGLE_PRICES","LightGBM 💡","intfloat/e5-small-v2","2"
"light_MUL_TEXT_AMERICAN_EAGLE_PRICES_text_only_2","2026-09-03T00:33:13.000Z","162","finished","0.9903886366870818","MUL_TEXT_AMERICAN_EAGLE_PRICES","LightGBM 💡","intfloat/e5-small-v2","2"
"light_MUL_TEXT_AMERICAN_EAGLE_PRICES_no_text_2","2026-09-03T00:32:57.000Z","14","finished","0.994670760443234","MUL_TEXT_AMERICAN_EAGLE_PRICES","LightGBM 💡","intfloat/e5-small-v2","2"
"tabpfnv2p5_MUL_TEXT_AMERICAN_EAGLE_PRICES_all_1","2026-09-03T00:32:06.000Z","488","finished","0.9982998704605656","MUL_TEXT_AMERICAN_EAGLE_PRICES","TabPFN-v2p5 🇩🇪","intfloat/e5-small-v2","1"
"tabpfnv2p5_MUL_TEXT_AMERICAN_EAGLE_PRICES_text_only_1","2026-09-03T00:30:58.000Z","779","finished","0.9909766241786424","MUL_TEXT_AMERICAN_EAGLE_PRICES","TabPFN-v2p5 🇩🇪","intfloat/e5-small-v2","1"
"tabpfnv2p5_MUL_TEXT_AMERICAN_EAGLE_PRICES_no_text_1","2026-09-03T00:30:32.000Z","19","finished","0.9954365288175688","MUL_TEXT_AMERICAN_EAGLE_PRICES","TabPFN-v2p5 🇩🇪","intfloat/e5-small-v2","1"
"tabpfnv2_MUL_TEXT_AMERICAN_EAGLE_PRICES_all_1","2026-09-03T00:30:06.000Z","625","finished","0.994540108271176","MUL_TEXT_AMERICAN_EAGLE_PRICES","TabPFN-v2 🤯","intfloat/e5-small-v2","1"
"tabpfnv2_MUL_TEXT_AMERICAN_EAGLE_PRICES_text_only_1","2026-09-03T00:30:04.000Z","182","finished","0.9870147262169516","MUL_TEXT_AMERICAN_EAGLE_PRICES","TabPFN-v2 🤯","intfloat/e5-small-v2","1"
"tabpfnv2_MUL_TEXT_AMERICAN_EAGLE_PRICES_no_text_1","2026-09-03T00:29:42.000Z","15","finished","0.9942859152889124","MUL_TEXT_AMERICAN_EAGLE_PRICES","TabPFN-v2 🤯","intfloat/e5-small-v2","1"
"tabm_MUL_TEXT_AMERICAN_EAGLE_PRICES_all_1","2026-09-03T00:29:21.000Z","464","finished","0.995376663615426","MUL_TEXT_AMERICAN_EAGLE_PRICES","TabM Ⓜ️","intfloat/e5-small-v2","1"
"tabm_MUL_TEXT_AMERICAN_EAGLE_PRICES_text_only_1","2026-09-03T00:28:56.000Z","705","finished","0.988556864347492","MUL_TEXT_AMERICAN_EAGLE_PRICES","TabM Ⓜ️","intfloat/e5-small-v2","1"
"tabm_MUL_TEXT_AMERICAN_EAGLE_PRICES_no_text_1","2026-09-03T00:28:14.000Z","37","finished","0.9932658930781793","MUL_TEXT_AMERICAN_EAGLE_PRICES","TabM Ⓜ️","intfloat/e5-small-v2","1"
"cat_MUL_TEXT_AMERICAN_EAGLE_PRICES_all_1","2026-09-03T00:26:52.000Z","363","finished","0.997306811424446","MUL_TEXT_AMERICAN_EAGLE_PRICES","CatBoost 😸","intfloat/e5-small-v2","1"
"cat_MUL_TEXT_AMERICAN_EAGLE_PRICES_text_only_1","2026-09-03T00:26:38.000Z","179","finished","0.9905673760158936","MUL_TEXT_AMERICAN_EAGLE_PRICES","CatBoost 😸","intfloat/e5-small-v2","1"
"cat_MUL_TEXT_AMERICAN_EAGLE_PRICES_no_text_1","2026-09-03T00:26:25.000Z","23","finished","0.9934236785209296","MUL_TEXT_AMERICAN_EAGLE_PRICES","CatBoost 😸","intfloat/e5-small-v2","1"
"light_MUL_TEXT_AMERICAN_EAGLE_PRICES_all_1","2026-09-03T00:25:00.000Z","420","finished","0.997788956106412","MUL_TEXT_AMERICAN_EAGLE_PRICES","LightGBM 💡","intfloat/e5-small-v2","1"
"light_MUL_TEXT_AMERICAN_EAGLE_PRICES_text_only_1","2026-09-03T00:23:58.000Z","157","finished","0.9901227371903928","MUL_TEXT_AMERICAN_EAGLE_PRICES","LightGBM 💡","intfloat/e5-small-v2","1"
"light_MUL_TEXT_AMERICAN_EAGLE_PRICES_no_text_1","2026-09-03T00:23:37.000Z","16","finished","0.9956805346770542","MUL_TEXT_AMERICAN_EAGLE_PRICES","LightGBM 💡","intfloat/e5-small-v2","1"
"tabpfnv2p5_MUL_TEXT_AMERICAN_EAGLE_PRICES_text_only_0","2026-09-03T00:20:10.000Z","545","finished","0.991583030646724","MUL_TEXT_AMERICAN_EAGLE_PRICES","TabPFN-v2p5 🇩🇪","intfloat/e5-small-v2","0"
"tabpfnv2p5_MUL_TEXT_AMERICAN_EAGLE_PRICES_no_text_0","2026-09-03T00:19:49.000Z","17","finished","0.9944472158081504","MUL_TEXT_AMERICAN_EAGLE_PRICES","TabPFN-v2p5 🇩🇪","intfloat/e5-small-v2","0"
"tabpfnv2_MUL_TEXT_AMERICAN_EAGLE_PRICES_all_0","2026-09-03T00:19:48.000Z","390","finished","0.9930750576776544","MUL_TEXT_AMERICAN_EAGLE_PRICES","TabPFN-v2 🤯","intfloat/e5-small-v2","0"
"tabpfnv2_MUL_TEXT_AMERICAN_EAGLE_PRICES_text_only_0","2026-09-03T00:19:42.000Z","619","finished","0.987330751442905","MUL_TEXT_AMERICAN_EAGLE_PRICES","TabPFN-v2 🤯","intfloat/e5-small-v2","0"
"tabpfnv2_MUL_TEXT_AMERICAN_EAGLE_PRICES_no_text_0","2026-09-03T00:19:23.000Z","19","finished","0.9933917808019228","MUL_TEXT_AMERICAN_EAGLE_PRICES","TabPFN-v2 🤯","intfloat/e5-small-v2","0"
"tabm_MUL_TEXT_AMERICAN_EAGLE_PRICES_all_0","2026-09-03T00:18:26.000Z","721","finished","0.9951998412928031","MUL_TEXT_AMERICAN_EAGLE_PRICES","TabM Ⓜ️","intfloat/e5-small-v2","0"
"tabm_MUL_TEXT_AMERICAN_EAGLE_PRICES_text_only_0","2026-09-03T00:18:22.000Z","156","finished","0.9887948679878388","MUL_TEXT_AMERICAN_EAGLE_PRICES","TabM Ⓜ️","intfloat/e5-small-v2","0"
"tabm_MUL_TEXT_AMERICAN_EAGLE_PRICES_no_text_0","2026-09-03T00:18:01.000Z","18","finished","0.9923734975162288","MUL_TEXT_AMERICAN_EAGLE_PRICES","TabM Ⓜ️","intfloat/e5-small-v2","0"
"cat_MUL_TEXT_AMERICAN_EAGLE_PRICES_all_0","2026-09-03T00:17:05.000Z","473","finished","0.9963931458705636","MUL_TEXT_AMERICAN_EAGLE_PRICES","CatBoost 😸","intfloat/e5-small-v2","0"
"cat_MUL_TEXT_AMERICAN_EAGLE_PRICES_text_only_0","2026-09-03T00:16:24.000Z","707","finished","0.990367261476518","MUL_TEXT_AMERICAN_EAGLE_PRICES","CatBoost 😸","intfloat/e5-small-v2","0"
"cat_MUL_TEXT_AMERICAN_EAGLE_PRICES_no_text_0","2026-09-03T00:15:47.000Z","30","finished","0.9919603893358964","MUL_TEXT_AMERICAN_EAGLE_PRICES","CatBoost 😸","intfloat/e5-small-v2","0"
"light_MUL_TEXT_AMERICAN_EAGLE_PRICES_all_0","2026-09-03T00:15:19.000Z","156","finished","0.9969936798173707","MUL_TEXT_AMERICAN_EAGLE_PRICES","LightGBM 💡","intfloat/e5-small-v2","0"
"light_MUL_TEXT_AMERICAN_EAGLE_PRICES_text_only_0","2026-09-03T00:14:03.000Z","343","finished","0.989817470377553","MUL_TEXT_AMERICAN_EAGLE_PRICES","LightGBM 💡","intfloat/e5-small-v2","0"
"light_MUL_TEXT_AMERICAN_EAGLE_PRICES_no_text_0","2026-09-03T00:13:47.000Z","14","finished","0.9945356466256976","MUL_TEXT_AMERICAN_EAGLE_PRICES","LightGBM 💡","intfloat/e5-small-v2","0"
"tabpfnv2p5_MUL_TEXT_BOOKS_GOODREADS_text_only_2","2026-09-03T00:02:22.000Z","309","finished","0.7024522557371075","MUL_TEXT_BOOKS_GOODREADS","TabPFN-v2p5 🇩🇪","intfloat/e5-small-v2","2"
"tabpfnv2p5_MUL_TEXT_BOOKS_GOODREADS_no_text_2","2026-09-03T00:02:01.000Z","14","finished","0.6914077049869776","MUL_TEXT_BOOKS_GOODREADS","TabPFN-v2p5 🇩🇪","intfloat/e5-small-v2","2"
"tabpfnv2_MUL_TEXT_BOOKS_GOODREADS_all_2","2026-09-03T00:02:00.000Z","429","finished","0.7138360670104763","MUL_TEXT_BOOKS_GOODREADS","TabPFN-v2 🤯","intfloat/e5-small-v2","2"
"tabpfnv2_MUL_TEXT_BOOKS_GOODREADS_text_only_2","2026-09-03T00:00:44.000Z","110","finished","0.6903954739912623","MUL_TEXT_BOOKS_GOODREADS","TabPFN-v2 🤯","intfloat/e5-small-v2","2"
"tabpfnv2_MUL_TEXT_BOOKS_GOODREADS_no_text_2","2026-09-03T00:00:23.000Z","14","finished","0.6838463633800257","MUL_TEXT_BOOKS_GOODREADS","TabPFN-v2 🤯","intfloat/e5-small-v2","2"
"tabm_MUL_TEXT_BOOKS_GOODREADS_all_2","2026-09-02T23:59:30.000Z","267","finished","0.7452973080538051","MUL_TEXT_BOOKS_GOODREADS","TabM Ⓜ️","intfloat/e5-small-v2","2"
"tabm_MUL_TEXT_BOOKS_GOODREADS_text_only_2","2026-09-02T23:59:17.000Z","197","finished","0.7259783672824969","MUL_TEXT_BOOKS_GOODREADS","TabM Ⓜ️","intfloat/e5-small-v2","2"
"tabm_MUL_TEXT_BOOKS_GOODREADS_no_text_2","2026-09-02T23:58:56.000Z","16","finished","0.6857909836710833","MUL_TEXT_BOOKS_GOODREADS","TabM Ⓜ️","intfloat/e5-small-v2","2"
"cat_MUL_TEXT_BOOKS_GOODREADS_all_2","2026-09-02T23:58:50.000Z","262","finished","0.7414869068230315","MUL_TEXT_BOOKS_GOODREADS","CatBoost 😸","intfloat/e5-small-v2","2"
"cat_MUL_TEXT_BOOKS_GOODREADS_text_only_2","2026-09-02T23:58:27.000Z","111","finished","0.716210055771231","MUL_TEXT_BOOKS_GOODREADS","CatBoost 😸","intfloat/e5-small-v2","2"
"cat_MUL_TEXT_BOOKS_GOODREADS_no_text_2","2026-09-02T23:58:06.000Z","19","finished","0.6833341457739213","MUL_TEXT_BOOKS_GOODREADS","CatBoost 😸","intfloat/e5-small-v2","2"
"light_MUL_TEXT_BOOKS_GOODREADS_all_2","2026-09-02T23:57:32.000Z","382","finished","0.7394172299138635","MUL_TEXT_BOOKS_GOODREADS","LightGBM 💡","intfloat/e5-small-v2","2"
"light_MUL_TEXT_BOOKS_GOODREADS_text_only_2","2026-09-02T23:56:27.000Z","95","finished","0.7194976675071781","MUL_TEXT_BOOKS_GOODREADS","LightGBM 💡","intfloat/e5-small-v2","2"
"light_MUL_TEXT_BOOKS_GOODREADS_no_text_2","2026-09-02T23:56:06.000Z","14","finished","0.6789605055060585","MUL_TEXT_BOOKS_GOODREADS","LightGBM 💡","intfloat/e5-small-v2","2"
"tabpfnv2p5_MUL_TEXT_BOOKS_GOODREADS_all_1","2026-09-02T23:55:16.000Z","213","finished","0.7557517966273809","MUL_TEXT_BOOKS_GOODREADS","TabPFN-v2p5 🇩🇪","intfloat/e5-small-v2","1"
"tabpfnv2p5_MUL_TEXT_BOOKS_GOODREADS_text_only_1","2026-09-02T23:54:52.000Z","423","finished","0.740485420024911","MUL_TEXT_BOOKS_GOODREADS","TabPFN-v2p5 🇩🇪","intfloat/e5-small-v2","1"
"tabpfnv2p5_MUL_TEXT_BOOKS_GOODREADS_no_text_1","2026-09-02T23:54:30.000Z","18","finished","0.7114202172494379","MUL_TEXT_BOOKS_GOODREADS","TabPFN-v2p5 🇩🇪","intfloat/e5-small-v2","1"
"tabpfnv2_MUL_TEXT_BOOKS_GOODREADS_all_1","2026-09-02T23:54:09.000Z","274","finished","0.7299793577163269","MUL_TEXT_BOOKS_GOODREADS","TabPFN-v2 🤯","intfloat/e5-small-v2","1"
"tabpfnv2_MUL_TEXT_BOOKS_GOODREADS_text_only_1","2026-09-02T23:54:05.000Z","116","finished","0.7170478073698322","MUL_TEXT_BOOKS_GOODREADS","TabPFN-v2 🤯","intfloat/e5-small-v2","1"
"tabpfnv2_MUL_TEXT_BOOKS_GOODREADS_no_text_1","2026-09-02T23:53:48.000Z","15","finished","0.7159045182375711","MUL_TEXT_BOOKS_GOODREADS","TabPFN-v2 🤯","intfloat/e5-small-v2","1"
"tabm_MUL_TEXT_BOOKS_GOODREADS_all_1","2026-09-02T23:52:30.000Z","92","finished","0.7629062490918233","MUL_TEXT_BOOKS_GOODREADS","TabM Ⓜ️","intfloat/e5-small-v2","1"
"tabm_MUL_TEXT_BOOKS_GOODREADS_text_only_1","2026-09-02T23:51:52.000Z","198","finished","0.7555384451103008","MUL_TEXT_BOOKS_GOODREADS","TabM Ⓜ️","intfloat/e5-small-v2","1"
"tabm_MUL_TEXT_BOOKS_GOODREADS_no_text_1","2026-09-02T23:51:31.000Z","14","finished","0.7182075206532227","MUL_TEXT_BOOKS_GOODREADS","TabM Ⓜ️","intfloat/e5-small-v2","1"
"cat_MUL_TEXT_BOOKS_GOODREADS_all_1","2026-09-02T23:50:50.000Z","398","finished","0.7784384336880174","MUL_TEXT_BOOKS_GOODREADS","CatBoost 😸","intfloat/e5-small-v2","1"
"cat_MUL_TEXT_BOOKS_GOODREADS_text_only_1","2026-09-02T23:50:30.000Z","114","finished","0.7555105094219142","MUL_TEXT_BOOKS_GOODREADS","CatBoost 😸","intfloat/e5-small-v2","1"
"cat_MUL_TEXT_BOOKS_GOODREADS_no_text_1","2026-09-02T23:50:29.000Z","15","finished","0.7134909372248762","MUL_TEXT_BOOKS_GOODREADS","CatBoost 😸","intfloat/e5-small-v2","1"
"light_MUL_TEXT_BOOKS_GOODREADS_all_1","2026-09-02T23:48:51.000Z","94","finished","0.7828382837438236","MUL_TEXT_BOOKS_GOODREADS","LightGBM 💡","intfloat/e5-small-v2","1"
"light_MUL_TEXT_BOOKS_GOODREADS_text_only_1","2026-09-02T23:48:12.000Z","195","finished","0.7634744334705319","MUL_TEXT_BOOKS_GOODREADS","LightGBM 💡","intfloat/e5-small-v2","1"
"light_MUL_TEXT_BOOKS_GOODREADS_no_text_1","2026-09-02T23:47:56.000Z","13","finished","0.7128802639658032","MUL_TEXT_BOOKS_GOODREADS","LightGBM 💡","intfloat/e5-small-v2","1"
"tabpfnv2p5_MUL_TEXT_BOOKS_GOODREADS_all_0","2026-09-02T23:47:26.000Z","417","finished","0.7510135317757727","MUL_TEXT_BOOKS_GOODREADS","TabPFN-v2p5 🇩🇪","intfloat/e5-small-v2","0"
"tabpfnv2_MUL_TEXT_BOOKS_GOODREADS_all_0","2026-09-02T23:44:13.000Z","160","finished","0.7352311290265795","MUL_TEXT_BOOKS_GOODREADS","TabPFN-v2 🤯","intfloat/e5-small-v2","0"
"tabpfnv2_MUL_TEXT_BOOKS_GOODREADS_text_only_0","2026-09-02T23:44:11.000Z","218","finished","0.6889638624929036","MUL_TEXT_BOOKS_GOODREADS","TabPFN-v2 🤯","intfloat/e5-small-v2","0"
"tabpfnv2_MUL_TEXT_BOOKS_GOODREADS_no_text_0","2026-09-02T23:43:51.000Z","15","finished","0.7157167612365175","MUL_TEXT_BOOKS_GOODREADS","TabPFN-v2 🤯","intfloat/e5-small-v2","0"
"tabm_MUL_TEXT_BOOKS_GOODREADS_all_0","2026-09-02T23:42:12.000Z","93","finished","0.7645850879424684","MUL_TEXT_BOOKS_GOODREADS","TabM Ⓜ️","intfloat/e5-small-v2","0"
"tabm_MUL_TEXT_BOOKS_GOODREADS_text_only_0","2026-09-02T23:41:00.000Z","383","finished","0.7206689484487403","MUL_TEXT_BOOKS_GOODREADS","TabM Ⓜ️","intfloat/e5-small-v2","0"
"tabm_MUL_TEXT_BOOKS_GOODREADS_no_text_0","2026-09-02T23:40:39.000Z","16","finished","0.6906945082242514","MUL_TEXT_BOOKS_GOODREADS","TabM Ⓜ️","intfloat/e5-small-v2","0"
"cat_MUL_TEXT_BOOKS_GOODREADS_all_0","2026-09-02T23:40:38.000Z","208","finished","0.7566917134746536","MUL_TEXT_BOOKS_GOODREADS","CatBoost 😸","intfloat/e5-small-v2","0"
"cat_MUL_TEXT_BOOKS_GOODREADS_text_only_0","2026-09-02T23:40:22.000Z","107","finished","0.7286895238624717","MUL_TEXT_BOOKS_GOODREADS","CatBoost 😸","intfloat/e5-small-v2","0"
"cat_MUL_TEXT_BOOKS_GOODREADS_no_text_0","2026-09-02T23:40:18.000Z","16","finished","0.7013489320940912","MUL_TEXT_BOOKS_GOODREADS","CatBoost 😸","intfloat/e5-small-v2","0"
"light_MUL_TEXT_BOOKS_GOODREADS_all_0","2026-09-02T23:37:19.000Z","195","finished","0.7555024080607762","MUL_TEXT_BOOKS_GOODREADS","LightGBM 💡","intfloat/e5-small-v2","0"
"light_MUL_TEXT_BOOKS_GOODREADS_text_only_0","2026-09-02T23:34:00.000Z","195","finished","0.7130427911314374","MUL_TEXT_BOOKS_GOODREADS","LightGBM 💡","intfloat/e5-small-v2","0"
"light_MUL_TEXT_BOOKS_GOODREADS_no_text_0","2026-09-02T23:33:44.000Z","14","finished","0.702119426811684","MUL_TEXT_BOOKS_GOODREADS","LightGBM 💡","intfloat/e5-small-v2","0"
"tabpfnv2p5_BIN_TEXT_CALIFORNIA_PRICES_all_2","2026-09-02T22:30:24.000Z","1820","finished","0.9956554956554956","BIN_TEXT_CALIFORNIA_PRICES","TabPFN-v2p5 🇩🇪","intfloat/e5-small-v2","2"
"tabpfnv2p5_BIN_TEXT_CALIFORNIA_PRICES_text_only_2","2026-09-02T22:29:19.000Z","1759","finished","0.965998465998466","BIN_TEXT_CALIFORNIA_PRICES","TabPFN-v2p5 🇩🇪","intfloat/e5-small-v2","2"
"tabpfnv2p5_BIN_TEXT_CALIFORNIA_PRICES_no_text_2","2026-09-02T22:28:53.000Z","22","finished","0.9945139945139944","BIN_TEXT_CALIFORNIA_PRICES","TabPFN-v2p5 🇩🇪","intfloat/e5-small-v2","2"
"tabpfnv2_BIN_TEXT_CALIFORNIA_PRICES_all_2","2026-09-02T22:27:49.000Z","2557","finished","0.9944749944749944","BIN_TEXT_CALIFORNIA_PRICES","TabPFN-v2 🤯","intfloat/e5-small-v2","2"
"tabpfnv2_BIN_TEXT_CALIFORNIA_PRICES_text_only_2","2026-09-02T22:26:20.000Z","542","finished","0.9596809596809596","BIN_TEXT_CALIFORNIA_PRICES","TabPFN-v2 🤯","intfloat/e5-small-v2","2"
"tabpfnv2_BIN_TEXT_CALIFORNIA_PRICES_no_text_2","2026-09-02T22:25:59.000Z","17","finished","0.9930909930909932","BIN_TEXT_CALIFORNIA_PRICES","TabPFN-v2 🤯","intfloat/e5-small-v2","2"
"tabm_BIN_TEXT_CALIFORNIA_PRICES_all_2","2026-09-02T22:23:13.000Z","2313","finished","0.9942489942489944","BIN_TEXT_CALIFORNIA_PRICES","TabM Ⓜ️","intfloat/e5-small-v2","2"
"tabm_BIN_TEXT_CALIFORNIA_PRICES_text_only_2","2026-09-02T22:18:14.000Z","1122","finished","0.9605609605609606","BIN_TEXT_CALIFORNIA_PRICES","TabM Ⓜ️","intfloat/e5-small-v2","2"
"tabm_BIN_TEXT_CALIFORNIA_PRICES_no_text_2","2026-09-02T22:17:53.000Z","18","finished","0.9888979888979889","BIN_TEXT_CALIFORNIA_PRICES","TabM Ⓜ️","intfloat/e5-small-v2","2"
"cat_BIN_TEXT_CALIFORNIA_PRICES_all_2","2026-09-02T22:17:26.000Z","508","finished","0.994054994054994","BIN_TEXT_CALIFORNIA_PRICES","CatBoost 😸","intfloat/e5-small-v2","2"
"cat_BIN_TEXT_CALIFORNIA_PRICES_text_only_2","2026-09-02T22:11:00.000Z","1411","finished","0.9633039633039632","BIN_TEXT_CALIFORNIA_PRICES","CatBoost 😸","intfloat/e5-small-v2","2"
"cat_BIN_TEXT_CALIFORNIA_PRICES_no_text_2","2026-09-02T22:10:39.000Z","17","finished","0.9923549923549924","BIN_TEXT_CALIFORNIA_PRICES","CatBoost 😸","intfloat/e5-small-v2","2"
"light_BIN_TEXT_CALIFORNIA_PRICES_all_2","2026-09-02T22:09:24.000Z","479","finished","0.9934459934459934","BIN_TEXT_CALIFORNIA_PRICES","LightGBM 💡","intfloat/e5-small-v2","2"
"light_BIN_TEXT_CALIFORNIA_PRICES_text_only_2","2026-09-02T22:03:54.000Z","1492","finished","0.960884960884961","BIN_TEXT_CALIFORNIA_PRICES","LightGBM 💡","intfloat/e5-small-v2","2"
"light_BIN_TEXT_CALIFORNIA_PRICES_no_text_2","2026-09-02T22:03:33.000Z","15","finished","0.9922729922729924","BIN_TEXT_CALIFORNIA_PRICES","LightGBM 💡","intfloat/e5-small-v2","2"
"tabpfnv2p5_BIN_TEXT_CALIFORNIA_PRICES_text_only_1","2026-09-02T22:00:13.000Z","1807","finished","0.964117964117964","BIN_TEXT_CALIFORNIA_PRICES","TabPFN-v2p5 🇩🇪","intfloat/e5-small-v2","1"
"tabpfnv2p5_BIN_TEXT_CALIFORNIA_PRICES_no_text_1","2026-09-02T21:59:47.000Z","23","finished","0.9929554929554928","BIN_TEXT_CALIFORNIA_PRICES","TabPFN-v2p5 🇩🇪","intfloat/e5-small-v2","1"
"tabpfnv2_BIN_TEXT_CALIFORNIA_PRICES_all_1","2026-09-02T21:57:10.000Z","1237","finished","0.9947969947969948","BIN_TEXT_CALIFORNIA_PRICES","TabPFN-v2 🤯","intfloat/e5-small-v2","1"
"tabpfnv2_BIN_TEXT_CALIFORNIA_PRICES_text_only_1","2026-09-02T21:52:36.000Z","546","finished","0.957025457025457","BIN_TEXT_CALIFORNIA_PRICES","TabPFN-v2 🤯","intfloat/e5-small-v2","1"
"tabpfnv2_BIN_TEXT_CALIFORNIA_PRICES_no_text_1","2026-09-02T21:52:14.000Z","18","finished","0.992085492085492","BIN_TEXT_CALIFORNIA_PRICES","TabPFN-v2 🤯","intfloat/e5-small-v2","1"
"tabm_BIN_TEXT_CALIFORNIA_PRICES_all_1","2026-09-02T21:49:46.000Z","2281","finished","0.9931319931319932","BIN_TEXT_CALIFORNIA_PRICES","TabM Ⓜ️","intfloat/e5-small-v2","1"
"tabm_BIN_TEXT_CALIFORNIA_PRICES_text_only_1","2026-09-02T21:47:25.000Z","1391","finished","0.9562509562509564","BIN_TEXT_CALIFORNIA_PRICES","TabM Ⓜ️","intfloat/e5-small-v2","1"
"tabm_BIN_TEXT_CALIFORNIA_PRICES_no_text_1","2026-09-02T21:46:59.000Z","21","finished","0.9925729925729924","BIN_TEXT_CALIFORNIA_PRICES","TabM Ⓜ️","intfloat/e5-small-v2","1"
"cat_BIN_TEXT_CALIFORNIA_PRICES_all_1","2026-09-02T21:44:45.000Z","2301","finished","0.9937899937899938","BIN_TEXT_CALIFORNIA_PRICES","CatBoost 😸","intfloat/e5-small-v2","1"
"cat_BIN_TEXT_CALIFORNIA_PRICES_text_only_1","2026-09-02T21:43:19.000Z","530","finished","0.9574109574109572","BIN_TEXT_CALIFORNIA_PRICES","CatBoost 😸","intfloat/e5-small-v2","1"
"cat_BIN_TEXT_CALIFORNIA_PRICES_no_text_1","2026-09-02T21:42:53.000Z","21","finished","0.992130992130992","BIN_TEXT_CALIFORNIA_PRICES","CatBoost 😸","intfloat/e5-small-v2","1"
"light_BIN_TEXT_CALIFORNIA_PRICES_all_1","2026-09-02T21:38:33.000Z","1114","finished","0.993927993927994","BIN_TEXT_CALIFORNIA_PRICES","LightGBM 💡","intfloat/e5-small-v2","1"
"light_BIN_TEXT_CALIFORNIA_PRICES_text_only_1","2026-09-02T21:34:55.000Z","473","finished","0.955954955954956","BIN_TEXT_CALIFORNIA_PRICES","LightGBM 💡","intfloat/e5-small-v2","1"
"light_BIN_TEXT_CALIFORNIA_PRICES_no_text_1","2026-09-02T21:34:33.000Z","18","finished","0.9913809913809912","BIN_TEXT_CALIFORNIA_PRICES","LightGBM 💡","intfloat/e5-small-v2","1"
"tabpfnv2p5_BIN_TEXT_CALIFORNIA_PRICES_all_0","2026-09-02T21:29:48.000Z","1795","finished","0.993886993886994","BIN_TEXT_CALIFORNIA_PRICES","TabPFN-v2p5 🇩🇪","intfloat/e5-small-v2","0"
"tabpfnv2p5_BIN_TEXT_CALIFORNIA_PRICES_text_only_0","2026-09-02T21:28:09.000Z","2120","finished","0.9566264566264566","BIN_TEXT_CALIFORNIA_PRICES","TabPFN-v2p5 🇩🇪","intfloat/e5-small-v2","0"
"tabpfnv2p5_BIN_TEXT_CALIFORNIA_PRICES_no_text_0","2026-09-02T21:28:08.000Z","96","finished","0.9926299926299926","BIN_TEXT_CALIFORNIA_PRICES","TabPFN-v2p5 🇩🇪","intfloat/e5-small-v2","0"
"tabpfnv2_BIN_TEXT_CALIFORNIA_PRICES_all_0","2026-09-02T21:19:34.000Z","1640","finished","0.9928159928159928","BIN_TEXT_CALIFORNIA_PRICES","TabPFN-v2 🤯","intfloat/e5-small-v2","0"
"tabpfnv2_BIN_TEXT_CALIFORNIA_PRICES_text_only_0","2026-09-02T21:17:55.000Z","1235","finished","0.945084945084945","BIN_TEXT_CALIFORNIA_PRICES","TabPFN-v2 🤯","intfloat/e5-small-v2","0"
"tabpfnv2_BIN_TEXT_CALIFORNIA_PRICES_no_text_0","2026-09-02T21:16:52.000Z","56","finished","0.991100991100991","BIN_TEXT_CALIFORNIA_PRICES","TabPFN-v2 🤯","intfloat/e5-small-v2","0"
"tabm_BIN_TEXT_CALIFORNIA_PRICES_all_0","2026-09-02T21:14:09.000Z","2131","finished","0.9924899924899924","BIN_TEXT_CALIFORNIA_PRICES","TabM Ⓜ️","intfloat/e5-small-v2","0"
"tabm_BIN_TEXT_CALIFORNIA_PRICES_text_only_0","2026-09-02T21:08:47.000Z","2151","finished","0.9493579493579494","BIN_TEXT_CALIFORNIA_PRICES","TabM Ⓜ️","intfloat/e5-small-v2","0"
"tabm_BIN_TEXT_CALIFORNIA_PRICES_no_text_0","2026-09-02T21:08:15.000Z","26","finished","0.9896769896769896","BIN_TEXT_CALIFORNIA_PRICES","TabM Ⓜ️","intfloat/e5-small-v2","0"
"cat_BIN_TEXT_CALIFORNIA_PRICES_all_0","2026-09-02T20:56:04.000Z","1403","finished","0.9923479923479924","BIN_TEXT_CALIFORNIA_PRICES","CatBoost 😸","intfloat/e5-small-v2","0"
"cat_BIN_TEXT_CALIFORNIA_PRICES_text_only_0","2026-09-02T20:36:47.000Z","2238","finished","0.9512389512389512","BIN_TEXT_CALIFORNIA_PRICES","CatBoost 😸","intfloat/e5-small-v2","0"
"cat_BIN_TEXT_CALIFORNIA_PRICES_no_text_0","2026-09-02T20:36:25.000Z","19","finished","0.9916079916079916","BIN_TEXT_CALIFORNIA_PRICES","CatBoost 😸","intfloat/e5-small-v2","0"
"light_BIN_TEXT_CALIFORNIA_PRICES_all_0","2026-09-02T20:32:29.000Z","1411","finished","0.9925539925539926","BIN_TEXT_CALIFORNIA_PRICES","LightGBM 💡","intfloat/e5-small-v2","0"
"light_BIN_TEXT_CALIFORNIA_PRICES_text_only_0","2026-09-02T20:31:04.000Z","2225","finished","0.9449079449079448","BIN_TEXT_CALIFORNIA_PRICES","LightGBM 💡","intfloat/e5-small-v2","0"
"light_BIN_TEXT_CALIFORNIA_PRICES_no_text_0","2026-09-02T20:31:04.000Z","318","finished","0.9913109913109912","BIN_TEXT_CALIFORNIA_PRICES","LightGBM 💡","intfloat/e5-small-v2","0"
"tabpfnv2p5_MUL_TEXT_MELBOURNE_AIRBNB_all_2","2026-09-02T01:34:53.000Z","1435","finished","0.8340598448269609","MUL_TEXT_MELBOURNE_AIRBNB","TabPFN-v2p5 🇩🇪","intfloat/e5-small-v2","2"
"tabpfnv2p5_MUL_TEXT_MELBOURNE_AIRBNB_text_only_2","2026-09-02T01:34:04.000Z","1422","finished","0.7680107876658339","MUL_TEXT_MELBOURNE_AIRBNB","TabPFN-v2p5 🇩🇪","intfloat/e5-small-v2","2"
"tabpfnv2p5_MUL_TEXT_MELBOURNE_AIRBNB_no_text_2","2026-09-02T01:33:32.000Z","27","finished","0.8524346477241455","MUL_TEXT_MELBOURNE_AIRBNB","TabPFN-v2p5 🇩🇪","intfloat/e5-small-v2","2"
"tabpfnv2_MUL_TEXT_MELBOURNE_AIRBNB_all_2","2026-09-02T01:33:24.000Z","1448","finished","0.8413895152672876","MUL_TEXT_MELBOURNE_AIRBNB","TabPFN-v2 🤯","intfloat/e5-small-v2","2"
"tabpfnv2_MUL_TEXT_MELBOURNE_AIRBNB_text_only_2","2026-09-02T01:25:08.000Z","1390","finished","0.7807938188719457","MUL_TEXT_MELBOURNE_AIRBNB","TabPFN-v2 🤯","intfloat/e5-small-v2","2"
"tabpfnv2_MUL_TEXT_MELBOURNE_AIRBNB_no_text_2","2026-09-02T01:24:37.000Z","27","finished","0.8416002691680253","MUL_TEXT_MELBOURNE_AIRBNB","TabPFN-v2 🤯","intfloat/e5-small-v2","2"
"tabm_MUL_TEXT_MELBOURNE_AIRBNB_all_2","2026-09-02T01:21:17.000Z","1345","finished","0.8451741345782905","MUL_TEXT_MELBOURNE_AIRBNB","TabM Ⓜ️","intfloat/e5-small-v2","2"
"tabm_MUL_TEXT_MELBOURNE_AIRBNB_text_only_2","2026-09-02T01:10:46.000Z","1355","finished","0.7954739706823885","MUL_TEXT_MELBOURNE_AIRBNB","TabM Ⓜ️","intfloat/e5-small-v2","2"
"tabm_MUL_TEXT_MELBOURNE_AIRBNB_no_text_2","2026-09-02T01:10:20.000Z","23","finished","0.833975573325245","MUL_TEXT_MELBOURNE_AIRBNB","TabM Ⓜ️","intfloat/e5-small-v2","2"
"cat_MUL_TEXT_MELBOURNE_AIRBNB_all_2","2026-09-02T01:09:41.000Z","1510","finished","0.8322699558755214","MUL_TEXT_MELBOURNE_AIRBNB","CatBoost 😸","intfloat/e5-small-v2","2"
"cat_MUL_TEXT_MELBOURNE_AIRBNB_text_only_2","2026-09-02T01:09:03.000Z","1467","finished","0.7811560972258874","MUL_TEXT_MELBOURNE_AIRBNB","CatBoost 😸","intfloat/e5-small-v2","2"
"cat_MUL_TEXT_MELBOURNE_AIRBNB_no_text_2","2026-09-02T01:09:01.000Z","77","finished","0.8320620987164002","MUL_TEXT_MELBOURNE_AIRBNB","CatBoost 😸","intfloat/e5-small-v2","2"
"light_MUL_TEXT_MELBOURNE_AIRBNB_all_2","2026-09-02T01:03:34.000Z","1259","finished","0.8142014410759316","MUL_TEXT_MELBOURNE_AIRBNB","LightGBM 💡","intfloat/e5-small-v2","2"
"light_MUL_TEXT_MELBOURNE_AIRBNB_text_only_2","2026-09-02T00:59:33.000Z","1301","finished","0.7612495875621514","MUL_TEXT_MELBOURNE_AIRBNB","LightGBM 💡","intfloat/e5-small-v2","2"
"light_MUL_TEXT_MELBOURNE_AIRBNB_no_text_2","2026-09-02T00:59:06.000Z","21","finished","0.8115621514820722","MUL_TEXT_MELBOURNE_AIRBNB","LightGBM 💡","intfloat/e5-small-v2","2"
"tabpfnv2p5_MUL_TEXT_MELBOURNE_AIRBNB_all_1","2026-09-02T00:44:33.000Z","1502","finished","0.833853363662657","MUL_TEXT_MELBOURNE_AIRBNB","TabPFN-v2p5 🇩🇪","intfloat/e5-small-v2","1"
"tabpfnv2p5_MUL_TEXT_MELBOURNE_AIRBNB_text_only_1","2026-09-02T00:44:06.000Z","1491","finished","0.7672607983222947","MUL_TEXT_MELBOURNE_AIRBNB","TabPFN-v2p5 🇩🇪","intfloat/e5-small-v2","1"
"tabpfnv2p5_MUL_TEXT_MELBOURNE_AIRBNB_no_text_1","2026-09-02T00:43:35.000Z","27","finished","0.850438211202788","MUL_TEXT_MELBOURNE_AIRBNB","TabPFN-v2p5 🇩🇪","intfloat/e5-small-v2","1"
"tabpfnv2_MUL_TEXT_MELBOURNE_AIRBNB_all_1","2026-09-02T00:43:33.000Z","1523","finished","0.8375700944357483","MUL_TEXT_MELBOURNE_AIRBNB","TabPFN-v2 🤯","intfloat/e5-small-v2","1"
"tabpfnv2_MUL_TEXT_MELBOURNE_AIRBNB_text_only_1","2026-09-02T00:39:09.000Z","1462","finished","0.7776366548462501","MUL_TEXT_MELBOURNE_AIRBNB","TabPFN-v2 🤯","intfloat/e5-small-v2","1"
"tabpfnv2_MUL_TEXT_MELBOURNE_AIRBNB_no_text_1","2026-09-02T00:38:38.000Z","28","finished","0.8348100350568755","MUL_TEXT_MELBOURNE_AIRBNB","TabPFN-v2 🤯","intfloat/e5-small-v2","1"
"tabm_MUL_TEXT_MELBOURNE_AIRBNB_all_1","2026-09-02T00:36:45.000Z","1336","finished","0.8439257405591658","MUL_TEXT_MELBOURNE_AIRBNB","TabM Ⓜ️","intfloat/e5-small-v2","1"
"tabm_MUL_TEXT_MELBOURNE_AIRBNB_text_only_1","2026-09-02T00:21:06.000Z","1340","finished","0.7908406368906284","MUL_TEXT_MELBOURNE_AIRBNB","TabM Ⓜ️","intfloat/e5-small-v2","1"
"tabm_MUL_TEXT_MELBOURNE_AIRBNB_no_text_1","2026-09-02T00:20:34.000Z","24","finished","0.8400417905434889","MUL_TEXT_MELBOURNE_AIRBNB","TabM Ⓜ️","intfloat/e5-small-v2","1"
"cat_MUL_TEXT_MELBOURNE_AIRBNB_all_1","2026-09-02T00:20:02.000Z","1467","finished","0.828637517025873","MUL_TEXT_MELBOURNE_AIRBNB","CatBoost 😸","intfloat/e5-small-v2","1"
"cat_MUL_TEXT_MELBOURNE_AIRBNB_text_only_1","2026-09-02T00:19:54.000Z","1415","finished","0.7776845666034589","MUL_TEXT_MELBOURNE_AIRBNB","CatBoost 😸","intfloat/e5-small-v2","1"
"cat_MUL_TEXT_MELBOURNE_AIRBNB_no_text_1","2026-09-02T00:18:54.000Z","64","finished","0.8289490956641894","MUL_TEXT_MELBOURNE_AIRBNB","CatBoost 😸","intfloat/e5-small-v2","1"
"light_MUL_TEXT_MELBOURNE_AIRBNB_all_1","2026-09-02T00:17:35.000Z","1257","finished","0.8183137537380697","MUL_TEXT_MELBOURNE_AIRBNB","LightGBM 💡","intfloat/e5-small-v2","1"
"light_MUL_TEXT_MELBOURNE_AIRBNB_text_only_1","2026-09-02T00:15:05.000Z","1297","finished","0.7545139733210112","MUL_TEXT_MELBOURNE_AIRBNB","LightGBM 💡","intfloat/e5-small-v2","1"
"light_MUL_TEXT_MELBOURNE_AIRBNB_no_text_1","2026-09-02T00:14:38.000Z","20","finished","0.8203139088279727","MUL_TEXT_MELBOURNE_AIRBNB","LightGBM 💡","intfloat/e5-small-v2","1"
"tabpfnv2p5_MUL_TEXT_MELBOURNE_AIRBNB_all_0","2026-09-01T23:55:26.000Z","1505","finished","0.8347427079595644","MUL_TEXT_MELBOURNE_AIRBNB","TabPFN-v2p5 🇩🇪","intfloat/e5-small-v2","0"
"tabpfnv2p5_MUL_TEXT_MELBOURNE_AIRBNB_text_only_0","2026-09-01T23:54:57.000Z","1493","finished","0.7728165445885237","MUL_TEXT_MELBOURNE_AIRBNB","TabPFN-v2p5 🇩🇪","intfloat/e5-small-v2","0"
"tabpfnv2p5_MUL_TEXT_MELBOURNE_AIRBNB_no_text_0","2026-09-01T23:54:54.000Z","27","finished","0.8556528419870322","MUL_TEXT_MELBOURNE_AIRBNB","TabPFN-v2p5 🇩🇪","intfloat/e5-small-v2","0"
"tabpfnv2_MUL_TEXT_MELBOURNE_AIRBNB_all_0","2026-09-01T23:53:24.000Z","1524","finished","0.8453486911256312","MUL_TEXT_MELBOURNE_AIRBNB","TabPFN-v2 🤯","intfloat/e5-small-v2","0"
"tabpfnv2_MUL_TEXT_MELBOURNE_AIRBNB_text_only_0","2026-09-01T23:53:10.000Z","1461","finished","0.7865584762736253","MUL_TEXT_MELBOURNE_AIRBNB","TabPFN-v2 🤯","intfloat/e5-small-v2","0"
"tabm_MUL_TEXT_MELBOURNE_AIRBNB_all_0","2026-09-01T23:52:47.000Z","1306","finished","0.8446071235187246","MUL_TEXT_MELBOURNE_AIRBNB","TabM Ⓜ️","intfloat/e5-small-v2","0"
"tabpfnv2_MUL_TEXT_MELBOURNE_AIRBNB_no_text_0","2026-09-01T23:52:47.000Z","33","finished","0.8432573873317647","MUL_TEXT_MELBOURNE_AIRBNB","TabPFN-v2 🤯","intfloat/e5-small-v2","0"
"tabm_MUL_TEXT_MELBOURNE_AIRBNB_text_only_0","2026-09-01T23:32:40.000Z","1330","finished","0.8018628606555914","MUL_TEXT_MELBOURNE_AIRBNB","TabM Ⓜ️","intfloat/e5-small-v2","0"
"tabm_MUL_TEXT_MELBOURNE_AIRBNB_no_text_0","2026-09-01T23:32:09.000Z","27","finished","0.8414791398398662","MUL_TEXT_MELBOURNE_AIRBNB","TabM Ⓜ️","intfloat/e5-small-v2","0"
"cat_MUL_TEXT_MELBOURNE_AIRBNB_all_0","2026-09-01T23:30:42.000Z","1448","finished","0.836201348190779","MUL_TEXT_MELBOURNE_AIRBNB","CatBoost 😸","intfloat/e5-small-v2","0"
"cat_MUL_TEXT_MELBOURNE_AIRBNB_no_text_0","2026-09-01T23:30:40.000Z","85","finished","0.8374835727992368","MUL_TEXT_MELBOURNE_AIRBNB","CatBoost 😸","intfloat/e5-small-v2","0"
"cat_MUL_TEXT_MELBOURNE_AIRBNB_text_only_0","2026-09-01T23:30:40.000Z","1347","finished","0.7814457446711797","MUL_TEXT_MELBOURNE_AIRBNB","CatBoost 😸","intfloat/e5-small-v2","0"
"light_MUL_TEXT_MELBOURNE_AIRBNB_all_0","2026-09-01T23:30:29.000Z","1332","finished","0.8171779281657798","MUL_TEXT_MELBOURNE_AIRBNB","LightGBM 💡","intfloat/e5-small-v2","0"
"light_MUL_TEXT_MELBOURNE_AIRBNB_text_only_0","2026-09-01T23:30:20.000Z","1342","finished","0.7543345251235192","MUL_TEXT_MELBOURNE_AIRBNB","LightGBM 💡","intfloat/e5-small-v2","0"
"light_MUL_TEXT_MELBOURNE_AIRBNB_no_text_0","2026-09-01T23:30:16.000Z","22","finished","0.8130791138347162","MUL_TEXT_MELBOURNE_AIRBNB","LightGBM 💡","intfloat/e5-small-v2","0"
"tabpfnv2p5_BIN_TEXT_IMDB_GENRE_all_2","2026-09-01T23:26:42.000Z","35","finished","0.8303571428571428","BIN_TEXT_IMDB_GENRE","TabPFN-v2p5 🇩🇪","intfloat/e5-small-v2","2"
"tabpfnv2p5_BIN_TEXT_IMDB_GENRE_text_only_2","2026-09-01T23:26:33.000Z","36","finished","0.7202380952380952","BIN_TEXT_IMDB_GENRE","TabPFN-v2p5 🇩🇪","intfloat/e5-small-v2","2"
"tabpfnv2p5_BIN_TEXT_IMDB_GENRE_no_text_2","2026-09-01T23:26:32.000Z","15","finished","0.8267857142857142","BIN_TEXT_IMDB_GENRE","TabPFN-v2p5 🇩🇪","intfloat/e5-small-v2","2"
"tabpfnv2_BIN_TEXT_IMDB_GENRE_all_2","2026-09-01T23:26:21.000Z","38","finished","0.8247023809523808","BIN_TEXT_IMDB_GENRE","TabPFN-v2 🤯","intfloat/e5-small-v2","2"
"tabpfnv2_BIN_TEXT_IMDB_GENRE_text_only_2","2026-09-01T23:26:13.000Z","36","finished","0.7214285714285714","BIN_TEXT_IMDB_GENRE","TabPFN-v2 🤯","intfloat/e5-small-v2","2"
"tabpfnv2_BIN_TEXT_IMDB_GENRE_no_text_2","2026-09-01T23:26:11.000Z","15","finished","0.8101190476190476","BIN_TEXT_IMDB_GENRE","TabPFN-v2 🤯","intfloat/e5-small-v2","2"
"tabm_BIN_TEXT_IMDB_GENRE_all_2","2026-09-01T23:26:06.000Z","33","finished","0.8047619047619048","BIN_TEXT_IMDB_GENRE","TabM Ⓜ️","intfloat/e5-small-v2","2"
"tabm_BIN_TEXT_IMDB_GENRE_text_only_2","2026-09-01T23:25:50.000Z","36","finished","0.7011904761904763","BIN_TEXT_IMDB_GENRE","TabM Ⓜ️","intfloat/e5-small-v2","2"
"tabm_BIN_TEXT_IMDB_GENRE_no_text_2","2026-09-01T23:25:50.000Z","15","finished","0.8160714285714287","BIN_TEXT_IMDB_GENRE","TabM Ⓜ️","intfloat/e5-small-v2","2"
"cat_BIN_TEXT_IMDB_GENRE_all_2","2026-09-01T23:25:40.000Z","36","finished","0.8261904761904761","BIN_TEXT_IMDB_GENRE","CatBoost 😸","intfloat/e5-small-v2","2"
"cat_BIN_TEXT_IMDB_GENRE_text_only_2","2026-09-01T23:25:30.000Z","36","finished","0.7285714285714286","BIN_TEXT_IMDB_GENRE","CatBoost 😸","intfloat/e5-small-v2","2"
"cat_BIN_TEXT_IMDB_GENRE_no_text_2","2026-09-01T23:25:29.000Z","14","finished","0.8","BIN_TEXT_IMDB_GENRE","CatBoost 😸","intfloat/e5-small-v2","2"
"light_BIN_TEXT_IMDB_GENRE_all_2","2026-09-01T23:25:29.000Z","33","finished","0.8428571428571429","BIN_TEXT_IMDB_GENRE","LightGBM 💡","intfloat/e5-small-v2","2"
"light_BIN_TEXT_IMDB_GENRE_text_only_2","2026-09-01T23:25:14.000Z","34","finished","0.6630952380952381","BIN_TEXT_IMDB_GENRE","LightGBM 💡","intfloat/e5-small-v2","2"
"light_BIN_TEXT_IMDB_GENRE_no_text_2","2026-09-01T23:25:09.000Z","14","finished","0.756547619047619","BIN_TEXT_IMDB_GENRE","LightGBM 💡","intfloat/e5-small-v2","2"
"tabpfnv2p5_BIN_TEXT_IMDB_GENRE_all_1","2026-09-01T23:24:57.000Z","38","finished","0.8946428571428572","BIN_TEXT_IMDB_GENRE","TabPFN-v2p5 🇩🇪","intfloat/e5-small-v2","1"
"tabpfnv2p5_BIN_TEXT_IMDB_GENRE_text_only_1","2026-09-01T23:24:52.000Z","35","finished","0.7821428571428571","BIN_TEXT_IMDB_GENRE","TabPFN-v2p5 🇩🇪","intfloat/e5-small-v2","1"
"tabpfnv2p5_BIN_TEXT_IMDB_GENRE_no_text_1","2026-09-01T23:24:48.000Z","15","finished","0.8875","BIN_TEXT_IMDB_GENRE","TabPFN-v2p5 🇩🇪","intfloat/e5-small-v2","1"
"tabpfnv2_BIN_TEXT_IMDB_GENRE_all_1","2026-09-01T23:24:47.000Z","37","finished","0.894047619047619","BIN_TEXT_IMDB_GENRE","TabPFN-v2 🤯","intfloat/e5-small-v2","1"
"tabpfnv2_BIN_TEXT_IMDB_GENRE_text_only_1","2026-09-01T23:24:31.000Z","38","finished","0.76875","BIN_TEXT_IMDB_GENRE","TabPFN-v2 🤯","intfloat/e5-small-v2","1"
"tabpfnv2_BIN_TEXT_IMDB_GENRE_no_text_1","2026-09-01T23:24:27.000Z","14","finished","0.8886904761904761","BIN_TEXT_IMDB_GENRE","TabPFN-v2 🤯","intfloat/e5-small-v2","1"
"tabm_BIN_TEXT_IMDB_GENRE_all_1","2026-09-01T23:24:16.000Z","35","finished","0.9136904761904764","BIN_TEXT_IMDB_GENRE","TabM Ⓜ️","intfloat/e5-small-v2","1"
"tabm_BIN_TEXT_IMDB_GENRE_text_only_1","2026-09-01T23:24:15.000Z","33","finished","0.7886904761904763","BIN_TEXT_IMDB_GENRE","TabM Ⓜ️","intfloat/e5-small-v2","1"
"tabm_BIN_TEXT_IMDB_GENRE_no_text_1","2026-09-01T23:24:05.000Z","15","finished","0.8851190476190476","BIN_TEXT_IMDB_GENRE","TabM Ⓜ️","intfloat/e5-small-v2","1"
"cat_BIN_TEXT_IMDB_GENRE_all_1","2026-09-01T23:24:05.000Z","37","finished","0.8523809523809525","BIN_TEXT_IMDB_GENRE","CatBoost 😸","intfloat/e5-small-v2","1"
"cat_BIN_TEXT_IMDB_GENRE_text_only_1","2026-09-01T23:23:49.000Z","37","finished","0.719047619047619","BIN_TEXT_IMDB_GENRE","CatBoost 😸","intfloat/e5-small-v2","1"
"cat_BIN_TEXT_IMDB_GENRE_no_text_1","2026-09-01T23:23:44.000Z","15","finished","0.8732142857142857","BIN_TEXT_IMDB_GENRE","CatBoost 😸","intfloat/e5-small-v2","1"
"light_BIN_TEXT_IMDB_GENRE_text_only_1","2026-09-01T23:23:39.000Z","32","finished","0.6892857142857143","BIN_TEXT_IMDB_GENRE","LightGBM 💡","intfloat/e5-small-v2","1"
"light_BIN_TEXT_IMDB_GENRE_all_1","2026-09-01T23:23:39.000Z","33","finished","0.8184523809523809","BIN_TEXT_IMDB_GENRE","LightGBM 💡","intfloat/e5-small-v2","1"
"tabpfnv2p5_BIN_TEXT_IMDB_GENRE_all_0","2026-09-01T23:23:23.000Z","36","finished","0.8419642857142857","BIN_TEXT_IMDB_GENRE","TabPFN-v2p5 🇩🇪","intfloat/e5-small-v2","0"
"light_BIN_TEXT_IMDB_GENRE_no_text_1","2026-09-01T23:23:23.000Z","15","finished","0.8648809523809524","BIN_TEXT_IMDB_GENRE","LightGBM 💡","intfloat/e5-small-v2","1"
"tabpfnv2p5_BIN_TEXT_IMDB_GENRE_text_only_0","2026-09-01T23:23:08.000Z","36","finished","0.7464285714285714","BIN_TEXT_IMDB_GENRE","TabPFN-v2p5 🇩🇪","intfloat/e5-small-v2","0"
"tabpfnv2p5_BIN_TEXT_IMDB_GENRE_no_text_0","2026-09-01T23:23:02.000Z","14","finished","0.8035714285714286","BIN_TEXT_IMDB_GENRE","TabPFN-v2p5 🇩🇪","intfloat/e5-small-v2","0"
"tabpfnv2_BIN_TEXT_IMDB_GENRE_all_0","2026-09-01T23:22:57.000Z","36","finished","0.8232142857142857","BIN_TEXT_IMDB_GENRE","TabPFN-v2 🤯","intfloat/e5-small-v2","0"
"tabpfnv2_BIN_TEXT_IMDB_GENRE_text_only_0","2026-09-01T23:22:56.000Z","36","finished","0.7351190476190477","BIN_TEXT_IMDB_GENRE","TabPFN-v2 🤯","intfloat/e5-small-v2","0"
"tabpfnv2_BIN_TEXT_IMDB_GENRE_no_text_0","2026-09-01T23:22:46.000Z","16","finished","0.7913690476190476","BIN_TEXT_IMDB_GENRE","TabPFN-v2 🤯","intfloat/e5-small-v2","0"
"tabm_BIN_TEXT_IMDB_GENRE_all_0","2026-09-01T23:22:41.000Z","35","finished","0.8172619047619047","BIN_TEXT_IMDB_GENRE","TabM Ⓜ️","intfloat/e5-small-v2","0"
"tabm_BIN_TEXT_IMDB_GENRE_text_only_0","2026-09-01T23:22:25.000Z","34","finished","0.7476190476190476","BIN_TEXT_IMDB_GENRE","TabM Ⓜ️","intfloat/e5-small-v2","0"
"tabm_BIN_TEXT_IMDB_GENRE_no_text_0","2026-09-01T23:22:25.000Z","15","finished","0.7660714285714285","BIN_TEXT_IMDB_GENRE","TabM Ⓜ️","intfloat/e5-small-v2","0"
"cat_BIN_TEXT_IMDB_GENRE_all_0","2026-09-01T23:22:20.000Z","34","finished","0.8119047619047619","BIN_TEXT_IMDB_GENRE","CatBoost 😸","intfloat/e5-small-v2","0"
"cat_BIN_TEXT_IMDB_GENRE_text_only_0","2026-09-01T23:22:15.000Z","36","finished","0.738095238095238","BIN_TEXT_IMDB_GENRE","CatBoost 😸","intfloat/e5-small-v2","0"
"cat_BIN_TEXT_IMDB_GENRE_no_text_0","2026-09-01T23:22:04.000Z","14","finished","0.7636904761904763","BIN_TEXT_IMDB_GENRE","CatBoost 😸","intfloat/e5-small-v2","0"
"light_BIN_TEXT_IMDB_GENRE_all_0","2026-09-01T23:21:43.000Z","33","finished","0.7738095238095238","BIN_TEXT_IMDB_GENRE","LightGBM 💡","intfloat/e5-small-v2","0"
"light_BIN_TEXT_IMDB_GENRE_text_only_0","2026-09-01T23:21:38.000Z","33","finished","0.7160714285714286","BIN_TEXT_IMDB_GENRE","LightGBM 💡","intfloat/e5-small-v2","0"
"light_BIN_TEXT_IMDB_GENRE_no_text_0","2026-09-01T23:21:16.000Z","15","finished","0.7327380952380953","BIN_TEXT_IMDB_GENRE","LightGBM 💡","intfloat/e5-small-v2","0"
"tabpfnv2p5_MUL_TEXT_NEWS_CHANNEL_all_2","2026-09-01T23:14:01.000Z","92","finished","0.8286678688905306","MUL_TEXT_NEWS_CHANNEL","TabPFN-v2p5 🇩🇪","intfloat/e5-small-v2","2"
"tabpfnv2p5_MUL_TEXT_NEWS_CHANNEL_text_only_2","2026-09-01T23:13:56.000Z","91","finished","0.6116362490119744","MUL_TEXT_NEWS_CHANNEL","TabPFN-v2p5 🇩🇪","intfloat/e5-small-v2","2"
"tabpfnv2p5_MUL_TEXT_NEWS_CHANNEL_no_text_2","2026-09-01T23:13:40.000Z","18","finished","0.8183544891118154","MUL_TEXT_NEWS_CHANNEL","TabPFN-v2p5 🇩🇪","intfloat/e5-small-v2","2"
"tabpfnv2_MUL_TEXT_NEWS_CHANNEL_all_2","2026-09-01T23:13:25.000Z","93","finished","0.8224963317763803","MUL_TEXT_NEWS_CHANNEL","TabPFN-v2 🤯","intfloat/e5-small-v2","2"
"tabpfnv2_MUL_TEXT_NEWS_CHANNEL_text_only_2","2026-09-01T23:13:20.000Z","94","finished","0.6093561325220954","MUL_TEXT_NEWS_CHANNEL","TabPFN-v2 🤯","intfloat/e5-small-v2","2"
"tabpfnv2_MUL_TEXT_NEWS_CHANNEL_no_text_2","2026-09-01T23:12:58.000Z","19","finished","0.8129432192278033","MUL_TEXT_NEWS_CHANNEL","TabPFN-v2 🤯","intfloat/e5-small-v2","2"
"tabm_MUL_TEXT_NEWS_CHANNEL_all_2","2026-09-01T23:12:39.000Z","88","finished","0.8130387437135601","MUL_TEXT_NEWS_CHANNEL","TabM Ⓜ️","intfloat/e5-small-v2","2"
"tabm_MUL_TEXT_NEWS_CHANNEL_text_only_2","2026-09-01T23:12:27.000Z","87","finished","0.6141052185054919","MUL_TEXT_NEWS_CHANNEL","TabM Ⓜ️","intfloat/e5-small-v2","2"
"tabm_MUL_TEXT_NEWS_CHANNEL_no_text_2","2026-09-01T23:12:12.000Z","22","finished","0.8035674827893811","MUL_TEXT_NEWS_CHANNEL","TabM Ⓜ️","intfloat/e5-small-v2","2"
"cat_MUL_TEXT_NEWS_CHANNEL_all_2","2026-09-01T23:12:06.000Z","87","finished","0.7987044629274899","MUL_TEXT_NEWS_CHANNEL","CatBoost 😸","intfloat/e5-small-v2","2"
"cat_MUL_TEXT_NEWS_CHANNEL_text_only_2","2026-09-01T23:11:57.000Z","82","finished","0.6056874623740321","MUL_TEXT_NEWS_CHANNEL","CatBoost 😸","intfloat/e5-small-v2","2"
"cat_MUL_TEXT_NEWS_CHANNEL_no_text_2","2026-09-01T23:11:31.000Z","19","finished","0.7962190003084451","MUL_TEXT_NEWS_CHANNEL","CatBoost 😸","intfloat/e5-small-v2","2"
"light_MUL_TEXT_NEWS_CHANNEL_all_2","2026-09-01T23:11:29.000Z","83","finished","0.7921282896578196","MUL_TEXT_NEWS_CHANNEL","LightGBM 💡","intfloat/e5-small-v2","2"
"light_MUL_TEXT_NEWS_CHANNEL_text_only_2","2026-09-01T23:10:59.000Z","82","finished","0.584676586171216","MUL_TEXT_NEWS_CHANNEL","LightGBM 💡","intfloat/e5-small-v2","2"
"light_MUL_TEXT_NEWS_CHANNEL_no_text_2","2026-09-01T23:10:38.000Z","14","finished","0.7832029287984555","MUL_TEXT_NEWS_CHANNEL","LightGBM 💡","intfloat/e5-small-v2","2"
"tabpfnv2p5_MUL_TEXT_NEWS_CHANNEL_all_1","2026-09-01T23:10:33.000Z","93","finished","0.8249583483585585","MUL_TEXT_NEWS_CHANNEL","TabPFN-v2p5 🇩🇪","intfloat/e5-small-v2","1"
"tabpfnv2p5_MUL_TEXT_NEWS_CHANNEL_text_only_1","2026-09-01T23:10:32.000Z","89","finished","0.6272546520302962","MUL_TEXT_NEWS_CHANNEL","TabPFN-v2p5 🇩🇪","intfloat/e5-small-v2","1"
"tabpfnv2p5_MUL_TEXT_NEWS_CHANNEL_no_text_1","2026-09-01T23:10:10.000Z","19","finished","0.8165568611638552","MUL_TEXT_NEWS_CHANNEL","TabPFN-v2p5 🇩🇪","intfloat/e5-small-v2","1"
"tabpfnv2_MUL_TEXT_NEWS_CHANNEL_all_1","2026-09-01T23:09:57.000Z","92","finished","0.8211335640016185","MUL_TEXT_NEWS_CHANNEL","TabPFN-v2 🤯","intfloat/e5-small-v2","1"
"tabpfnv2_MUL_TEXT_NEWS_CHANNEL_text_only_1","2026-09-01T23:09:50.000Z","94","finished","0.6220049605609721","MUL_TEXT_NEWS_CHANNEL","TabPFN-v2 🤯","intfloat/e5-small-v2","1"
"tabpfnv2_MUL_TEXT_NEWS_CHANNEL_no_text_1","2026-09-01T23:09:35.000Z","18","finished","0.8116860217761421","MUL_TEXT_NEWS_CHANNEL","TabPFN-v2 🤯","intfloat/e5-small-v2","1"
"tabm_MUL_TEXT_NEWS_CHANNEL_all_1","2026-09-01T23:09:09.000Z","86","finished","0.8092066010456244","MUL_TEXT_NEWS_CHANNEL","TabM Ⓜ️","intfloat/e5-small-v2","1"
"tabm_MUL_TEXT_NEWS_CHANNEL_text_only_1","2026-09-01T23:09:03.000Z","86","finished","0.6289815849440553","MUL_TEXT_NEWS_CHANNEL","TabM Ⓜ️","intfloat/e5-small-v2","1"
"tabm_MUL_TEXT_NEWS_CHANNEL_no_text_1","2026-09-01T23:08:42.000Z","20","finished","0.8002722938225234","MUL_TEXT_NEWS_CHANNEL","TabM Ⓜ️","intfloat/e5-small-v2","1"
"cat_MUL_TEXT_NEWS_CHANNEL_all_1","2026-09-01T23:08:41.000Z","86","finished","0.8005816535456174","MUL_TEXT_NEWS_CHANNEL","CatBoost 😸","intfloat/e5-small-v2","1"
"cat_MUL_TEXT_NEWS_CHANNEL_text_only_1","2026-09-01T23:08:21.000Z","85","finished","0.6219368872689426","MUL_TEXT_NEWS_CHANNEL","CatBoost 😸","intfloat/e5-small-v2","1"
"cat_MUL_TEXT_NEWS_CHANNEL_no_text_1","2026-09-01T23:08:20.000Z","18","finished","0.7976746791222834","MUL_TEXT_NEWS_CHANNEL","CatBoost 😸","intfloat/e5-small-v2","1"
"light_MUL_TEXT_NEWS_CHANNEL_all_1","2026-09-01T23:08:12.000Z","79","finished","0.7901494036579798","MUL_TEXT_NEWS_CHANNEL","LightGBM 💡","intfloat/e5-small-v2","1"
"light_MUL_TEXT_NEWS_CHANNEL_text_only_1","2026-09-01T23:07:34.000Z","83","finished","0.5934256264301282","MUL_TEXT_NEWS_CHANNEL","LightGBM 💡","intfloat/e5-small-v2","1"
"light_MUL_TEXT_NEWS_CHANNEL_no_text_1","2026-09-01T23:07:13.000Z","15","finished","0.7855167999234491","MUL_TEXT_NEWS_CHANNEL","LightGBM 💡","intfloat/e5-small-v2","1"
"tabpfnv2p5_MUL_TEXT_NEWS_CHANNEL_all_0","2026-09-01T23:07:03.000Z","93","finished","0.8233020455049322","MUL_TEXT_NEWS_CHANNEL","TabPFN-v2p5 🇩🇪","intfloat/e5-small-v2","0"
"tabpfnv2p5_MUL_TEXT_NEWS_CHANNEL_text_only_0","2026-09-01T23:06:46.000Z","90","finished","0.613540622991264","MUL_TEXT_NEWS_CHANNEL","TabPFN-v2p5 🇩🇪","intfloat/e5-small-v2","0"
"tabpfnv2_MUL_TEXT_NEWS_CHANNEL_all_0","2026-09-01T23:06:42.000Z","96","finished","0.8136830187896908","MUL_TEXT_NEWS_CHANNEL","TabPFN-v2 🤯","intfloat/e5-small-v2","0"
"tabpfnv2p5_MUL_TEXT_NEWS_CHANNEL_no_text_0","2026-09-01T23:06:42.000Z","18","finished","0.8139642867089519","MUL_TEXT_NEWS_CHANNEL","TabPFN-v2p5 🇩🇪","intfloat/e5-small-v2","0"
"tabpfnv2_MUL_TEXT_NEWS_CHANNEL_text_only_0","2026-09-01T23:06:38.000Z","89","finished","0.6033557706267784","MUL_TEXT_NEWS_CHANNEL","TabPFN-v2 🤯","intfloat/e5-small-v2","0"
"tabpfnv2_MUL_TEXT_NEWS_CHANNEL_no_text_0","2026-09-01T23:06:16.000Z","20","finished","0.8119932597488004","MUL_TEXT_NEWS_CHANNEL","TabPFN-v2 🤯","intfloat/e5-small-v2","0"
"tabm_MUL_TEXT_NEWS_CHANNEL_all_0","2026-09-01T23:05:39.000Z","88","finished","0.8119246852326357","MUL_TEXT_NEWS_CHANNEL","TabM Ⓜ️","intfloat/e5-small-v2","0"
"tabm_MUL_TEXT_NEWS_CHANNEL_text_only_0","2026-09-01T23:05:13.000Z","86","finished","0.6057857029259729","MUL_TEXT_NEWS_CHANNEL","TabM Ⓜ️","intfloat/e5-small-v2","0"
"tabm_MUL_TEXT_NEWS_CHANNEL_no_text_0","2026-09-01T23:05:13.000Z","20","finished","0.8023692228962709","MUL_TEXT_NEWS_CHANNEL","TabM Ⓜ️","intfloat/e5-small-v2","0"
"cat_MUL_TEXT_NEWS_CHANNEL_all_0","2026-09-01T23:05:12.000Z","87","finished","0.7928280090447725","MUL_TEXT_NEWS_CHANNEL","CatBoost 😸","intfloat/e5-small-v2","0"
"cat_MUL_TEXT_NEWS_CHANNEL_text_only_0","2026-09-01T23:05:09.000Z","83","finished","0.6096010537665474","MUL_TEXT_NEWS_CHANNEL","CatBoost 😸","intfloat/e5-small-v2","0"
"cat_MUL_TEXT_NEWS_CHANNEL_no_text_0","2026-09-01T23:04:50.000Z","18","finished","0.7920276737943266","MUL_TEXT_NEWS_CHANNEL","CatBoost 😸","intfloat/e5-small-v2","0"
"light_MUL_TEXT_NEWS_CHANNEL_all_0","2026-09-01T23:04:47.000Z","83","finished","0.7860343887833241","MUL_TEXT_NEWS_CHANNEL","LightGBM 💡","intfloat/e5-small-v2","0"
"light_MUL_TEXT_NEWS_CHANNEL_text_only_0","2026-09-01T23:03:44.000Z","83","finished","0.5874253809462443","MUL_TEXT_NEWS_CHANNEL","LightGBM 💡","intfloat/e5-small-v2","0"
"light_MUL_TEXT_NEWS_CHANNEL_no_text_0","2026-09-01T23:03:22.000Z","17","finished","0.7854736383388846","MUL_TEXT_NEWS_CHANNEL","LightGBM 💡","intfloat/e5-small-v2","0"
"tabpfnv2p5_BIN_TEXT_OSHA_INJURY_all_2","2026-09-01T22:55:27.000Z","110","finished","0.6161851281586812","BIN_TEXT_OSHA_INJURY","TabPFN-v2p5 🇩🇪","intfloat/e5-small-v2","2"
"tabpfnv2p5_BIN_TEXT_OSHA_INJURY_text_only_2","2026-09-01T22:55:15.000Z","109","finished","0.5664975998550856","BIN_TEXT_OSHA_INJURY","TabPFN-v2p5 🇩🇪","intfloat/e5-small-v2","2"
"tabpfnv2p5_BIN_TEXT_OSHA_INJURY_no_text_2","2026-09-01T22:55:09.000Z","15","finished","0.6232949913957069","BIN_TEXT_OSHA_INJURY","TabPFN-v2p5 🇩🇪","intfloat/e5-small-v2","2"
"tabpfnv2_BIN_TEXT_OSHA_INJURY_all_2","2026-09-01T22:54:45.000Z","110","finished","0.5950095100081514","BIN_TEXT_OSHA_INJURY","TabPFN-v2 🤯","intfloat/e5-small-v2","2"
"tabpfnv2_BIN_TEXT_OSHA_INJURY_text_only_2","2026-09-01T22:54:40.000Z","117","finished","0.5561724481478127","BIN_TEXT_OSHA_INJURY","TabPFN-v2 🤯","intfloat/e5-small-v2","2"
"tabpfnv2_BIN_TEXT_OSHA_INJURY_no_text_2","2026-09-01T22:54:24.000Z","14","finished","0.6244633638257405","BIN_TEXT_OSHA_INJURY","TabPFN-v2 🤯","intfloat/e5-small-v2","2"
"tabm_BIN_TEXT_OSHA_INJURY_all_2","2026-09-01T22:53:37.000Z","105","finished","0.5997645140838692","BIN_TEXT_OSHA_INJURY","TabM Ⓜ️","intfloat/e5-small-v2","2"
"tabm_BIN_TEXT_OSHA_INJURY_text_only_2","2026-09-01T22:53:26.000Z","103","finished","0.5684811158409564","BIN_TEXT_OSHA_INJURY","TabM Ⓜ️","intfloat/e5-small-v2","2"
"tabm_BIN_TEXT_OSHA_INJURY_no_text_2","2026-09-01T22:53:16.000Z","16","finished","0.5813603840231863","BIN_TEXT_OSHA_INJURY","TabM Ⓜ️","intfloat/e5-small-v2","2"
"cat_BIN_TEXT_OSHA_INJURY_all_2","2026-09-01T22:53:09.000Z","114","finished","0.610741780635812","BIN_TEXT_OSHA_INJURY","CatBoost 😸","intfloat/e5-small-v2","2"
"cat_BIN_TEXT_OSHA_INJURY_text_only_2","2026-09-01T22:53:01.000Z","99","finished","0.5838601575944208","BIN_TEXT_OSHA_INJURY","CatBoost 😸","intfloat/e5-small-v2","2"
"cat_BIN_TEXT_OSHA_INJURY_no_text_2","2026-09-01T22:52:42.000Z","23","finished","0.6124082963499683","BIN_TEXT_OSHA_INJURY","CatBoost 😸","intfloat/e5-small-v2","2"
"light_BIN_TEXT_OSHA_INJURY_all_2","2026-09-01T22:52:39.000Z","102","finished","0.5622860248165927","BIN_TEXT_OSHA_INJURY","LightGBM 💡","intfloat/e5-small-v2","2"
"light_BIN_TEXT_OSHA_INJURY_text_only_2","2026-09-01T22:51:41.000Z","102","finished","0.5565075627207681","BIN_TEXT_OSHA_INJURY","LightGBM 💡","intfloat/e5-small-v2","2"
"light_BIN_TEXT_OSHA_INJURY_no_text_2","2026-09-01T22:51:25.000Z","14","finished","0.577991123992392","BIN_TEXT_OSHA_INJURY","LightGBM 💡","intfloat/e5-small-v2","2"
"tabpfnv2p5_BIN_TEXT_OSHA_INJURY_all_1","2026-09-01T22:51:21.000Z","112","finished","0.5917851643872837","BIN_TEXT_OSHA_INJURY","TabPFN-v2p5 🇩🇪","intfloat/e5-small-v2","1"
"tabpfnv2p5_BIN_TEXT_OSHA_INJURY_text_only_1","2026-09-01T22:51:11.000Z","105","finished","0.5710080608640522","BIN_TEXT_OSHA_INJURY","TabPFN-v2p5 🇩🇪","intfloat/e5-small-v2","1"
"tabpfnv2p5_BIN_TEXT_OSHA_INJURY_no_text_1","2026-09-01T22:50:59.000Z","16","finished","0.5666787428674939","BIN_TEXT_OSHA_INJURY","TabPFN-v2p5 🇩🇪","intfloat/e5-small-v2","1"
"tabpfnv2_BIN_TEXT_OSHA_INJURY_all_1","2026-09-01T22:50:47.000Z","113","finished","0.5828366995743139","BIN_TEXT_OSHA_INJURY","TabPFN-v2 🤯","intfloat/e5-small-v2","1"
"tabpfnv2_BIN_TEXT_OSHA_INJURY_text_only_1","2026-09-01T22:50:39.000Z","116","finished","0.574848292727108","BIN_TEXT_OSHA_INJURY","TabPFN-v2 🤯","intfloat/e5-small-v2","1"
"tabpfnv2_BIN_TEXT_OSHA_INJURY_no_text_1","2026-09-01T22:50:18.000Z","15","finished","0.5537270174803007","BIN_TEXT_OSHA_INJURY","TabPFN-v2 🤯","intfloat/e5-small-v2","1"
"tabm_BIN_TEXT_OSHA_INJURY_all_1","2026-09-01T22:49:35.000Z","104","finished","0.5776650665700571","BIN_TEXT_OSHA_INJURY","TabM Ⓜ️","intfloat/e5-small-v2","1"
"tabm_BIN_TEXT_OSHA_INJURY_text_only_1","2026-09-01T22:49:27.000Z","99","finished","0.57532832170999","BIN_TEXT_OSHA_INJURY","TabM Ⓜ️","intfloat/e5-small-v2","1"
"tabm_BIN_TEXT_OSHA_INJURY_no_text_1","2026-09-01T22:49:14.000Z","16","finished","0.5405579204782175","BIN_TEXT_OSHA_INJURY","TabM Ⓜ️","intfloat/e5-small-v2","1"
"cat_BIN_TEXT_OSHA_INJURY_all_1","2026-09-01T22:49:04.000Z","113","finished","0.584168100715515","BIN_TEXT_OSHA_INJURY","CatBoost 😸","intfloat/e5-small-v2","1"
"cat_BIN_TEXT_OSHA_INJURY_text_only_1","2026-09-01T22:48:57.000Z","103","finished","0.5767050086042931","BIN_TEXT_OSHA_INJURY","CatBoost 😸","intfloat/e5-small-v2","1"
"cat_BIN_TEXT_OSHA_INJURY_no_text_1","2026-09-01T22:48:36.000Z","19","finished","0.5700932886513903","BIN_TEXT_OSHA_INJURY","CatBoost 😸","intfloat/e5-small-v2","1"
"light_BIN_TEXT_OSHA_INJURY_all_1","2026-09-01T22:48:33.000Z","101","finished","0.558536364459741","BIN_TEXT_OSHA_INJURY","LightGBM 💡","intfloat/e5-small-v2","1"
"light_BIN_TEXT_OSHA_INJURY_text_only_1","2026-09-01T22:47:47.000Z","96","finished","0.5967575400778915","BIN_TEXT_OSHA_INJURY","LightGBM 💡","intfloat/e5-small-v2","1"
"light_BIN_TEXT_OSHA_INJURY_no_text_1","2026-09-01T22:47:31.000Z","14","finished","0.547314554841047","BIN_TEXT_OSHA_INJURY","LightGBM 💡","intfloat/e5-small-v2","1"
"tabpfnv2p5_BIN_TEXT_OSHA_INJURY_all_0","2026-09-01T22:47:19.000Z","111","finished","0.6094647223983336","BIN_TEXT_OSHA_INJURY","TabPFN-v2p5 🇩🇪","intfloat/e5-small-v2","0"
"tabpfnv2p5_BIN_TEXT_OSHA_INJURY_text_only_0","2026-09-01T22:47:09.000Z","111","finished","0.56921474504121","BIN_TEXT_OSHA_INJURY","TabPFN-v2p5 🇩🇪","intfloat/e5-small-v2","0"
"tabpfnv2p5_BIN_TEXT_OSHA_INJURY_no_text_0","2026-09-01T22:46:48.000Z","15","finished","0.6013766868943031","BIN_TEXT_OSHA_INJURY","TabPFN-v2p5 🇩🇪","intfloat/e5-small-v2","0"
"tabpfnv2_BIN_TEXT_OSHA_INJURY_all_0","2026-09-01T22:46:41.000Z","112","finished","0.5956525677022009","BIN_TEXT_OSHA_INJURY","TabPFN-v2 🤯","intfloat/e5-small-v2","0"
"tabpfnv2_BIN_TEXT_OSHA_INJURY_text_only_0","2026-09-01T22:46:33.000Z","114","finished","0.5718866044742323","BIN_TEXT_OSHA_INJURY","TabPFN-v2 🤯","intfloat/e5-small-v2","0"
"tabpfnv2_BIN_TEXT_OSHA_INJURY_no_text_0","2026-09-01T22:46:12.000Z","14","finished","0.6042025178878725","BIN_TEXT_OSHA_INJURY","TabPFN-v2 🤯","intfloat/e5-small-v2","0"
"tabm_BIN_TEXT_OSHA_INJURY_all_0","2026-09-01T22:45:47.000Z","98","finished","0.5916855357304592","BIN_TEXT_OSHA_INJURY","TabM Ⓜ️","intfloat/e5-small-v2","0"
"tabm_BIN_TEXT_OSHA_INJURY_text_only_0","2026-09-01T22:45:29.000Z","103","finished","0.5647676840865864","BIN_TEXT_OSHA_INJURY","TabM Ⓜ️","intfloat/e5-small-v2","0"
"tabm_BIN_TEXT_OSHA_INJURY_no_text_0","2026-09-01T22:45:08.000Z","17","finished","0.570872203604746","BIN_TEXT_OSHA_INJURY","TabM Ⓜ️","intfloat/e5-small-v2","0"
"cat_BIN_TEXT_OSHA_INJURY_all_0","2026-09-01T22:44:53.000Z","112","finished","0.5887147903269632","BIN_TEXT_OSHA_INJURY","CatBoost 😸","intfloat/e5-small-v2","0"
"cat_BIN_TEXT_OSHA_INJURY_text_only_0","2026-09-01T22:44:51.000Z","105","finished","0.5548229327053709","BIN_TEXT_OSHA_INJURY","CatBoost 😸","intfloat/e5-small-v2","0"
"cat_BIN_TEXT_OSHA_INJURY_no_text_0","2026-09-01T22:44:41.000Z","23","finished","0.595543881894756","BIN_TEXT_OSHA_INJURY","CatBoost 😸","intfloat/e5-small-v2","0"
"light_BIN_TEXT_OSHA_INJURY_all_0","2026-09-01T22:44:22.000Z","103","finished","0.5764876369894031","BIN_TEXT_OSHA_INJURY","LightGBM 💡","intfloat/e5-small-v2","0"
"light_BIN_TEXT_OSHA_INJURY_text_only_0","2026-09-01T22:44:07.000Z","97","finished","0.5259306222262476","BIN_TEXT_OSHA_INJURY","LightGBM 💡","intfloat/e5-small-v2","0"
"light_BIN_TEXT_OSHA_INJURY_no_text_0","2026-09-01T22:43:51.000Z","14","finished","0.569495516710443","BIN_TEXT_OSHA_INJURY","LightGBM 💡","intfloat/e5-small-v2","0"
"tabpfnv2p5_MUL_TEXT_HEARTHSTONE_CARDS_all_2","2026-09-01T22:37:48.000Z","70","finished","0.8996931099219614","MUL_TEXT_HEARTHSTONE_CARDS","TabPFN-v2p5 🇩🇪","intfloat/e5-small-v2","2"
"tabpfnv2p5_MUL_TEXT_HEARTHSTONE_CARDS_text_only_2","2026-09-01T22:37:37.000Z","68","finished","0.8802729524073275","MUL_TEXT_HEARTHSTONE_CARDS","TabPFN-v2p5 🇩🇪","intfloat/e5-small-v2","2"
"tabpfnv2p5_MUL_TEXT_HEARTHSTONE_CARDS_no_text_2","2026-09-01T22:37:31.000Z","15","finished","0.8129771873836923","MUL_TEXT_HEARTHSTONE_CARDS","TabPFN-v2p5 🇩🇪","intfloat/e5-small-v2","2"
"tabpfnv2_MUL_TEXT_HEARTHSTONE_CARDS_all_2","2026-09-01T22:37:18.000Z","69","finished","0.8764924408964749","MUL_TEXT_HEARTHSTONE_CARDS","TabPFN-v2 🤯","intfloat/e5-small-v2","2"
"tabpfnv2_MUL_TEXT_HEARTHSTONE_CARDS_text_only_2","2026-09-01T22:37:01.000Z","78","finished","0.8776449490056789","MUL_TEXT_HEARTHSTONE_CARDS","TabPFN-v2 🤯","intfloat/e5-small-v2","2"
"tabpfnv2_MUL_TEXT_HEARTHSTONE_CARDS_no_text_2","2026-09-01T22:36:40.000Z","15","finished","0.7333533831610252","MUL_TEXT_HEARTHSTONE_CARDS","TabPFN-v2 🤯","intfloat/e5-small-v2","2"
"tabm_MUL_TEXT_HEARTHSTONE_CARDS_all_2","2026-09-01T22:36:34.000Z","69","finished","0.8971794761519363","MUL_TEXT_HEARTHSTONE_CARDS","TabM Ⓜ️","intfloat/e5-small-v2","2"
"tabm_MUL_TEXT_HEARTHSTONE_CARDS_text_only_2","2026-09-01T22:36:23.000Z","70","finished","0.8671682072657619","MUL_TEXT_HEARTHSTONE_CARDS","TabM Ⓜ️","intfloat/e5-small-v2","2"
"tabm_MUL_TEXT_HEARTHSTONE_CARDS_no_text_2","2026-09-01T22:36:02.000Z","16","finished","0.7823227350395543","MUL_TEXT_HEARTHSTONE_CARDS","TabM Ⓜ️","intfloat/e5-small-v2","2"
"cat_MUL_TEXT_HEARTHSTONE_CARDS_all_2","2026-09-01T22:36:02.000Z","82","finished","0.8869336031946862","MUL_TEXT_HEARTHSTONE_CARDS","CatBoost 😸","intfloat/e5-small-v2","2"
"cat_MUL_TEXT_HEARTHSTONE_CARDS_text_only_2","2026-09-01T22:35:59.000Z","72","finished","0.851463762823267","MUL_TEXT_HEARTHSTONE_CARDS","CatBoost 😸","intfloat/e5-small-v2","2"
"cat_MUL_TEXT_HEARTHSTONE_CARDS_no_text_2","2026-09-01T22:35:35.000Z","21","finished","0.775813539752277","MUL_TEXT_HEARTHSTONE_CARDS","CatBoost 😸","intfloat/e5-small-v2","2"
"light_MUL_TEXT_HEARTHSTONE_CARDS_all_2","2026-09-01T22:35:26.000Z","67","finished","0.8655311549413789","MUL_TEXT_HEARTHSTONE_CARDS","LightGBM 💡","intfloat/e5-small-v2","2"
"light_MUL_TEXT_HEARTHSTONE_CARDS_text_only_2","2026-09-01T22:35:21.000Z","69","finished","0.8491429964090141","MUL_TEXT_HEARTHSTONE_CARDS","LightGBM 💡","intfloat/e5-small-v2","2"
"light_MUL_TEXT_HEARTHSTONE_CARDS_no_text_2","2026-09-01T22:35:05.000Z","16","finished","0.7127042091112041","MUL_TEXT_HEARTHSTONE_CARDS","LightGBM 💡","intfloat/e5-small-v2","2"
"tabpfnv2p5_MUL_TEXT_HEARTHSTONE_CARDS_all_1","2026-09-01T22:34:48.000Z","72","finished","0.9132548986384712","MUL_TEXT_HEARTHSTONE_CARDS","TabPFN-v2p5 🇩🇪","intfloat/e5-small-v2","1"
"tabpfnv2p5_MUL_TEXT_HEARTHSTONE_CARDS_text_only_1","2026-09-01T22:34:46.000Z","66","finished","0.8995464484344236","MUL_TEXT_HEARTHSTONE_CARDS","TabPFN-v2p5 🇩🇪","intfloat/e5-small-v2","1"
"tabpfnv2p5_MUL_TEXT_HEARTHSTONE_CARDS_no_text_1","2026-09-01T22:34:44.000Z","14","finished","0.8374774477516572","MUL_TEXT_HEARTHSTONE_CARDS","TabPFN-v2p5 🇩🇪","intfloat/e5-small-v2","1"
"tabpfnv2_MUL_TEXT_HEARTHSTONE_CARDS_all_1","2026-09-01T22:34:22.000Z","70","finished","0.8978216977586941","MUL_TEXT_HEARTHSTONE_CARDS","TabPFN-v2 🤯","intfloat/e5-small-v2","1"
"tabpfnv2_MUL_TEXT_HEARTHSTONE_CARDS_text_only_1","2026-09-01T22:34:03.000Z","76","finished","0.8959410029001695","MUL_TEXT_HEARTHSTONE_CARDS","TabPFN-v2 🤯","intfloat/e5-small-v2","1"
"tabpfnv2_MUL_TEXT_HEARTHSTONE_CARDS_no_text_1","2026-09-01T22:33:42.000Z","14","finished","0.7704087380172127","MUL_TEXT_HEARTHSTONE_CARDS","TabPFN-v2 🤯","intfloat/e5-small-v2","1"
"tabm_MUL_TEXT_HEARTHSTONE_CARDS_all_1","2026-09-01T22:33:35.000Z","68","finished","0.9180018690430588","MUL_TEXT_HEARTHSTONE_CARDS","TabM Ⓜ️","intfloat/e5-small-v2","1"
"tabm_MUL_TEXT_HEARTHSTONE_CARDS_text_only_1","2026-09-01T22:33:31.000Z","66","finished","0.8725508547956821","MUL_TEXT_HEARTHSTONE_CARDS","TabM Ⓜ️","intfloat/e5-small-v2","1"
"tabm_MUL_TEXT_HEARTHSTONE_CARDS_no_text_1","2026-09-01T22:33:20.000Z","17","finished","0.8279245706445956","MUL_TEXT_HEARTHSTONE_CARDS","TabM Ⓜ️","intfloat/e5-small-v2","1"
"cat_MUL_TEXT_HEARTHSTONE_CARDS_all_1","2026-09-01T22:33:17.000Z","84","finished","0.9181098135697952","MUL_TEXT_HEARTHSTONE_CARDS","CatBoost 😸","intfloat/e5-small-v2","1"
"cat_MUL_TEXT_HEARTHSTONE_CARDS_text_only_1","2026-09-01T22:33:03.000Z","75","finished","0.8822584659861648","MUL_TEXT_HEARTHSTONE_CARDS","CatBoost 😸","intfloat/e5-small-v2","1"
"cat_MUL_TEXT_HEARTHSTONE_CARDS_no_text_1","2026-09-01T22:32:36.000Z","22","finished","0.792145133685219","MUL_TEXT_HEARTHSTONE_CARDS","CatBoost 😸","intfloat/e5-small-v2","1"
"light_MUL_TEXT_HEARTHSTONE_CARDS_all_1","2026-09-01T22:32:22.000Z","67","finished","0.8913154996478081","MUL_TEXT_HEARTHSTONE_CARDS","LightGBM 💡","intfloat/e5-small-v2","1"
"light_MUL_TEXT_HEARTHSTONE_CARDS_text_only_1","2026-09-01T22:32:17.000Z","67","finished","0.8740769016747215","MUL_TEXT_HEARTHSTONE_CARDS","LightGBM 💡","intfloat/e5-small-v2","1"
"light_MUL_TEXT_HEARTHSTONE_CARDS_no_text_1","2026-09-01T22:32:15.000Z","15","finished","0.730747064567513","MUL_TEXT_HEARTHSTONE_CARDS","LightGBM 💡","intfloat/e5-small-v2","1"
"tabpfnv2p5_MUL_TEXT_HEARTHSTONE_CARDS_all_0","2026-09-01T22:32:07.000Z","70","finished","0.8989215978506179","MUL_TEXT_HEARTHSTONE_CARDS","TabPFN-v2p5 🇩🇪","intfloat/e5-small-v2","0"
"tabpfnv2p5_MUL_TEXT_HEARTHSTONE_CARDS_text_only_0","2026-09-01T22:32:04.000Z","67","finished","0.8820050557467501","MUL_TEXT_HEARTHSTONE_CARDS","TabPFN-v2p5 🇩🇪","intfloat/e5-small-v2","0"
"tabpfnv2p5_MUL_TEXT_HEARTHSTONE_CARDS_no_text_0","2026-09-01T22:32:00.000Z","15","finished","0.8260424753090027","MUL_TEXT_HEARTHSTONE_CARDS","TabPFN-v2p5 🇩🇪","intfloat/e5-small-v2","0"
"tabpfnv2_MUL_TEXT_HEARTHSTONE_CARDS_all_0","2026-09-01T22:30:57.000Z","72","finished","0.8904757361929947","MUL_TEXT_HEARTHSTONE_CARDS","TabPFN-v2 🤯","intfloat/e5-small-v2","0"
"tabpfnv2_MUL_TEXT_HEARTHSTONE_CARDS_text_only_0","2026-09-01T22:30:46.000Z","71","finished","0.8828763019812532","MUL_TEXT_HEARTHSTONE_CARDS","TabPFN-v2 🤯","intfloat/e5-small-v2","0"
"tabpfnv2_MUL_TEXT_HEARTHSTONE_CARDS_no_text_0","2026-09-01T22:30:35.000Z","15","finished","0.7536182458150904","MUL_TEXT_HEARTHSTONE_CARDS","TabPFN-v2 🤯","intfloat/e5-small-v2","0"
"tabm_MUL_TEXT_HEARTHSTONE_CARDS_all_0","2026-09-01T22:29:33.000Z","67","finished","0.8893833277256504","MUL_TEXT_HEARTHSTONE_CARDS","TabM Ⓜ️","intfloat/e5-small-v2","0"
"tabm_MUL_TEXT_HEARTHSTONE_CARDS_text_only_0","2026-09-01T22:29:27.000Z","66","finished","0.8462322177490684","MUL_TEXT_HEARTHSTONE_CARDS","TabM Ⓜ️","intfloat/e5-small-v2","0"
"tabm_MUL_TEXT_HEARTHSTONE_CARDS_no_text_0","2026-09-01T22:29:01.000Z","23","finished","0.8001696516910185","MUL_TEXT_HEARTHSTONE_CARDS","TabM Ⓜ️","intfloat/e5-small-v2","0"
"cat_MUL_TEXT_HEARTHSTONE_CARDS_all_0","2026-09-01T22:28:04.000Z","85","finished","0.88454067061172","MUL_TEXT_HEARTHSTONE_CARDS","CatBoost 😸","intfloat/e5-small-v2","0"
"cat_MUL_TEXT_HEARTHSTONE_CARDS_text_only_0","2026-09-01T22:27:42.000Z","74","finished","0.8536510456149491","MUL_TEXT_HEARTHSTONE_CARDS","CatBoost 😸","intfloat/e5-small-v2","0"
"cat_MUL_TEXT_HEARTHSTONE_CARDS_no_text_0","2026-09-01T22:27:16.000Z","20","finished","0.8030157894972767","MUL_TEXT_HEARTHSTONE_CARDS","CatBoost 😸","intfloat/e5-small-v2","0"
"light_MUL_TEXT_HEARTHSTONE_CARDS_all_0","2026-09-01T22:26:56.000Z","66","finished","0.8612462955361504","MUL_TEXT_HEARTHSTONE_CARDS","LightGBM 💡","intfloat/e5-small-v2","0"
"light_MUL_TEXT_HEARTHSTONE_CARDS_text_only_0","2026-09-01T22:26:07.000Z","65","finished","0.8439631948167096","MUL_TEXT_HEARTHSTONE_CARDS","LightGBM 💡","intfloat/e5-small-v2","0"
"light_MUL_TEXT_HEARTHSTONE_CARDS_no_text_0","2026-09-01T22:25:46.000Z","17","finished","0.7236959110021983","MUL_TEXT_HEARTHSTONE_CARDS","LightGBM 💡","intfloat/e5-small-v2","0"
"tabpfnv2p5_MUL_TEXT_CONSUMER_COMPLAINT_all_2","2026-09-01T21:59:23.000Z","393","finished","0.9269391259661286","MUL_TEXT_CONSUMER_COMPLAINT","TabPFN-v2p5 🇩🇪","intfloat/e5-small-v2","2"
"tabpfnv2p5_MUL_TEXT_CONSUMER_COMPLAINT_text_only_2","2026-09-01T21:59:13.000Z","397","finished","0.9228796368805852","MUL_TEXT_CONSUMER_COMPLAINT","TabPFN-v2p5 🇩🇪","intfloat/e5-small-v2","2"
"tabpfnv2p5_MUL_TEXT_CONSUMER_COMPLAINT_no_text_2","2026-09-01T21:59:03.000Z","19","finished","0.8548737451367823","MUL_TEXT_CONSUMER_COMPLAINT","TabPFN-v2p5 🇩🇪","intfloat/e5-small-v2","2"
"tabpfnv2_MUL_TEXT_CONSUMER_COMPLAINT_all_2","2026-09-01T21:58:22.000Z","390","finished","0.9194383075598394","MUL_TEXT_CONSUMER_COMPLAINT","TabPFN-v2 🤯","intfloat/e5-small-v2","2"
"tabpfnv2_MUL_TEXT_CONSUMER_COMPLAINT_text_only_2","2026-09-01T21:53:40.000Z","406","finished","0.9164537090535492","MUL_TEXT_CONSUMER_COMPLAINT","TabPFN-v2 🤯","intfloat/e5-small-v2","2"
"tabpfnv2_MUL_TEXT_CONSUMER_COMPLAINT_no_text_2","2026-09-01T21:53:19.000Z","18","finished","0.8550196151374809","MUL_TEXT_CONSUMER_COMPLAINT","TabPFN-v2 🤯","intfloat/e5-small-v2","2"
"tabm_MUL_TEXT_CONSUMER_COMPLAINT_all_2","2026-09-01T21:53:08.000Z","362","finished","0.9037774171986972","MUL_TEXT_CONSUMER_COMPLAINT","TabM Ⓜ️","intfloat/e5-small-v2","2"
"tabm_MUL_TEXT_CONSUMER_COMPLAINT_text_only_2","2026-09-01T21:52:52.000Z","366","finished","0.8892189830034936","MUL_TEXT_CONSUMER_COMPLAINT","TabM Ⓜ️","intfloat/e5-small-v2","2"
"tabm_MUL_TEXT_CONSUMER_COMPLAINT_no_text_2","2026-09-01T21:52:41.000Z","22","finished","0.841956602945551","MUL_TEXT_CONSUMER_COMPLAINT","TabM Ⓜ️","intfloat/e5-small-v2","2"
"cat_MUL_TEXT_CONSUMER_COMPLAINT_all_2","2026-09-01T21:52:41.000Z","398","finished","0.9075844524715296","MUL_TEXT_CONSUMER_COMPLAINT","CatBoost 😸","intfloat/e5-small-v2","2"
"cat_MUL_TEXT_CONSUMER_COMPLAINT_text_only_2","2026-09-01T21:52:22.000Z","354","finished","0.8912866182218022","MUL_TEXT_CONSUMER_COMPLAINT","CatBoost 😸","intfloat/e5-small-v2","2"
"cat_MUL_TEXT_CONSUMER_COMPLAINT_no_text_2","2026-09-01T21:51:45.000Z","34","finished","0.8612993824920266","MUL_TEXT_CONSUMER_COMPLAINT","CatBoost 😸","intfloat/e5-small-v2","2"
"light_MUL_TEXT_CONSUMER_COMPLAINT_all_2","2026-09-01T21:47:23.000Z","352","finished","0.889241229644187","MUL_TEXT_CONSUMER_COMPLAINT","LightGBM 💡","intfloat/e5-small-v2","2"
"light_MUL_TEXT_CONSUMER_COMPLAINT_text_only_2","2026-09-01T21:46:52.000Z","355","finished","0.8722741527708785","MUL_TEXT_CONSUMER_COMPLAINT","LightGBM 💡","intfloat/e5-small-v2","2"
"light_MUL_TEXT_CONSUMER_COMPLAINT_no_text_2","2026-09-01T21:46:30.000Z","17","finished","0.8371255847852996","MUL_TEXT_CONSUMER_COMPLAINT","LightGBM 💡","intfloat/e5-small-v2","2"
"tabpfnv2p5_MUL_TEXT_CONSUMER_COMPLAINT_all_1","2026-09-01T21:46:04.000Z","391","finished","0.9220036952125176","MUL_TEXT_CONSUMER_COMPLAINT","TabPFN-v2p5 🇩🇪","intfloat/e5-small-v2","1"
"tabpfnv2p5_MUL_TEXT_CONSUMER_COMPLAINT_text_only_1","2026-09-01T21:46:04.000Z","392","finished","0.9121688428411316","MUL_TEXT_CONSUMER_COMPLAINT","TabPFN-v2p5 🇩🇪","intfloat/e5-small-v2","1"
"tabpfnv2p5_MUL_TEXT_CONSUMER_COMPLAINT_no_text_1","2026-09-01T21:46:04.000Z","19","finished","0.8489603925551057","MUL_TEXT_CONSUMER_COMPLAINT","TabPFN-v2p5 🇩🇪","intfloat/e5-small-v2","1"
"tabpfnv2_MUL_TEXT_CONSUMER_COMPLAINT_all_1","2026-09-01T21:45:13.000Z","390","finished","0.9086534223041464","MUL_TEXT_CONSUMER_COMPLAINT","TabPFN-v2 🤯","intfloat/e5-small-v2","1"
"tabpfnv2_MUL_TEXT_CONSUMER_COMPLAINT_text_only_1","2026-09-01T21:40:36.000Z","405","finished","0.900888976823322","MUL_TEXT_CONSUMER_COMPLAINT","TabPFN-v2 🤯","intfloat/e5-small-v2","1"
"tabpfnv2_MUL_TEXT_CONSUMER_COMPLAINT_no_text_1","2026-09-01T21:40:15.000Z","18","finished","0.8537677817564302","MUL_TEXT_CONSUMER_COMPLAINT","TabPFN-v2 🤯","intfloat/e5-small-v2","1"
"tabm_MUL_TEXT_CONSUMER_COMPLAINT_all_1","2026-09-01T21:39:58.000Z","361","finished","0.9010159726780392","MUL_TEXT_CONSUMER_COMPLAINT","TabM Ⓜ️","intfloat/e5-small-v2","1"
"tabm_MUL_TEXT_CONSUMER_COMPLAINT_text_only_1","2026-09-01T21:39:53.000Z","365","finished","0.8600840830354233","MUL_TEXT_CONSUMER_COMPLAINT","TabM Ⓜ️","intfloat/e5-small-v2","1"
"tabm_MUL_TEXT_CONSUMER_COMPLAINT_no_text_1","2026-09-01T21:39:27.000Z","27","finished","0.8454071649912108","MUL_TEXT_CONSUMER_COMPLAINT","TabM Ⓜ️","intfloat/e5-small-v2","1"
"cat_MUL_TEXT_CONSUMER_COMPLAINT_all_1","2026-09-01T21:39:22.000Z","399","finished","0.904956931532382","MUL_TEXT_CONSUMER_COMPLAINT","CatBoost 😸","intfloat/e5-small-v2","1"
"cat_MUL_TEXT_CONSUMER_COMPLAINT_text_only_1","2026-09-01T21:39:13.000Z","353","finished","0.8623554439786685","MUL_TEXT_CONSUMER_COMPLAINT","CatBoost 😸","intfloat/e5-small-v2","1"
"cat_MUL_TEXT_CONSUMER_COMPLAINT_no_text_1","2026-09-01T21:39:11.000Z","37","finished","0.8472727482564505","MUL_TEXT_CONSUMER_COMPLAINT","CatBoost 😸","intfloat/e5-small-v2","1"
"light_MUL_TEXT_CONSUMER_COMPLAINT_all_1","2026-09-01T21:34:14.000Z","354","finished","0.883673782765358","MUL_TEXT_CONSUMER_COMPLAINT","LightGBM 💡","intfloat/e5-small-v2","1"
"light_MUL_TEXT_CONSUMER_COMPLAINT_text_only_1","2026-09-01T21:33:32.000Z","352","finished","0.8681600681510395","MUL_TEXT_CONSUMER_COMPLAINT","LightGBM 💡","intfloat/e5-small-v2","1"
"light_MUL_TEXT_CONSUMER_COMPLAINT_no_text_1","2026-09-01T21:33:11.000Z","17","finished","0.8277733095045802","MUL_TEXT_CONSUMER_COMPLAINT","LightGBM 💡","intfloat/e5-small-v2","1"
"tabpfnv2p5_MUL_TEXT_CONSUMER_COMPLAINT_all_0","2026-09-01T21:32:53.000Z","378","finished","0.9201627827142904","MUL_TEXT_CONSUMER_COMPLAINT","TabPFN-v2p5 🇩🇪","intfloat/e5-small-v2","0"
"tabpfnv2p5_MUL_TEXT_CONSUMER_COMPLAINT_text_only_0","2026-09-01T21:32:45.000Z","392","finished","0.9109643141410058","MUL_TEXT_CONSUMER_COMPLAINT","TabPFN-v2p5 🇩🇪","intfloat/e5-small-v2","0"
"tabpfnv2p5_MUL_TEXT_CONSUMER_COMPLAINT_no_text_0","2026-09-01T21:32:26.000Z","20","finished","0.8514915983208966","MUL_TEXT_CONSUMER_COMPLAINT","TabPFN-v2p5 🇩🇪","intfloat/e5-small-v2","0"
"tabpfnv2_MUL_TEXT_CONSUMER_COMPLAINT_all_0","2026-09-01T21:32:14.000Z","414","finished","0.9099727482132663","MUL_TEXT_CONSUMER_COMPLAINT","TabPFN-v2 🤯","intfloat/e5-small-v2","0"
"tabpfnv2_MUL_TEXT_CONSUMER_COMPLAINT_text_only_0","2026-09-01T21:27:22.000Z","406","finished","0.9026137541234496","MUL_TEXT_CONSUMER_COMPLAINT","TabPFN-v2 🤯","intfloat/e5-small-v2","0"
"tabpfnv2_MUL_TEXT_CONSUMER_COMPLAINT_no_text_0","2026-09-01T21:27:01.000Z","18","finished","0.8542780333425901","MUL_TEXT_CONSUMER_COMPLAINT","TabPFN-v2 🤯","intfloat/e5-small-v2","0"
"tabm_MUL_TEXT_CONSUMER_COMPLAINT_all_0","2026-09-01T21:26:37.000Z","346","finished","0.8933328165876517","MUL_TEXT_CONSUMER_COMPLAINT","TabM Ⓜ️","intfloat/e5-small-v2","0"
"tabm_MUL_TEXT_CONSUMER_COMPLAINT_text_only_0","2026-09-01T21:26:35.000Z","367","finished","0.876639438962818","MUL_TEXT_CONSUMER_COMPLAINT","TabM Ⓜ️","intfloat/e5-small-v2","0"
"cat_MUL_TEXT_CONSUMER_COMPLAINT_all_0","2026-09-01T21:26:34.000Z","393","finished","0.9020462580440954","MUL_TEXT_CONSUMER_COMPLAINT","CatBoost 😸","intfloat/e5-small-v2","0"
"tabm_MUL_TEXT_CONSUMER_COMPLAINT_no_text_0","2026-09-01T21:26:34.000Z","21","finished","0.8335099320379122","MUL_TEXT_CONSUMER_COMPLAINT","TabM Ⓜ️","intfloat/e5-small-v2","0"
"cat_MUL_TEXT_CONSUMER_COMPLAINT_text_only_0","2026-09-01T21:26:03.000Z","365","finished","0.8711103038199599","MUL_TEXT_CONSUMER_COMPLAINT","CatBoost 😸","intfloat/e5-small-v2","0"
"cat_MUL_TEXT_CONSUMER_COMPLAINT_no_text_0","2026-09-01T21:25:54.000Z","36","finished","0.8465853039574223","MUL_TEXT_CONSUMER_COMPLAINT","CatBoost 😸","intfloat/e5-small-v2","0"
"light_MUL_TEXT_CONSUMER_COMPLAINT_all_0","2026-09-01T21:20:03.000Z","354","finished","0.8932862277590434","MUL_TEXT_CONSUMER_COMPLAINT","LightGBM 💡","intfloat/e5-small-v2","0"
"light_MUL_TEXT_CONSUMER_COMPLAINT_text_only_0","2026-09-01T21:19:38.000Z","372","finished","0.8592586815285248","MUL_TEXT_CONSUMER_COMPLAINT","LightGBM 💡","intfloat/e5-small-v2","0"
"light_MUL_TEXT_CONSUMER_COMPLAINT_no_text_0","2026-09-01T21:19:36.000Z","23","finished","0.8282870618911498","MUL_TEXT_CONSUMER_COMPLAINT","LightGBM 💡","intfloat/e5-small-v2","0"
"tabpfnv2p5_REG_TEXT_WINE_VIVINO_SPAIN_no_text_4","2026-09-03T14:19:08.000Z","6","finished","0.8560597027653197","REG_TEXT_WINE_VIVINO_SPAIN","TabPFN-v2p5 🇩🇪","intfloat/e5-small-v2","4"
"tabpfnv2p5_REG_TEXT_RAMEN_RATINGS_no_text_3","2026-09-03T14:16:39.000Z","4","finished","0.06391533195807597","REG_TEXT_RAMEN_RATINGS","TabPFN-v2p5 🇩🇪","intfloat/e5-small-v2","3"
"tabpfnv2p5_REG_TEXT_RAMEN_RATINGS_text_only_3","2026-09-03T14:16:34.000Z","76","finished","0.1839451244998801","REG_TEXT_RAMEN_RATINGS","TabPFN-v2p5 🇩🇪","intfloat/e5-small-v2","3"
"tabpfnv2p5_REG_TEXT_WINE_POLISH_MARKET_text_only_4","2026-09-03T14:14:37.000Z","104","finished","0.23229857132388765","REG_TEXT_WINE_POLISH_MARKET","TabPFN-v2p5 🇩🇪","intfloat/e5-small-v2","4"
"tabpfnv2p5_REG_TEXT_FIFA22_WAGES_no_text_3","2026-09-03T14:11:43.000Z","13","finished","0.7990320810648632","REG_TEXT_FIFA22_WAGES","TabPFN-v2p5 🇩🇪","intfloat/e5-small-v2","3"
"tabpfnv2p5_REG_TEXT_RAMEN_RATINGS_text_only_4","2026-09-03T14:10:22.000Z","69","finished","0.25482570095099444","REG_TEXT_RAMEN_RATINGS","TabPFN-v2p5 🇩🇪","intfloat/e5-small-v2","4"
"tabpfnv2p5_REG_TEXT_WINE_POLISH_MARKET_all_3","2026-09-03T14:08:37.000Z","94","finished","0.6712745442105519","REG_TEXT_WINE_POLISH_MARKET","TabPFN-v2p5 🇩🇪","intfloat/e5-small-v2","3"
"tabpfnv2p5_REG_TEXT_WINE_VIVINO_SPAIN_all_4","2026-09-03T14:06:35.000Z","163","finished","0.8634656112827752","REG_TEXT_WINE_VIVINO_SPAIN","TabPFN-v2p5 🇩🇪","intfloat/e5-small-v2","4"
"tabpfnv2p5_REG_TEXT_CHOCOLATE_BAR_RATINGS_text_only_3","2026-09-03T14:01:53.000Z","27","finished","0.10370065453138222","REG_TEXT_CHOCOLATE_BAR_RATINGS","TabPFN-v2p5 🇩🇪","intfloat/e5-small-v2","3"
"tabpfnv2p5_MUL_TEXT_BOOKS_GOODREADS_all_4","2026-09-03T14:01:38.000Z","254","finished","0.7590073336967104","MUL_TEXT_BOOKS_GOODREADS","TabPFN-v2p5 🇩🇪","intfloat/e5-small-v2","4"
"tabpfnv2p5_MUL_TEXT_KOREAN_DRAMA_text_only_3","2026-09-03T13:59:10.000Z","71","finished","0.7043394888682659","MUL_TEXT_KOREAN_DRAMA","TabPFN-v2p5 🇩🇪","intfloat/e5-small-v2","3"
"tabpfnv2p5_REG_TEXT_AIRBNB_SEATTLE_all_3","2026-09-03T13:58:50.000Z","454","finished","0.7754448044966686","REG_TEXT_AIRBNB_SEATTLE","TabPFN-v2p5 🇩🇪","intfloat/e5-small-v2","3"
"tabpfnv2p5_REG_TEXT_FIFA22_WAGES_all_3","2026-09-03T13:57:35.000Z","84","finished","0.8293354399663609","REG_TEXT_FIFA22_WAGES","TabPFN-v2p5 🇩🇪","intfloat/e5-small-v2","3"
"tabpfnv2p5_REG_TEXT_USED_CAR_PAKISTAN_all_4","2026-09-03T13:54:48.000Z","155","finished","0.889400409727825","REG_TEXT_USED_CAR_PAKISTAN","TabPFN-v2p5 🇩🇪","intfloat/e5-small-v2","4"
"tabpfnv2p5_REG_TEXT_AIRBNB_SEATTLE_all_4","2026-09-03T13:54:16.000Z","430","finished","0.5582820655370758","REG_TEXT_AIRBNB_SEATTLE","TabPFN-v2p5 🇩🇪","intfloat/e5-small-v2","4"
"tabpfnv2p5_MUL_TEXT_AMERICAN_EAGLE_PRICES_all_3","2026-09-03T13:44:36.000Z","383","finished","0.9977242422604472","MUL_TEXT_AMERICAN_EAGLE_PRICES","TabPFN-v2p5 🇩🇪","intfloat/e5-small-v2","3"
"tabpfnv2p5_BIN_TEXT_CALIFORNIA_PRICES_no_text_3","2026-09-03T13:37:47.000Z","7","finished","0.9895439895439896","BIN_TEXT_CALIFORNIA_PRICES","TabPFN-v2p5 🇩🇪","intfloat/e5-small-v2","3"
"tabpfnv2p5_MUL_TEXT_BOOKS_GOODREADS_all_3","2026-09-03T13:32:32.000Z","85","finished","0.7777789010873944","MUL_TEXT_BOOKS_GOODREADS","TabPFN-v2p5 🇩🇪","intfloat/e5-small-v2","3"
"tabpfnv2p5_MUL_TEXT_AMERICAN_EAGLE_PRICES_all_4","2026-09-03T13:29:50.000Z","153","finished","0.9973984599147638","MUL_TEXT_AMERICAN_EAGLE_PRICES","TabPFN-v2p5 🇩🇪","intfloat/e5-small-v2","4"
"tabpfnv2p5_REG_TEXT_ANIME_PLANET_text_only_3","2026-09-03T13:19:37.000Z","513","finished","0.6443576536948157","REG_TEXT_ANIME_PLANET","TabPFN-v2p5 🇩🇪","intfloat/e5-small-v2","3"
"tabpfnv2p5_BIN_TEXT_CALIFORNIA_PRICES_all_3","2026-09-03T13:19:34.000Z","1732","finished","0.991981491981492","BIN_TEXT_CALIFORNIA_PRICES","TabPFN-v2p5 🇩🇪","intfloat/e5-small-v2","3"
"tabpfnv2p5_BIN_TEXT_CALIFORNIA_PRICES_all_4","2026-09-03T13:19:34.000Z","1779","finished","0.9925719925719928","BIN_TEXT_CALIFORNIA_PRICES","TabPFN-v2p5 🇩🇪","intfloat/e5-small-v2","4"
"tabpfnv2p5_REG_TEXT_FIFA22_WAGES_all_4","2026-09-03T05:47:02.000Z","136","finished","0.8196022819499487","REG_TEXT_FIFA22_WAGES","TabPFN-v2p5 🇩🇪","intfloat/e5-small-v2","4"
"tabpfnv2p5_REG_TEXT_FIFA22_WAGES_text_only_4","2026-09-03T05:46:55.000Z","118","finished","0.04142114046117984","REG_TEXT_FIFA22_WAGES","TabPFN-v2p5 🇩🇪","intfloat/e5-small-v2","4"
"tabpfnv2p5_REG_TEXT_FIFA22_WAGES_no_text_4","2026-09-03T05:46:51.000Z","25","finished","0.7888817678203962","REG_TEXT_FIFA22_WAGES","TabPFN-v2p5 🇩🇪","intfloat/e5-small-v2","4"
"tabpfnv2_REG_TEXT_FIFA22_WAGES_all_4","2026-09-03T05:46:40.000Z","96","finished","0.7214127218453181","REG_TEXT_FIFA22_WAGES","TabPFN-v2 🤯","intfloat/e5-small-v2","4"
"tabpfnv2_REG_TEXT_FIFA22_WAGES_text_only_4","2026-09-03T05:46:34.000Z","45","finished","0.01590344941501698","REG_TEXT_FIFA22_WAGES","TabPFN-v2 🤯","intfloat/e5-small-v2","4"
"tabpfnv2_REG_TEXT_FIFA22_WAGES_no_text_4","2026-09-03T05:46:20.000Z","36","finished","0.6961324193964886","REG_TEXT_FIFA22_WAGES","TabPFN-v2 🤯","intfloat/e5-small-v2","4"
"tabm_REG_TEXT_FIFA22_WAGES_all_4","2026-09-03T05:45:47.000Z","43","finished","0.7722132229812131","REG_TEXT_FIFA22_WAGES","TabM Ⓜ️","intfloat/e5-small-v2","4"
"tabm_REG_TEXT_FIFA22_WAGES_text_only_4","2026-09-03T05:45:32.000Z","97","finished","0.04706446756919691","REG_TEXT_FIFA22_WAGES","TabM Ⓜ️","intfloat/e5-small-v2","4"
"tabm_REG_TEXT_FIFA22_WAGES_no_text_4","2026-09-03T05:45:26.000Z","18","finished","0.7618083618114291","REG_TEXT_FIFA22_WAGES","TabM Ⓜ️","intfloat/e5-small-v2","4"
"cat_REG_TEXT_FIFA22_WAGES_all_4","2026-09-03T05:45:16.000Z","79","finished","0.7880837552575555","REG_TEXT_FIFA22_WAGES","CatBoost 😸","intfloat/e5-small-v2","4"
"cat_REG_TEXT_FIFA22_WAGES_text_only_4","2026-09-03T05:45:05.000Z","103","finished","0.04723666259632553","REG_TEXT_FIFA22_WAGES","CatBoost 😸","intfloat/e5-small-v2","4"
"cat_REG_TEXT_FIFA22_WAGES_no_text_4","2026-09-03T05:44:55.000Z","15","finished","0.7679121413949341","REG_TEXT_FIFA22_WAGES","CatBoost 😸","intfloat/e5-small-v2","4"
"light_REG_TEXT_FIFA22_WAGES_all_4","2026-09-03T05:44:49.000Z","150","finished","0.7899851451853037","REG_TEXT_FIFA22_WAGES","LightGBM 💡","intfloat/e5-small-v2","4"
"light_REG_TEXT_FIFA22_WAGES_text_only_4","2026-09-03T05:44:44.000Z","39","finished","0.04491636868072568","REG_TEXT_FIFA22_WAGES","LightGBM 💡","intfloat/e5-small-v2","4"
"light_REG_TEXT_FIFA22_WAGES_no_text_4","2026-09-03T05:44:34.000Z","14","finished","0.7770058572186063","REG_TEXT_FIFA22_WAGES","LightGBM 💡","intfloat/e5-small-v2","4"
"tabpfnv2p5_REG_TEXT_FIFA22_WAGES_text_only_3","2026-09-03T05:43:58.000Z","166","finished","0.06394735239835425","REG_TEXT_FIFA22_WAGES","TabPFN-v2p5 🇩🇪","intfloat/e5-small-v2","3"
"tabpfnv2_REG_TEXT_FIFA22_WAGES_all_3","2026-09-03T05:43:43.000Z","150","finished","0.7481064321114637","REG_TEXT_FIFA22_WAGES","TabPFN-v2 🤯","intfloat/e5-small-v2","3"
"tabpfnv2_REG_TEXT_FIFA22_WAGES_text_only_3","2026-09-03T05:43:32.000Z","116","finished","0.03104915348016879","REG_TEXT_FIFA22_WAGES","TabPFN-v2 🤯","intfloat/e5-small-v2","3"
"tabpfnv2_REG_TEXT_FIFA22_WAGES_no_text_3","2026-09-03T05:43:25.000Z","16","finished","0.7260856123256001","REG_TEXT_FIFA22_WAGES","TabPFN-v2 🤯","intfloat/e5-small-v2","3"
"tabm_REG_TEXT_FIFA22_WAGES_all_3","2026-09-03T05:43:15.000Z","108","finished","0.8065137335729631","REG_TEXT_FIFA22_WAGES","TabM Ⓜ️","intfloat/e5-small-v2","3"
"tabm_REG_TEXT_FIFA22_WAGES_text_only_3","2026-09-03T05:43:10.000Z","81","finished","0.06335697291030606","REG_TEXT_FIFA22_WAGES","TabM Ⓜ️","intfloat/e5-small-v2","3"
"tabm_REG_TEXT_FIFA22_WAGES_no_text_3","2026-09-03T05:43:04.000Z","16","finished","0.79277467124159","REG_TEXT_FIFA22_WAGES","TabM Ⓜ️","intfloat/e5-small-v2","3"
"cat_REG_TEXT_FIFA22_WAGES_all_3","2026-09-03T05:42:16.000Z","41","finished","0.7947637647927854","REG_TEXT_FIFA22_WAGES","CatBoost 😸","intfloat/e5-small-v2","3"
"cat_REG_TEXT_FIFA22_WAGES_text_only_3","2026-09-03T05:42:12.000Z","150","finished","0.059974923920486534","REG_TEXT_FIFA22_WAGES","CatBoost 😸","intfloat/e5-small-v2","3"
"cat_REG_TEXT_FIFA22_WAGES_no_text_3","2026-09-03T05:41:55.000Z","15","finished","0.7944455749293127","REG_TEXT_FIFA22_WAGES","CatBoost 😸","intfloat/e5-small-v2","3"
"light_REG_TEXT_FIFA22_WAGES_all_3","2026-09-03T05:41:53.000Z","105","finished","0.7805170505933117","REG_TEXT_FIFA22_WAGES","LightGBM 💡","intfloat/e5-small-v2","3"
"light_REG_TEXT_FIFA22_WAGES_text_only_3","2026-09-03T05:41:46.000Z","79","finished","0.041359056391707005","REG_TEXT_FIFA22_WAGES","LightGBM 💡","intfloat/e5-small-v2","3"
"light_REG_TEXT_FIFA22_WAGES_no_text_3","2026-09-03T05:41:37.000Z","14","finished","0.7628284480536516","REG_TEXT_FIFA22_WAGES","LightGBM 💡","intfloat/e5-small-v2","3"
"tabpfnv2p5_REG_TEXT_USED_CAR_SAUDI_all_4","2026-09-03T05:33:34.000Z","79","finished","0.8661066293716431","REG_TEXT_USED_CAR_SAUDI","TabPFN-v2p5 🇩🇪","intfloat/e5-small-v2","4"
"tabpfnv2p5_REG_TEXT_USED_CAR_SAUDI_text_only_4","2026-09-03T05:33:25.000Z","86","finished","0.1474812626838684","REG_TEXT_USED_CAR_SAUDI","TabPFN-v2p5 🇩🇪","intfloat/e5-small-v2","4"
"tabpfnv2p5_REG_TEXT_USED_CAR_SAUDI_no_text_4","2026-09-03T05:33:13.000Z","15","finished","0.8883400559425354","REG_TEXT_USED_CAR_SAUDI","TabPFN-v2p5 🇩🇪","intfloat/e5-small-v2","4"
"tabpfnv2_REG_TEXT_USED_CAR_SAUDI_all_4","2026-09-03T05:33:10.000Z","126","finished","0.869246244430542","REG_TEXT_USED_CAR_SAUDI","TabPFN-v2 🤯","intfloat/e5-small-v2","4"
"tabpfnv2_REG_TEXT_USED_CAR_SAUDI_text_only_4","2026-09-03T05:33:08.000Z","190","finished","0.13311809301376343","REG_TEXT_USED_CAR_SAUDI","TabPFN-v2 🤯","intfloat/e5-small-v2","4"
"tabpfnv2_REG_TEXT_USED_CAR_SAUDI_no_text_4","2026-09-03T05:32:46.000Z","20","finished","0.8785220980644226","REG_TEXT_USED_CAR_SAUDI","TabPFN-v2 🤯","intfloat/e5-small-v2","4"
"tabm_REG_TEXT_USED_CAR_SAUDI_all_4","2026-09-03T05:32:36.000Z","87","finished","0.9017736315727234","REG_TEXT_USED_CAR_SAUDI","TabM Ⓜ️","intfloat/e5-small-v2","4"
"tabm_REG_TEXT_USED_CAR_SAUDI_text_only_4","2026-09-03T05:32:31.000Z","64","finished","0.16298669576644895","REG_TEXT_USED_CAR_SAUDI","TabM Ⓜ️","intfloat/e5-small-v2","4"
"tabm_REG_TEXT_USED_CAR_SAUDI_no_text_4","2026-09-03T05:32:23.000Z","44","finished","0.8808457255363464","REG_TEXT_USED_CAR_SAUDI","TabM Ⓜ️","intfloat/e5-small-v2","4"
"cat_REG_TEXT_USED_CAR_SAUDI_all_4","2026-09-03T05:32:17.000Z","80","finished","0.8910577439094142","REG_TEXT_USED_CAR_SAUDI","CatBoost 😸","intfloat/e5-small-v2","4"
"cat_REG_TEXT_USED_CAR_SAUDI_text_only_4","2026-09-03T05:32:06.000Z","76","finished","0.16206022916805707","REG_TEXT_USED_CAR_SAUDI","CatBoost 😸","intfloat/e5-small-v2","4"
"cat_REG_TEXT_USED_CAR_SAUDI_no_text_4","2026-09-03T05:31:45.000Z","15","finished","0.8636451271625601","REG_TEXT_USED_CAR_SAUDI","CatBoost 😸","intfloat/e5-small-v2","4"
"light_REG_TEXT_USED_CAR_SAUDI_all_4","2026-09-03T05:31:40.000Z","31","finished","0.8893804708345011","REG_TEXT_USED_CAR_SAUDI","LightGBM 💡","intfloat/e5-small-v2","4"
"light_REG_TEXT_USED_CAR_SAUDI_text_only_4","2026-09-03T05:31:28.000Z","58","finished","0.14872930561688802","REG_TEXT_USED_CAR_SAUDI","LightGBM 💡","intfloat/e5-small-v2","4"
"light_REG_TEXT_USED_CAR_SAUDI_no_text_4","2026-09-03T05:31:24.000Z","13","finished","0.8825566144501327","REG_TEXT_USED_CAR_SAUDI","LightGBM 💡","intfloat/e5-small-v2","4"
"tabpfnv2p5_REG_TEXT_USED_CAR_SAUDI_all_3","2026-09-03T05:31:23.000Z","79","finished","0.8742379546165466","REG_TEXT_USED_CAR_SAUDI","TabPFN-v2p5 🇩🇪","intfloat/e5-small-v2","3"
"tabpfnv2p5_REG_TEXT_USED_CAR_SAUDI_text_only_3","2026-09-03T05:31:08.000Z","83","finished","0.109172523021698","REG_TEXT_USED_CAR_SAUDI","TabPFN-v2p5 🇩🇪","intfloat/e5-small-v2","3"
"tabpfnv2p5_REG_TEXT_USED_CAR_SAUDI_no_text_3","2026-09-03T05:31:02.000Z","15","finished","0.8521336317062378","REG_TEXT_USED_CAR_SAUDI","TabPFN-v2p5 🇩🇪","intfloat/e5-small-v2","3"
"tabpfnv2_REG_TEXT_USED_CAR_SAUDI_all_3","2026-09-03T05:30:57.000Z","127","finished","0.8733507990837097","REG_TEXT_USED_CAR_SAUDI","TabPFN-v2 🤯","intfloat/e5-small-v2","3"
"tabpfnv2_REG_TEXT_USED_CAR_SAUDI_text_only_3","2026-09-03T05:30:47.000Z","35","finished","0.11730080842971802","REG_TEXT_USED_CAR_SAUDI","TabPFN-v2 🤯","intfloat/e5-small-v2","3"
"tabpfnv2_REG_TEXT_USED_CAR_SAUDI_no_text_3","2026-09-03T05:30:41.000Z","20","finished","0.8456230759620667","REG_TEXT_USED_CAR_SAUDI","TabPFN-v2 🤯","intfloat/e5-small-v2","3"
"tabm_REG_TEXT_USED_CAR_SAUDI_all_3","2026-09-03T05:30:16.000Z","85","finished","0.9436600208282472","REG_TEXT_USED_CAR_SAUDI","TabM Ⓜ️","intfloat/e5-small-v2","3"
"tabm_REG_TEXT_USED_CAR_SAUDI_text_only_3","2026-09-03T05:30:15.000Z","68","finished","0.07595783472061157","REG_TEXT_USED_CAR_SAUDI","TabM Ⓜ️","intfloat/e5-small-v2","3"
"tabm_REG_TEXT_USED_CAR_SAUDI_no_text_3","2026-09-03T05:30:15.000Z","19","finished","0.9040207266807556","REG_TEXT_USED_CAR_SAUDI","TabM Ⓜ️","intfloat/e5-small-v2","3"
"cat_REG_TEXT_USED_CAR_SAUDI_all_3","2026-09-03T05:30:12.000Z","124","finished","0.8694397858455566","REG_TEXT_USED_CAR_SAUDI","CatBoost 😸","intfloat/e5-small-v2","3"
"cat_REG_TEXT_USED_CAR_SAUDI_text_only_3","2026-09-03T05:29:48.000Z","71","finished","0.07569176476720607","REG_TEXT_USED_CAR_SAUDI","CatBoost 😸","intfloat/e5-small-v2","3"
"cat_REG_TEXT_USED_CAR_SAUDI_no_text_3","2026-09-03T05:29:39.000Z","62","finished","0.8488671567285149","REG_TEXT_USED_CAR_SAUDI","CatBoost 😸","intfloat/e5-small-v2","3"
"light_REG_TEXT_USED_CAR_SAUDI_all_3","2026-09-03T05:29:12.000Z","58","finished","0.8446221792947627","REG_TEXT_USED_CAR_SAUDI","LightGBM 💡","intfloat/e5-small-v2","3"
"light_REG_TEXT_USED_CAR_SAUDI_text_only_3","2026-09-03T05:29:02.000Z","35","finished","0.08145924307804964","REG_TEXT_USED_CAR_SAUDI","LightGBM 💡","intfloat/e5-small-v2","3"
"light_REG_TEXT_USED_CAR_SAUDI_no_text_3","2026-09-03T05:28:56.000Z","14","finished","0.8691618578690632","REG_TEXT_USED_CAR_SAUDI","LightGBM 💡","intfloat/e5-small-v2","3"
"tabpfnv2p5_REG_TEXT_USED_CAR_PAKISTAN_text_only_4","2026-09-03T05:21:38.000Z","315","finished","0.7824777463873108","REG_TEXT_USED_CAR_PAKISTAN","TabPFN-v2p5 🇩🇪","intfloat/e5-small-v2","4"
"tabpfnv2p5_REG_TEXT_USED_CAR_PAKISTAN_no_text_4","2026-09-03T05:21:17.000Z","19","finished","0.9152013966272222","REG_TEXT_USED_CAR_PAKISTAN","TabPFN-v2p5 🇩🇪","intfloat/e5-small-v2","4"
"tabpfnv2_REG_TEXT_USED_CAR_PAKISTAN_all_4","2026-09-03T05:20:29.000Z","257","finished","0.9001550702848181","REG_TEXT_USED_CAR_PAKISTAN","TabPFN-v2 🤯","intfloat/e5-small-v2","4"
"tabpfnv2_REG_TEXT_USED_CAR_PAKISTAN_text_only_4","2026-09-03T05:20:27.000Z","77","finished","0.7492981875836525","REG_TEXT_USED_CAR_PAKISTAN","TabPFN-v2 🤯","intfloat/e5-small-v2","4"
"tabpfnv2_REG_TEXT_USED_CAR_PAKISTAN_no_text_4","2026-09-03T05:20:08.000Z","18","finished","0.8350064833508987","REG_TEXT_USED_CAR_PAKISTAN","TabPFN-v2 🤯","intfloat/e5-small-v2","4"
"tabm_REG_TEXT_USED_CAR_PAKISTAN_all_4","2026-09-03T05:19:41.000Z","161","finished","0.9554051673025924","REG_TEXT_USED_CAR_PAKISTAN","TabM Ⓜ️","intfloat/e5-small-v2","4"
"tabm_REG_TEXT_USED_CAR_PAKISTAN_text_only_4","2026-09-03T05:19:30.000Z","184","finished","0.7634874828814648","REG_TEXT_USED_CAR_PAKISTAN","TabM Ⓜ️","intfloat/e5-small-v2","4"
"tabm_REG_TEXT_USED_CAR_PAKISTAN_no_text_4","2026-09-03T05:19:09.000Z","26","finished","0.9111155508926482","REG_TEXT_USED_CAR_PAKISTAN","TabM Ⓜ️","intfloat/e5-small-v2","4"
"cat_REG_TEXT_USED_CAR_PAKISTAN_all_4","2026-09-03T05:18:42.000Z","97","finished","0.9464829652577644","REG_TEXT_USED_CAR_PAKISTAN","CatBoost 😸","intfloat/e5-small-v2","4"
"cat_REG_TEXT_USED_CAR_PAKISTAN_text_only_4","2026-09-03T05:18:39.000Z","194","finished","0.820660700524735","REG_TEXT_USED_CAR_PAKISTAN","CatBoost 😸","intfloat/e5-small-v2","4"
"cat_REG_TEXT_USED_CAR_PAKISTAN_no_text_4","2026-09-03T05:18:05.000Z","31","finished","0.8780149059434961","REG_TEXT_USED_CAR_PAKISTAN","CatBoost 😸","intfloat/e5-small-v2","4"
"light_REG_TEXT_USED_CAR_PAKISTAN_all_4","2026-09-03T05:17:37.000Z","282","finished","0.9428770144438328","REG_TEXT_USED_CAR_PAKISTAN","LightGBM 💡","intfloat/e5-small-v2","4"
"light_REG_TEXT_USED_CAR_PAKISTAN_text_only_4","2026-09-03T05:16:51.000Z","68","finished","0.8018509170192609","REG_TEXT_USED_CAR_PAKISTAN","LightGBM 💡","intfloat/e5-small-v2","4"
"light_REG_TEXT_USED_CAR_PAKISTAN_no_text_4","2026-09-03T05:16:35.000Z","14","finished","0.8990045354278164","REG_TEXT_USED_CAR_PAKISTAN","LightGBM 💡","intfloat/e5-small-v2","4"
"tabpfnv2p5_REG_TEXT_USED_CAR_PAKISTAN_all_3","2026-09-03T05:16:27.000Z","160","finished","0.8728747429416288","REG_TEXT_USED_CAR_PAKISTAN","TabPFN-v2p5 🇩🇪","intfloat/e5-small-v2","3"
"tabpfnv2p5_REG_TEXT_USED_CAR_PAKISTAN_text_only_3","2026-09-03T05:16:07.000Z","201","finished","0.8892034188313509","REG_TEXT_USED_CAR_PAKISTAN","TabPFN-v2p5 🇩🇪","intfloat/e5-small-v2","3"
"tabpfnv2p5_REG_TEXT_USED_CAR_PAKISTAN_no_text_3","2026-09-03T05:16:06.000Z","17","finished","0.5957650551636966","REG_TEXT_USED_CAR_PAKISTAN","TabPFN-v2p5 🇩🇪","intfloat/e5-small-v2","3"
"tabpfnv2_REG_TEXT_USED_CAR_PAKISTAN_all_3","2026-09-03T05:15:48.000Z","325","finished","0.8304145414763038","REG_TEXT_USED_CAR_PAKISTAN","TabPFN-v2 🤯","intfloat/e5-small-v2","3"
"tabpfnv2_REG_TEXT_USED_CAR_PAKISTAN_text_only_3","2026-09-03T05:15:47.000Z","255","finished","0.7744591360559896","REG_TEXT_USED_CAR_PAKISTAN","TabPFN-v2 🤯","intfloat/e5-small-v2","3"
"tabpfnv2_REG_TEXT_USED_CAR_PAKISTAN_no_text_3","2026-09-03T05:15:46.000Z","18","finished","0.8355738392344102","REG_TEXT_USED_CAR_PAKISTAN","TabPFN-v2 🤯","intfloat/e5-small-v2","3"
"tabm_REG_TEXT_USED_CAR_PAKISTAN_all_3","2026-09-03T05:15:22.000Z","70","finished","0.9642131237318872","REG_TEXT_USED_CAR_PAKISTAN","TabM Ⓜ️","intfloat/e5-small-v2","3"
"tabm_REG_TEXT_USED_CAR_PAKISTAN_text_only_3","2026-09-03T05:15:21.000Z","196","finished","0.8795408447036782","REG_TEXT_USED_CAR_PAKISTAN","TabM Ⓜ️","intfloat/e5-small-v2","3"
"tabm_REG_TEXT_USED_CAR_PAKISTAN_no_text_3","2026-09-03T05:15:05.000Z","37","finished","0.9280020648366892","REG_TEXT_USED_CAR_PAKISTAN","TabM Ⓜ️","intfloat/e5-small-v2","3"
"cat_REG_TEXT_USED_CAR_PAKISTAN_all_3","2026-09-03T05:13:43.000Z","96","finished","0.9608439543339372","REG_TEXT_USED_CAR_PAKISTAN","CatBoost 😸","intfloat/e5-small-v2","3"
"cat_REG_TEXT_USED_CAR_PAKISTAN_text_only_3","2026-09-03T05:13:29.000Z","151","finished","0.8895705005835747","REG_TEXT_USED_CAR_PAKISTAN","CatBoost 😸","intfloat/e5-small-v2","3"
"cat_REG_TEXT_USED_CAR_PAKISTAN_no_text_3","2026-09-03T05:13:08.000Z","19","finished","0.8885887531395387","REG_TEXT_USED_CAR_PAKISTAN","CatBoost 😸","intfloat/e5-small-v2","3"
"light_REG_TEXT_USED_CAR_PAKISTAN_all_3","2026-09-03T05:12:55.000Z","280","finished","0.9297482892101564","REG_TEXT_USED_CAR_PAKISTAN","LightGBM 💡","intfloat/e5-small-v2","3"
"light_REG_TEXT_USED_CAR_PAKISTAN_text_only_3","2026-09-03T05:12:34.000Z","66","finished","0.8879958332850565","REG_TEXT_USED_CAR_PAKISTAN","LightGBM 💡","intfloat/e5-small-v2","3"
"light_REG_TEXT_USED_CAR_PAKISTAN_no_text_3","2026-09-03T05:12:18.000Z","14","finished","0.8458386402191886","REG_TEXT_USED_CAR_PAKISTAN","LightGBM 💡","intfloat/e5-small-v2","3"
"tabpfnv2p5_REG_TEXT_ANIME_PLANET_all_4","2026-09-03T04:53:55.000Z","746","finished","0.7727139422774394","REG_TEXT_ANIME_PLANET","TabPFN-v2p5 🇩🇪","intfloat/e5-small-v2","4"
"tabpfnv2p5_REG_TEXT_ANIME_PLANET_text_only_4","2026-09-03T04:53:44.000Z","761","finished","0.6296892271050053","REG_TEXT_ANIME_PLANET","TabPFN-v2p5 🇩🇪","intfloat/e5-small-v2","4"
"tabpfnv2p5_REG_TEXT_ANIME_PLANET_no_text_4","2026-09-03T04:53:23.000Z","16","finished","0.679145829869421","REG_TEXT_ANIME_PLANET","TabPFN-v2p5 🇩🇪","intfloat/e5-small-v2","4"
"tabpfnv2_REG_TEXT_ANIME_PLANET_all_4","2026-09-03T04:51:30.000Z","235","finished","0.765114222663965","REG_TEXT_ANIME_PLANET","TabPFN-v2 🤯","intfloat/e5-small-v2","4"
"tabpfnv2_REG_TEXT_ANIME_PLANET_text_only_4","2026-09-03T04:51:21.000Z","523","finished","0.5926194986873942","REG_TEXT_ANIME_PLANET","TabPFN-v2 🤯","intfloat/e5-small-v2","4"
"tabpfnv2_REG_TEXT_ANIME_PLANET_no_text_4","2026-09-03T04:51:09.000Z","15","finished","0.6813091742200974","REG_TEXT_ANIME_PLANET","TabPFN-v2 🤯","intfloat/e5-small-v2","4"
"tabm_REG_TEXT_ANIME_PLANET_all_4","2026-09-03T04:48:19.000Z","962","finished","0.7655198905666438","REG_TEXT_ANIME_PLANET","TabM Ⓜ️","intfloat/e5-small-v2","4"
"tabm_REG_TEXT_ANIME_PLANET_text_only_4","2026-09-03T04:47:40.000Z","202","finished","0.6208757948494995","REG_TEXT_ANIME_PLANET","TabM Ⓜ️","intfloat/e5-small-v2","4"
"tabm_REG_TEXT_ANIME_PLANET_no_text_4","2026-09-03T04:47:19.000Z","16","finished","0.6677637563302368","REG_TEXT_ANIME_PLANET","TabM Ⓜ️","intfloat/e5-small-v2","4"
"cat_REG_TEXT_ANIME_PLANET_all_4","2026-09-03T04:46:30.000Z","941","finished","0.741459787573258","REG_TEXT_ANIME_PLANET","CatBoost 😸","intfloat/e5-small-v2","4"
"cat_REG_TEXT_ANIME_PLANET_text_only_4","2026-09-03T04:45:00.000Z","570","finished","0.6025960230426602","REG_TEXT_ANIME_PLANET","CatBoost 😸","intfloat/e5-small-v2","4"
"cat_REG_TEXT_ANIME_PLANET_no_text_4","2026-09-03T04:44:39.000Z","17","finished","0.6736777256013604","REG_TEXT_ANIME_PLANET","CatBoost 😸","intfloat/e5-small-v2","4"
"light_REG_TEXT_ANIME_PLANET_all_4","2026-09-03T04:44:00.000Z","193","finished","0.7294608168550837","REG_TEXT_ANIME_PLANET","LightGBM 💡","intfloat/e5-small-v2","4"
"light_REG_TEXT_ANIME_PLANET_text_only_4","2026-09-03T04:43:42.000Z","453","finished","0.5774637176484132","REG_TEXT_ANIME_PLANET","LightGBM 💡","intfloat/e5-small-v2","4"
"light_REG_TEXT_ANIME_PLANET_no_text_4","2026-09-03T04:43:26.000Z","14","finished","0.6682902119145365","REG_TEXT_ANIME_PLANET","LightGBM 💡","intfloat/e5-small-v2","4"
"tabpfnv2p5_REG_TEXT_ANIME_PLANET_all_3","2026-09-03T04:40:51.000Z","747","finished","0.7841252989293471","REG_TEXT_ANIME_PLANET","TabPFN-v2p5 🇩🇪","intfloat/e5-small-v2","3"
"tabpfnv2p5_REG_TEXT_ANIME_PLANET_no_text_3","2026-09-03T04:40:30.000Z","16","finished","0.6647431976328144","REG_TEXT_ANIME_PLANET","TabPFN-v2p5 🇩🇪","intfloat/e5-small-v2","3"
"tabpfnv2_REG_TEXT_ANIME_PLANET_all_3","2026-09-03T04:40:26.000Z","806","finished","0.7626563822062725","REG_TEXT_ANIME_PLANET","TabPFN-v2 🤯","intfloat/e5-small-v2","3"
"tabpfnv2_REG_TEXT_ANIME_PLANET_text_only_3","2026-09-03T04:36:52.000Z","232","finished","0.6097453670976571","REG_TEXT_ANIME_PLANET","TabPFN-v2 🤯","intfloat/e5-small-v2","3"
"tabpfnv2_REG_TEXT_ANIME_PLANET_no_text_3","2026-09-03T04:36:31.000Z","14","finished","0.663201114893928","REG_TEXT_ANIME_PLANET","TabPFN-v2 🤯","intfloat/e5-small-v2","3"
"tabm_REG_TEXT_ANIME_PLANET_all_3","2026-09-03T04:35:42.000Z","461","finished","0.7738802030938879","REG_TEXT_ANIME_PLANET","TabM Ⓜ️","intfloat/e5-small-v2","3"
"tabm_REG_TEXT_ANIME_PLANET_text_only_3","2026-09-03T04:35:00.000Z","576","finished","0.6390492991118203","REG_TEXT_ANIME_PLANET","TabM Ⓜ️","intfloat/e5-small-v2","3"
"tabm_REG_TEXT_ANIME_PLANET_no_text_3","2026-09-03T04:34:34.000Z","22","finished","0.6516894671914542","REG_TEXT_ANIME_PLANET","TabM Ⓜ️","intfloat/e5-small-v2","3"
"cat_REG_TEXT_ANIME_PLANET_all_3","2026-09-03T04:32:36.000Z","228","finished","0.7518691304509947","REG_TEXT_ANIME_PLANET","CatBoost 😸","intfloat/e5-small-v2","3"
"cat_REG_TEXT_ANIME_PLANET_text_only_3","2026-09-03T04:32:35.000Z","939","finished","0.6247448029701708","REG_TEXT_ANIME_PLANET","CatBoost 😸","intfloat/e5-small-v2","3"
"cat_REG_TEXT_ANIME_PLANET_no_text_3","2026-09-03T04:32:08.000Z","22","finished","0.6557725104947971","REG_TEXT_ANIME_PLANET","CatBoost 😸","intfloat/e5-small-v2","3"
"light_REG_TEXT_ANIME_PLANET_all_3","2026-09-03T04:31:02.000Z","922","finished","0.7358046016371314","REG_TEXT_ANIME_PLANET","LightGBM 💡","intfloat/e5-small-v2","3"
"light_REG_TEXT_ANIME_PLANET_text_only_3","2026-09-03T04:30:16.000Z","604","finished","0.5904378071895934","REG_TEXT_ANIME_PLANET","LightGBM 💡","intfloat/e5-small-v2","3"
"light_REG_TEXT_ANIME_PLANET_no_text_3","2026-09-03T04:30:00.000Z","13","finished","0.6490334073940363","REG_TEXT_ANIME_PLANET","LightGBM 💡","intfloat/e5-small-v2","3"
"tabpfnv2p5_REG_TEXT_AIRBNB_SEATTLE_text_only_4","2026-09-03T03:47:54.000Z","601","finished","0.3710216012594534","REG_TEXT_AIRBNB_SEATTLE","TabPFN-v2p5 🇩🇪","intfloat/e5-small-v2","4"
"tabpfnv2p5_REG_TEXT_AIRBNB_SEATTLE_no_text_4","2026-09-03T03:47:33.000Z","17","finished","0.5628791920560463","REG_TEXT_AIRBNB_SEATTLE","TabPFN-v2p5 🇩🇪","intfloat/e5-small-v2","4"
"tabpfnv2_REG_TEXT_AIRBNB_SEATTLE_all_4","2026-09-03T03:47:27.000Z","478","finished","0.5276636300092288","REG_TEXT_AIRBNB_SEATTLE","TabPFN-v2 🤯","intfloat/e5-small-v2","4"
"tabpfnv2_REG_TEXT_AIRBNB_SEATTLE_text_only_4","2026-09-03T03:47:16.000Z","703","finished","0.3489873292832536","REG_TEXT_AIRBNB_SEATTLE","TabPFN-v2 🤯","intfloat/e5-small-v2","4"
"tabpfnv2_REG_TEXT_AIRBNB_SEATTLE_no_text_4","2026-09-03T03:47:06.000Z","20","finished","0.5457325337445414","REG_TEXT_AIRBNB_SEATTLE","TabPFN-v2 🤯","intfloat/e5-small-v2","4"
"tabm_REG_TEXT_AIRBNB_SEATTLE_all_4","2026-09-03T03:47:06.000Z","150","finished","0.574470695841728","REG_TEXT_AIRBNB_SEATTLE","TabM Ⓜ️","intfloat/e5-small-v2","4"
"tabm_REG_TEXT_AIRBNB_SEATTLE_text_only_4","2026-09-03T03:46:57.000Z","666","finished","0.3966828086262571","REG_TEXT_AIRBNB_SEATTLE","TabM Ⓜ️","intfloat/e5-small-v2","4"
"tabm_REG_TEXT_AIRBNB_SEATTLE_no_text_4","2026-09-03T03:46:45.000Z","16","finished","0.5301807245867203","REG_TEXT_AIRBNB_SEATTLE","TabM Ⓜ️","intfloat/e5-small-v2","4"
"cat_REG_TEXT_AIRBNB_SEATTLE_all_4","2026-09-03T03:46:02.000Z","421","finished","0.5445641911913424","REG_TEXT_AIRBNB_SEATTLE","CatBoost 😸","intfloat/e5-small-v2","4"
"cat_REG_TEXT_AIRBNB_SEATTLE_text_only_4","2026-09-03T03:45:41.000Z","654","finished","0.35115684117881263","REG_TEXT_AIRBNB_SEATTLE","CatBoost 😸","intfloat/e5-small-v2","4"
"cat_REG_TEXT_AIRBNB_SEATTLE_no_text_4","2026-09-03T03:45:37.000Z","86","finished","0.5355346986121894","REG_TEXT_AIRBNB_SEATTLE","CatBoost 😸","intfloat/e5-small-v2","4"
"light_REG_TEXT_AIRBNB_SEATTLE_all_4","2026-09-03T03:43:06.000Z","147","finished","0.550439318969148","REG_TEXT_AIRBNB_SEATTLE","LightGBM 💡","intfloat/e5-small-v2","4"
"light_REG_TEXT_AIRBNB_SEATTLE_text_only_4","2026-09-03T03:41:58.000Z","324","finished","0.3239564788268572","REG_TEXT_AIRBNB_SEATTLE","LightGBM 💡","intfloat/e5-small-v2","4"
"light_REG_TEXT_AIRBNB_SEATTLE_no_text_4","2026-09-03T03:41:37.000Z","14","finished","0.568214398379528","REG_TEXT_AIRBNB_SEATTLE","LightGBM 💡","intfloat/e5-small-v2","4"
"tabpfnv2p5_REG_TEXT_AIRBNB_SEATTLE_text_only_3","2026-09-03T03:39:07.000Z","487","finished","0.5640308993404535","REG_TEXT_AIRBNB_SEATTLE","TabPFN-v2p5 🇩🇪","intfloat/e5-small-v2","3"
"tabpfnv2p5_REG_TEXT_AIRBNB_SEATTLE_no_text_3","2026-09-03T03:38:45.000Z","17","finished","0.7581616636802024","REG_TEXT_AIRBNB_SEATTLE","TabPFN-v2p5 🇩🇪","intfloat/e5-small-v2","3"
"tabpfnv2_REG_TEXT_AIRBNB_SEATTLE_all_3","2026-09-03T03:37:20.000Z","516","finished","0.7233266129341345","REG_TEXT_AIRBNB_SEATTLE","TabPFN-v2 🤯","intfloat/e5-small-v2","3"
"tabpfnv2_REG_TEXT_AIRBNB_SEATTLE_text_only_3","2026-09-03T03:37:11.000Z","567","finished","0.510636550127986","REG_TEXT_AIRBNB_SEATTLE","TabPFN-v2 🤯","intfloat/e5-small-v2","3"
"tabpfnv2_REG_TEXT_AIRBNB_SEATTLE_no_text_3","2026-09-03T03:36:54.000Z","20","finished","0.6986650270471015","REG_TEXT_AIRBNB_SEATTLE","TabPFN-v2 🤯","intfloat/e5-small-v2","3"
"tabm_REG_TEXT_AIRBNB_SEATTLE_all_3","2026-09-03T03:36:41.000Z","613","finished","0.7103462635982494","REG_TEXT_AIRBNB_SEATTLE","TabM Ⓜ️","intfloat/e5-small-v2","3"
"tabm_REG_TEXT_AIRBNB_SEATTLE_text_only_3","2026-09-03T03:36:23.000Z","308","finished","0.5501135611505293","REG_TEXT_AIRBNB_SEATTLE","TabM Ⓜ️","intfloat/e5-small-v2","3"
"tabm_REG_TEXT_AIRBNB_SEATTLE_no_text_3","2026-09-03T03:36:14.000Z","20","finished","0.6331632692122393","REG_TEXT_AIRBNB_SEATTLE","TabM Ⓜ️","intfloat/e5-small-v2","3"
"cat_REG_TEXT_AIRBNB_SEATTLE_all_3","2026-09-03T03:36:14.000Z","263","finished","0.711625198966785","REG_TEXT_AIRBNB_SEATTLE","CatBoost 😸","intfloat/e5-small-v2","3"
"cat_REG_TEXT_AIRBNB_SEATTLE_text_only_3","2026-09-03T03:35:25.000Z","610","finished","0.47976051845308176","REG_TEXT_AIRBNB_SEATTLE","CatBoost 😸","intfloat/e5-small-v2","3"
"cat_REG_TEXT_AIRBNB_SEATTLE_no_text_3","2026-09-03T03:34:03.000Z","124","finished","0.6871654728739311","REG_TEXT_AIRBNB_SEATTLE","CatBoost 😸","intfloat/e5-small-v2","3"
"light_REG_TEXT_AIRBNB_SEATTLE_all_3","2026-09-03T03:31:41.000Z","138","finished","0.6658262012445636","REG_TEXT_AIRBNB_SEATTLE","LightGBM 💡","intfloat/e5-small-v2","3"
"light_REG_TEXT_AIRBNB_SEATTLE_text_only_3","2026-09-03T03:31:15.000Z","303","finished","0.43216720419578136","REG_TEXT_AIRBNB_SEATTLE","LightGBM 💡","intfloat/e5-small-v2","3"
"light_REG_TEXT_AIRBNB_SEATTLE_no_text_3","2026-09-03T03:30:59.000Z","14","finished","0.6426196329767693","REG_TEXT_AIRBNB_SEATTLE","LightGBM 💡","intfloat/e5-small-v2","3"
"tabpfnv2p5_REG_TEXT_WINE_VIVINO_SPAIN_text_only_4","2026-09-03T03:00:45.000Z","176","finished","0.8146639239837163","REG_TEXT_WINE_VIVINO_SPAIN","TabPFN-v2p5 🇩🇪","intfloat/e5-small-v2","4"
"tabpfnv2_REG_TEXT_WINE_VIVINO_SPAIN_all_4","2026-09-03T03:00:13.000Z","187","finished","0.8585689326051027","REG_TEXT_WINE_VIVINO_SPAIN","TabPFN-v2 🤯","intfloat/e5-small-v2","4"
"tabpfnv2_REG_TEXT_WINE_VIVINO_SPAIN_text_only_4","2026-09-03T03:00:10.000Z","161","finished","0.8139870073203432","REG_TEXT_WINE_VIVINO_SPAIN","TabPFN-v2 🤯","intfloat/e5-small-v2","4"
"tabpfnv2_REG_TEXT_WINE_VIVINO_SPAIN_no_text_4","2026-09-03T02:59:49.000Z","16","finished","0.8462302724837455","REG_TEXT_WINE_VIVINO_SPAIN","TabPFN-v2 🤯","intfloat/e5-small-v2","4"
"tabm_REG_TEXT_WINE_VIVINO_SPAIN_all_4","2026-09-03T02:59:42.000Z","54","finished","0.8498003501323976","REG_TEXT_WINE_VIVINO_SPAIN","TabM Ⓜ️","intfloat/e5-small-v2","4"
"tabm_REG_TEXT_WINE_VIVINO_SPAIN_text_only_4","2026-09-03T02:59:32.000Z","114","finished","0.7816275153807213","REG_TEXT_WINE_VIVINO_SPAIN","TabM Ⓜ️","intfloat/e5-small-v2","4"
"tabm_REG_TEXT_WINE_VIVINO_SPAIN_no_text_4","2026-09-03T02:59:21.000Z","14","finished","0.8450063992540776","REG_TEXT_WINE_VIVINO_SPAIN","TabM Ⓜ️","intfloat/e5-small-v2","4"
"cat_REG_TEXT_WINE_VIVINO_SPAIN_all_4","2026-09-03T02:59:03.000Z","218","finished","0.8607676119537684","REG_TEXT_WINE_VIVINO_SPAIN","CatBoost 😸","intfloat/e5-small-v2","4"
"cat_REG_TEXT_WINE_VIVINO_SPAIN_text_only_4","2026-09-03T02:58:48.000Z","214","finished","0.799096005728779","REG_TEXT_WINE_VIVINO_SPAIN","CatBoost 😸","intfloat/e5-small-v2","4"
"cat_REG_TEXT_WINE_VIVINO_SPAIN_no_text_4","2026-09-03T02:58:27.000Z","17","finished","0.8348807260047312","REG_TEXT_WINE_VIVINO_SPAIN","CatBoost 😸","intfloat/e5-small-v2","4"
"light_REG_TEXT_WINE_VIVINO_SPAIN_all_4","2026-09-03T02:58:24.000Z","52","finished","0.8389860518007323","REG_TEXT_WINE_VIVINO_SPAIN","LightGBM 💡","intfloat/e5-small-v2","4"
"light_REG_TEXT_WINE_VIVINO_SPAIN_text_only_4","2026-09-03T02:58:08.000Z","150","finished","0.7886810882717941","REG_TEXT_WINE_VIVINO_SPAIN","LightGBM 💡","intfloat/e5-small-v2","4"
"light_REG_TEXT_WINE_VIVINO_SPAIN_no_text_4","2026-09-03T02:58:02.000Z","14","finished","0.810389025633061","REG_TEXT_WINE_VIVINO_SPAIN","LightGBM 💡","intfloat/e5-small-v2","4"
"tabpfnv2p5_REG_TEXT_WINE_VIVINO_SPAIN_all_3","2026-09-03T02:57:26.000Z","123","finished","0.8135765867715056","REG_TEXT_WINE_VIVINO_SPAIN","TabPFN-v2p5 🇩🇪","intfloat/e5-small-v2","3"
"tabpfnv2p5_REG_TEXT_WINE_VIVINO_SPAIN_text_only_3","2026-09-03T02:57:12.000Z","152","finished","0.7679529558306817","REG_TEXT_WINE_VIVINO_SPAIN","TabPFN-v2p5 🇩🇪","intfloat/e5-small-v2","3"
"tabpfnv2p5_REG_TEXT_WINE_VIVINO_SPAIN_no_text_3","2026-09-03T02:57:05.000Z","16","finished","0.8009733219447057","REG_TEXT_WINE_VIVINO_SPAIN","TabPFN-v2p5 🇩🇪","intfloat/e5-small-v2","3"
"tabpfnv2_REG_TEXT_WINE_VIVINO_SPAIN_all_3","2026-09-03T02:57:00.000Z","188","finished","0.7990741236278862","REG_TEXT_WINE_VIVINO_SPAIN","TabPFN-v2 🤯","intfloat/e5-small-v2","3"
"tabpfnv2_REG_TEXT_WINE_VIVINO_SPAIN_text_only_3","2026-09-03T02:56:43.000Z","75","finished","0.7421641995418038","REG_TEXT_WINE_VIVINO_SPAIN","TabPFN-v2 🤯","intfloat/e5-small-v2","3"
"tabpfnv2_REG_TEXT_WINE_VIVINO_SPAIN_no_text_3","2026-09-03T02:56:38.000Z","17","finished","0.7912206725154901","REG_TEXT_WINE_VIVINO_SPAIN","TabPFN-v2 🤯","intfloat/e5-small-v2","3"
"tabm_REG_TEXT_WINE_VIVINO_SPAIN_all_3","2026-09-03T02:55:40.000Z","58","finished","0.8019704636592488","REG_TEXT_WINE_VIVINO_SPAIN","TabM Ⓜ️","intfloat/e5-small-v2","3"
"tabm_REG_TEXT_WINE_VIVINO_SPAIN_text_only_3","2026-09-03T02:55:26.000Z","156","finished","0.770392639375889","REG_TEXT_WINE_VIVINO_SPAIN","TabM Ⓜ️","intfloat/e5-small-v2","3"
"tabm_REG_TEXT_WINE_VIVINO_SPAIN_no_text_3","2026-09-03T02:55:19.000Z","15","finished","0.7953868577344176","REG_TEXT_WINE_VIVINO_SPAIN","TabM Ⓜ️","intfloat/e5-small-v2","3"
"cat_REG_TEXT_WINE_VIVINO_SPAIN_all_3","2026-09-03T02:55:18.000Z","219","finished","0.8184416326592748","REG_TEXT_WINE_VIVINO_SPAIN","CatBoost 😸","intfloat/e5-small-v2","3"
"cat_REG_TEXT_WINE_VIVINO_SPAIN_text_only_3","2026-09-03T02:55:10.000Z","112","finished","0.7730427559642666","REG_TEXT_WINE_VIVINO_SPAIN","CatBoost 😸","intfloat/e5-small-v2","3"
"cat_REG_TEXT_WINE_VIVINO_SPAIN_no_text_3","2026-09-03T02:55:04.000Z","16","finished","0.8038282995077703","REG_TEXT_WINE_VIVINO_SPAIN","CatBoost 😸","intfloat/e5-small-v2","3"
"light_REG_TEXT_WINE_VIVINO_SPAIN_all_3","2026-09-03T02:54:56.000Z","133","finished","0.8088291155933547","REG_TEXT_WINE_VIVINO_SPAIN","LightGBM 💡","intfloat/e5-small-v2","3"
"light_REG_TEXT_WINE_VIVINO_SPAIN_text_only_3","2026-09-03T02:54:52.000Z","212","finished","0.7726347984466228","REG_TEXT_WINE_VIVINO_SPAIN","LightGBM 💡","intfloat/e5-small-v2","3"
"light_REG_TEXT_WINE_VIVINO_SPAIN_no_text_3","2026-09-03T02:54:36.000Z","13","finished","0.7956871096336993","REG_TEXT_WINE_VIVINO_SPAIN","LightGBM 💡","intfloat/e5-small-v2","3"
"tabpfnv2p5_REG_TEXT_WINE_POLISH_MARKET_all_4","2026-09-03T02:43:44.000Z","117","finished","0.5219625701596431","REG_TEXT_WINE_POLISH_MARKET","TabPFN-v2p5 🇩🇪","intfloat/e5-small-v2","4"
"tabpfnv2p5_REG_TEXT_WINE_POLISH_MARKET_no_text_4","2026-09-03T02:43:23.000Z","14","finished","0.4889889609754776","REG_TEXT_WINE_POLISH_MARKET","TabPFN-v2p5 🇩🇪","intfloat/e5-small-v2","4"
"tabpfnv2_REG_TEXT_WINE_POLISH_MARKET_all_4","2026-09-03T02:43:20.000Z","161","finished","0.4087263004453139","REG_TEXT_WINE_POLISH_MARKET","TabPFN-v2 🤯","intfloat/e5-small-v2","4"
"tabpfnv2_REG_TEXT_WINE_POLISH_MARKET_text_only_4","2026-09-03T02:43:18.000Z","134","finished","0.20096125570447151","REG_TEXT_WINE_POLISH_MARKET","TabPFN-v2 🤯","intfloat/e5-small-v2","4"
"tabpfnv2_REG_TEXT_WINE_POLISH_MARKET_no_text_4","2026-09-03T02:43:01.000Z","15","finished","0.3825317524286392","REG_TEXT_WINE_POLISH_MARKET","TabPFN-v2 🤯","intfloat/e5-small-v2","4"
"tabm_REG_TEXT_WINE_POLISH_MARKET_all_4","2026-09-03T02:42:45.000Z","41","finished","0.1742443723859548","REG_TEXT_WINE_POLISH_MARKET","TabM Ⓜ️","intfloat/e5-small-v2","4"
"tabm_REG_TEXT_WINE_POLISH_MARKET_text_only_4","2026-09-03T02:42:41.000Z","78","finished","0.12927779214781787","REG_TEXT_WINE_POLISH_MARKET","TabM Ⓜ️","intfloat/e5-small-v2","4"
"tabm_REG_TEXT_WINE_POLISH_MARKET_no_text_4","2026-09-03T02:42:40.000Z","15","finished","0.45415360469464217","REG_TEXT_WINE_POLISH_MARKET","TabM Ⓜ️","intfloat/e5-small-v2","4"
"cat_REG_TEXT_WINE_POLISH_MARKET_all_4","2026-09-03T02:42:08.000Z","101","finished","0.40133100926342447","REG_TEXT_WINE_POLISH_MARKET","CatBoost 😸","intfloat/e5-small-v2","4"
"cat_REG_TEXT_WINE_POLISH_MARKET_text_only_4","2026-09-03T02:41:58.000Z","43","finished","0.12879975312452885","REG_TEXT_WINE_POLISH_MARKET","CatBoost 😸","intfloat/e5-small-v2","4"
"cat_REG_TEXT_WINE_POLISH_MARKET_no_text_4","2026-09-03T02:41:46.000Z","15","finished","0.46949814446031635","REG_TEXT_WINE_POLISH_MARKET","CatBoost 😸","intfloat/e5-small-v2","4"
"light_REG_TEXT_WINE_POLISH_MARKET_all_4","2026-09-03T02:41:29.000Z","105","finished","0.1857131082196408","REG_TEXT_WINE_POLISH_MARKET","LightGBM 💡","intfloat/e5-small-v2","4"
"light_REG_TEXT_WINE_POLISH_MARKET_text_only_4","2026-09-03T02:41:17.000Z","78","finished","0.14669580220938705","REG_TEXT_WINE_POLISH_MARKET","LightGBM 💡","intfloat/e5-small-v2","4"
"light_REG_TEXT_WINE_POLISH_MARKET_no_text_4","2026-09-03T02:41:13.000Z","12","finished","0.27526341820543065","REG_TEXT_WINE_POLISH_MARKET","LightGBM 💡","intfloat/e5-small-v2","4"
"tabpfnv2p5_REG_TEXT_WINE_POLISH_MARKET_text_only_3","2026-09-03T02:41:05.000Z","160","finished","0.48679152608737786","REG_TEXT_WINE_POLISH_MARKET","TabPFN-v2p5 🇩🇪","intfloat/e5-small-v2","3"
"tabpfnv2p5_REG_TEXT_WINE_POLISH_MARKET_no_text_3","2026-09-03T02:40:51.000Z","15","finished","0.4597553004202322","REG_TEXT_WINE_POLISH_MARKET","TabPFN-v2p5 🇩🇪","intfloat/e5-small-v2","3"
"tabpfnv2_REG_TEXT_WINE_POLISH_MARKET_all_3","2026-09-03T02:40:32.000Z","162","finished","0.4800816808313453","REG_TEXT_WINE_POLISH_MARKET","TabPFN-v2 🤯","intfloat/e5-small-v2","3"
"tabpfnv2_REG_TEXT_WINE_POLISH_MARKET_text_only_3","2026-09-03T02:40:14.000Z","140","finished","0.3039282033159083","REG_TEXT_WINE_POLISH_MARKET","TabPFN-v2 🤯","intfloat/e5-small-v2","3"
"tabpfnv2_REG_TEXT_WINE_POLISH_MARKET_no_text_3","2026-09-03T02:40:11.000Z","17","finished","0.3968305715775","REG_TEXT_WINE_POLISH_MARKET","TabPFN-v2 🤯","intfloat/e5-small-v2","3"
"tabm_REG_TEXT_WINE_POLISH_MARKET_all_3","2026-09-03T02:40:07.000Z","93","finished","0.21668236212080683","REG_TEXT_WINE_POLISH_MARKET","TabM Ⓜ️","intfloat/e5-small-v2","3"
"tabm_REG_TEXT_WINE_POLISH_MARKET_text_only_3","2026-09-03T02:39:53.000Z","79","finished","0.33495003478229335","REG_TEXT_WINE_POLISH_MARKET","TabM Ⓜ️","intfloat/e5-small-v2","3"
"tabm_REG_TEXT_WINE_POLISH_MARKET_no_text_3","2026-09-03T02:39:53.000Z","14","finished","0.6365001654504747","REG_TEXT_WINE_POLISH_MARKET","TabM Ⓜ️","intfloat/e5-small-v2","3"
"cat_REG_TEXT_WINE_POLISH_MARKET_all_3","2026-09-03T02:39:52.000Z","72","finished","0.4976108200853909","REG_TEXT_WINE_POLISH_MARKET","CatBoost 😸","intfloat/e5-small-v2","3"
"cat_REG_TEXT_WINE_POLISH_MARKET_text_only_3","2026-09-03T02:38:57.000Z","109","finished","-0.545500911001809","REG_TEXT_WINE_POLISH_MARKET","CatBoost 😸","intfloat/e5-small-v2","3"
"cat_REG_TEXT_WINE_POLISH_MARKET_no_text_3","2026-09-03T02:38:49.000Z","61","finished","0.25891158743735887","REG_TEXT_WINE_POLISH_MARKET","CatBoost 😸","intfloat/e5-small-v2","3"
"light_REG_TEXT_WINE_POLISH_MARKET_all_3","2026-09-03T02:38:33.000Z","147","finished","0.43217409341814794","REG_TEXT_WINE_POLISH_MARKET","LightGBM 💡","intfloat/e5-small-v2","3"
"light_REG_TEXT_WINE_POLISH_MARKET_text_only_3","2026-09-03T02:38:29.000Z","78","finished","0.1663208911924614","REG_TEXT_WINE_POLISH_MARKET","LightGBM 💡","intfloat/e5-small-v2","3"
"light_REG_TEXT_WINE_POLISH_MARKET_no_text_3","2026-09-03T02:38:28.000Z","14","finished","0.264949983178814","REG_TEXT_WINE_POLISH_MARKET","LightGBM 💡","intfloat/e5-small-v2","3"
"tabpfnv2p5_REG_TEXT_RAMEN_RATINGS_all_4","2026-09-03T02:30:17.000Z","66","finished","0.2986613683916275","REG_TEXT_RAMEN_RATINGS","TabPFN-v2p5 🇩🇪","intfloat/e5-small-v2","4"
"tabpfnv2p5_REG_TEXT_RAMEN_RATINGS_no_text_4","2026-09-03T02:30:01.000Z","14","finished","0.12950373633618584","REG_TEXT_RAMEN_RATINGS","TabPFN-v2p5 🇩🇪","intfloat/e5-small-v2","4"
"tabpfnv2_REG_TEXT_RAMEN_RATINGS_all_4","2026-09-03T02:29:51.000Z","92","finished","0.22189991697875355","REG_TEXT_RAMEN_RATINGS","TabPFN-v2 🤯","intfloat/e5-small-v2","4"
"tabpfnv2_REG_TEXT_RAMEN_RATINGS_text_only_4","2026-09-03T02:29:38.000Z","81","finished","0.18126854294227135","REG_TEXT_RAMEN_RATINGS","TabPFN-v2 🤯","intfloat/e5-small-v2","4"
"tabpfnv2_REG_TEXT_RAMEN_RATINGS_no_text_4","2026-09-03T02:29:30.000Z","15","finished","0.10882377934294496","REG_TEXT_RAMEN_RATINGS","TabPFN-v2 🤯","intfloat/e5-small-v2","4"
"tabm_REG_TEXT_RAMEN_RATINGS_all_4","2026-09-03T02:29:25.000Z","35","finished","0.2564500398091727","REG_TEXT_RAMEN_RATINGS","TabM Ⓜ️","intfloat/e5-small-v2","4"
"tabm_REG_TEXT_RAMEN_RATINGS_text_only_4","2026-09-03T02:29:16.000Z","79","finished","0.20875867583409","REG_TEXT_RAMEN_RATINGS","TabM Ⓜ️","intfloat/e5-small-v2","4"
"tabm_REG_TEXT_RAMEN_RATINGS_no_text_4","2026-09-03T02:29:08.000Z","15","finished","0.12184773588267428","REG_TEXT_RAMEN_RATINGS","TabM Ⓜ️","intfloat/e5-small-v2","4"
"cat_REG_TEXT_RAMEN_RATINGS_all_4","2026-09-03T02:28:53.000Z","64","finished","0.22489985770427745","REG_TEXT_RAMEN_RATINGS","CatBoost 😸","intfloat/e5-small-v2","4"
"cat_REG_TEXT_RAMEN_RATINGS_text_only_4","2026-09-03T02:28:49.000Z","111","finished","0.21610348817173053","REG_TEXT_RAMEN_RATINGS","CatBoost 😸","intfloat/e5-small-v2","4"
"cat_REG_TEXT_RAMEN_RATINGS_no_text_4","2026-09-03T02:28:47.000Z","14","finished","0.10683791242645024","REG_TEXT_RAMEN_RATINGS","CatBoost 😸","intfloat/e5-small-v2","4"
"light_REG_TEXT_RAMEN_RATINGS_all_4","2026-09-03T02:28:43.000Z","35","finished","0.22465025308358788","REG_TEXT_RAMEN_RATINGS","LightGBM 💡","intfloat/e5-small-v2","4"
"light_REG_TEXT_RAMEN_RATINGS_text_only_4","2026-09-03T02:28:37.000Z","111","finished","0.16614267712666175","REG_TEXT_RAMEN_RATINGS","LightGBM 💡","intfloat/e5-small-v2","4"
"light_REG_TEXT_RAMEN_RATINGS_no_text_4","2026-09-03T02:28:21.000Z","13","finished","0.10326863847518476","REG_TEXT_RAMEN_RATINGS","LightGBM 💡","intfloat/e5-small-v2","4"
"tabpfnv2p5_REG_TEXT_RAMEN_RATINGS_all_3","2026-09-03T02:28:14.000Z","79","finished","0.19545562988197207","REG_TEXT_RAMEN_RATINGS","TabPFN-v2p5 🇩🇪","intfloat/e5-small-v2","3"
"tabpfnv2_REG_TEXT_RAMEN_RATINGS_all_3","2026-09-03T02:27:42.000Z","90","finished","0.1381026512533542","REG_TEXT_RAMEN_RATINGS","TabPFN-v2 🤯","intfloat/e5-small-v2","3"
"tabpfnv2_REG_TEXT_RAMEN_RATINGS_text_only_3","2026-09-03T02:27:39.000Z","67","finished","0.12871611726145382","REG_TEXT_RAMEN_RATINGS","TabPFN-v2 🤯","intfloat/e5-small-v2","3"
"tabpfnv2_REG_TEXT_RAMEN_RATINGS_no_text_3","2026-09-03T02:27:20.000Z","14","finished","0.06857130468257255","REG_TEXT_RAMEN_RATINGS","TabPFN-v2 🤯","intfloat/e5-small-v2","3"
"tabm_REG_TEXT_RAMEN_RATINGS_all_3","2026-09-03T02:27:18.000Z","83","finished","0.22567734578513932","REG_TEXT_RAMEN_RATINGS","TabM Ⓜ️","intfloat/e5-small-v2","3"
"tabm_REG_TEXT_RAMEN_RATINGS_text_only_3","2026-09-03T02:27:13.000Z","34","finished","0.1535520747035367","REG_TEXT_RAMEN_RATINGS","TabM Ⓜ️","intfloat/e5-small-v2","3"
"tabm_REG_TEXT_RAMEN_RATINGS_no_text_3","2026-09-03T02:26:56.000Z","16","finished","0.07996811318368391","REG_TEXT_RAMEN_RATINGS","TabM Ⓜ️","intfloat/e5-small-v2","3"
"cat_REG_TEXT_RAMEN_RATINGS_all_3","2026-09-03T02:26:55.000Z","75","finished","0.18809625265613805","REG_TEXT_RAMEN_RATINGS","CatBoost 😸","intfloat/e5-small-v2","3"
"cat_REG_TEXT_RAMEN_RATINGS_text_only_3","2026-09-03T02:26:54.000Z","110","finished","0.1392573075943584","REG_TEXT_RAMEN_RATINGS","CatBoost 😸","intfloat/e5-small-v2","3"
"cat_REG_TEXT_RAMEN_RATINGS_no_text_3","2026-09-03T02:26:41.000Z","13","finished","0.06346887059004813","REG_TEXT_RAMEN_RATINGS","CatBoost 😸","intfloat/e5-small-v2","3"
"light_REG_TEXT_RAMEN_RATINGS_text_only_3","2026-09-03T02:26:36.000Z","33","finished","0.1580123928632592","REG_TEXT_RAMEN_RATINGS","LightGBM 💡","intfloat/e5-small-v2","3"
"light_REG_TEXT_RAMEN_RATINGS_all_3","2026-09-03T02:26:36.000Z","60","finished","0.20869887663181463","REG_TEXT_RAMEN_RATINGS","LightGBM 💡","intfloat/e5-small-v2","3"
"light_REG_TEXT_RAMEN_RATINGS_no_text_3","2026-09-03T02:26:20.000Z","14","finished","0.045194835842880865","REG_TEXT_RAMEN_RATINGS","LightGBM 💡","intfloat/e5-small-v2","3"
"tabpfnv2p5_REG_TEXT_CHOCOLATE_BAR_RATINGS_all_4","2026-09-03T02:20:07.000Z","37","finished","0.3729789333958916","REG_TEXT_CHOCOLATE_BAR_RATINGS","TabPFN-v2p5 🇩🇪","intfloat/e5-small-v2","4"
"tabpfnv2p5_REG_TEXT_CHOCOLATE_BAR_RATINGS_text_only_4","2026-09-03T02:20:06.000Z","41","finished","0.15580716025687058","REG_TEXT_CHOCOLATE_BAR_RATINGS","TabPFN-v2p5 🇩🇪","intfloat/e5-small-v2","4"
"tabpfnv2p5_REG_TEXT_CHOCOLATE_BAR_RATINGS_no_text_4","2026-09-03T02:20:02.000Z","14","finished","0.2223608689679628","REG_TEXT_CHOCOLATE_BAR_RATINGS","TabPFN-v2p5 🇩🇪","intfloat/e5-small-v2","4"
"tabpfnv2_REG_TEXT_CHOCOLATE_BAR_RATINGS_all_4","2026-09-03T02:20:00.000Z","28","finished","0.34370042640320686","REG_TEXT_CHOCOLATE_BAR_RATINGS","TabPFN-v2 🤯","intfloat/e5-small-v2","4"
"tabpfnv2_REG_TEXT_CHOCOLATE_BAR_RATINGS_text_only_4","2026-09-03T02:19:44.000Z","46","finished","0.13915966508592703","REG_TEXT_CHOCOLATE_BAR_RATINGS","TabPFN-v2 🤯","intfloat/e5-small-v2","4"
"tabpfnv2_REG_TEXT_CHOCOLATE_BAR_RATINGS_no_text_4","2026-09-03T02:19:41.000Z","15","finished","0.17772784527826213","REG_TEXT_CHOCOLATE_BAR_RATINGS","TabPFN-v2 🤯","intfloat/e5-small-v2","4"
"tabm_REG_TEXT_CHOCOLATE_BAR_RATINGS_all_4","2026-09-03T02:19:39.000Z","61","finished","0.21938040540333337","REG_TEXT_CHOCOLATE_BAR_RATINGS","TabM Ⓜ️","intfloat/e5-small-v2","4"
"tabm_REG_TEXT_CHOCOLATE_BAR_RATINGS_text_only_4","2026-09-03T02:19:34.000Z","23","finished","0.11236670004648852","REG_TEXT_CHOCOLATE_BAR_RATINGS","TabM Ⓜ️","intfloat/e5-small-v2","4"
"tabm_REG_TEXT_CHOCOLATE_BAR_RATINGS_no_text_4","2026-09-03T02:19:20.000Z","15","finished","0.24018741175175684","REG_TEXT_CHOCOLATE_BAR_RATINGS","TabM Ⓜ️","intfloat/e5-small-v2","4"
"cat_REG_TEXT_CHOCOLATE_BAR_RATINGS_all_4","2026-09-03T02:19:19.000Z","41","finished","0.31918067087011903","REG_TEXT_CHOCOLATE_BAR_RATINGS","CatBoost 😸","intfloat/e5-small-v2","4"
"cat_REG_TEXT_CHOCOLATE_BAR_RATINGS_no_text_4","2026-09-03T02:19:18.000Z","15","finished","0.19188987930924503","REG_TEXT_CHOCOLATE_BAR_RATINGS","CatBoost 😸","intfloat/e5-small-v2","4"
"cat_REG_TEXT_CHOCOLATE_BAR_RATINGS_text_only_4","2026-09-03T02:19:18.000Z","40","finished","0.1288583050988309","REG_TEXT_CHOCOLATE_BAR_RATINGS","CatBoost 😸","intfloat/e5-small-v2","4"
"light_REG_TEXT_CHOCOLATE_BAR_RATINGS_all_4","2026-09-03T02:19:07.000Z","23","finished","0.2098498906077035","REG_TEXT_CHOCOLATE_BAR_RATINGS","LightGBM 💡","intfloat/e5-small-v2","4"
"light_REG_TEXT_CHOCOLATE_BAR_RATINGS_text_only_4","2026-09-03T02:19:05.000Z","58","finished","0.1330123756517858","REG_TEXT_CHOCOLATE_BAR_RATINGS","LightGBM 💡","intfloat/e5-small-v2","4"
"light_REG_TEXT_CHOCOLATE_BAR_RATINGS_no_text_4","2026-09-03T02:19:04.000Z","13","finished","0.23728144767316317","REG_TEXT_CHOCOLATE_BAR_RATINGS","LightGBM 💡","intfloat/e5-small-v2","4"
"tabpfnv2p5_REG_TEXT_CHOCOLATE_BAR_RATINGS_all_3","2026-09-03T02:18:56.000Z","45","finished","0.26381775699501053","REG_TEXT_CHOCOLATE_BAR_RATINGS","TabPFN-v2p5 🇩🇪","intfloat/e5-small-v2","3"
"tabpfnv2p5_REG_TEXT_CHOCOLATE_BAR_RATINGS_no_text_3","2026-09-03T02:18:41.000Z","13","finished","0.2009243755061254","REG_TEXT_CHOCOLATE_BAR_RATINGS","TabPFN-v2p5 🇩🇪","intfloat/e5-small-v2","3"
"tabpfnv2_REG_TEXT_CHOCOLATE_BAR_RATINGS_all_3","2026-09-03T02:18:37.000Z","39","finished","0.25405619873523444","REG_TEXT_CHOCOLATE_BAR_RATINGS","TabPFN-v2 🤯","intfloat/e5-small-v2","3"
"tabpfnv2_REG_TEXT_CHOCOLATE_BAR_RATINGS_text_only_3","2026-09-03T02:18:31.000Z","43","finished","0.08312364722267729","REG_TEXT_CHOCOLATE_BAR_RATINGS","TabPFN-v2 🤯","intfloat/e5-small-v2","3"
"tabpfnv2_REG_TEXT_CHOCOLATE_BAR_RATINGS_no_text_3","2026-09-03T02:18:21.000Z","14","finished","0.1823753119748663","REG_TEXT_CHOCOLATE_BAR_RATINGS","TabPFN-v2 🤯","intfloat/e5-small-v2","3"
"tabm_REG_TEXT_CHOCOLATE_BAR_RATINGS_all_3","2026-09-03T02:18:17.000Z","43","finished","0.17970876284903048","REG_TEXT_CHOCOLATE_BAR_RATINGS","TabM Ⓜ️","intfloat/e5-small-v2","3"
"tabm_REG_TEXT_CHOCOLATE_BAR_RATINGS_text_only_3","2026-09-03T02:18:14.000Z","23","finished","0.04371633398989283","REG_TEXT_CHOCOLATE_BAR_RATINGS","TabM Ⓜ️","intfloat/e5-small-v2","3"
"tabm_REG_TEXT_CHOCOLATE_BAR_RATINGS_no_text_3","2026-09-03T02:18:10.000Z","14","finished","0.1230453948692587","REG_TEXT_CHOCOLATE_BAR_RATINGS","TabM Ⓜ️","intfloat/e5-small-v2","3"
"cat_REG_TEXT_CHOCOLATE_BAR_RATINGS_all_3","2026-09-03T02:18:09.000Z","61","finished","0.22616341695358655","REG_TEXT_CHOCOLATE_BAR_RATINGS","CatBoost 😸","intfloat/e5-small-v2","3"
"cat_REG_TEXT_CHOCOLATE_BAR_RATINGS_text_only_3","2026-09-03T02:17:57.000Z","61","finished","0.08541947611756506","REG_TEXT_CHOCOLATE_BAR_RATINGS","CatBoost 😸","intfloat/e5-small-v2","3"
"light_REG_TEXT_CHOCOLATE_BAR_RATINGS_all_3","2026-09-03T02:17:48.000Z","23","finished","0.14576228465078356","REG_TEXT_CHOCOLATE_BAR_RATINGS","LightGBM 💡","intfloat/e5-small-v2","3"
"cat_REG_TEXT_CHOCOLATE_BAR_RATINGS_no_text_3","2026-09-03T02:17:48.000Z","19","finished","0.14602658091110832","REG_TEXT_CHOCOLATE_BAR_RATINGS","CatBoost 😸","intfloat/e5-small-v2","3"
"light_REG_TEXT_CHOCOLATE_BAR_RATINGS_text_only_3","2026-09-03T02:17:44.000Z","34","finished","0.04655512302992737","REG_TEXT_CHOCOLATE_BAR_RATINGS","LightGBM 💡","intfloat/e5-small-v2","3"
"light_REG_TEXT_CHOCOLATE_BAR_RATINGS_no_text_3","2026-09-03T02:17:27.000Z","17","finished","0.10441462526368596","REG_TEXT_CHOCOLATE_BAR_RATINGS","LightGBM 💡","intfloat/e5-small-v2","3"
"tabpfnv2p5_REG_TEXT_WIKILIQ_PRICES_all_4","2026-09-03T02:08:44.000Z","434","finished","0.3662487373761428","REG_TEXT_WIKILIQ_PRICES","TabPFN-v2p5 🇩🇪","intfloat/e5-small-v2","4"
"tabpfnv2p5_REG_TEXT_WIKILIQ_PRICES_text_only_4","2026-09-03T02:07:35.000Z","637","finished","0.29092995032942537","REG_TEXT_WIKILIQ_PRICES","TabPFN-v2p5 🇩🇪","intfloat/e5-small-v2","4"
"tabpfnv2p5_REG_TEXT_WIKILIQ_PRICES_no_text_4","2026-09-03T02:07:14.000Z","16","finished","0.13060422986093445","REG_TEXT_WIKILIQ_PRICES","TabPFN-v2p5 🇩🇪","intfloat/e5-small-v2","4"
"tabpfnv2_REG_TEXT_WIKILIQ_PRICES_all_4","2026-09-03T02:06:59.000Z","695","finished","0.1095112836237726","REG_TEXT_WIKILIQ_PRICES","TabPFN-v2 🤯","intfloat/e5-small-v2","4"
"tabpfnv2_REG_TEXT_WIKILIQ_PRICES_text_only_4","2026-09-03T02:05:35.000Z","215","finished","0.06037971654790264","REG_TEXT_WIKILIQ_PRICES","TabPFN-v2 🤯","intfloat/e5-small-v2","4"
"tabpfnv2_REG_TEXT_WIKILIQ_PRICES_no_text_4","2026-09-03T02:05:14.000Z","14","finished","0.07311606770620194","REG_TEXT_WIKILIQ_PRICES","TabPFN-v2 🤯","intfloat/e5-small-v2","4"
"tabm_REG_TEXT_WIKILIQ_PRICES_all_4","2026-09-03T02:03:40.000Z","671","finished","0.1618821563124403","REG_TEXT_WIKILIQ_PRICES","TabM Ⓜ️","intfloat/e5-small-v2","4"
"tabm_REG_TEXT_WIKILIQ_PRICES_text_only_4","2026-09-03T02:03:09.000Z","329","finished","0.13841435701166327","REG_TEXT_WIKILIQ_PRICES","TabM Ⓜ️","intfloat/e5-small-v2","4"
"tabm_REG_TEXT_WIKILIQ_PRICES_no_text_4","2026-09-03T02:02:48.000Z","18","finished","0.14959289416606958","REG_TEXT_WIKILIQ_PRICES","TabM Ⓜ️","intfloat/e5-small-v2","4"
"cat_REG_TEXT_WIKILIQ_PRICES_all_4","2026-09-03T02:02:42.000Z","148","finished","0.13585152498848851","REG_TEXT_WIKILIQ_PRICES","CatBoost 😸","intfloat/e5-small-v2","4"
"cat_REG_TEXT_WIKILIQ_PRICES_text_only_4","2026-09-03T02:02:35.000Z","402","finished","0.1859257129114749","REG_TEXT_WIKILIQ_PRICES","CatBoost 😸","intfloat/e5-small-v2","4"
"cat_REG_TEXT_WIKILIQ_PRICES_no_text_4","2026-09-03T02:02:27.000Z","17","finished","0.151336397547975","REG_TEXT_WIKILIQ_PRICES","CatBoost 😸","intfloat/e5-small-v2","4"
"light_REG_TEXT_WIKILIQ_PRICES_all_4","2026-09-03T02:00:10.000Z","146","finished","-0.02558256284586613","REG_TEXT_WIKILIQ_PRICES","LightGBM 💡","intfloat/e5-small-v2","4"
"light_REG_TEXT_WIKILIQ_PRICES_text_only_4","2026-09-03T01:57:44.000Z","144","finished","-0.1274699842702356","REG_TEXT_WIKILIQ_PRICES","LightGBM 💡","intfloat/e5-small-v2","4"
"light_REG_TEXT_WIKILIQ_PRICES_no_text_4","2026-09-03T01:57:12.000Z","29","finished","0.07883930407064377","REG_TEXT_WIKILIQ_PRICES","LightGBM 💡","intfloat/e5-small-v2","4"
"tabpfnv2p5_REG_TEXT_WIKILIQ_PRICES_all_3","2026-09-03T01:56:45.000Z","902","finished","0.35215623754819936","REG_TEXT_WIKILIQ_PRICES","TabPFN-v2p5 🇩🇪","intfloat/e5-small-v2","3"
"tabpfnv2p5_REG_TEXT_WIKILIQ_PRICES_text_only_3","2026-09-03T01:56:38.000Z","632","finished","0.1369687167921515","REG_TEXT_WIKILIQ_PRICES","TabPFN-v2p5 🇩🇪","intfloat/e5-small-v2","3"
"tabpfnv2p5_REG_TEXT_WIKILIQ_PRICES_no_text_3","2026-09-03T01:56:17.000Z","17","finished","0.2804619739182096","REG_TEXT_WIKILIQ_PRICES","TabPFN-v2p5 🇩🇪","intfloat/e5-small-v2","3"
"tabpfnv2_REG_TEXT_WIKILIQ_PRICES_all_3","2026-09-03T01:55:37.000Z","676","finished","0.0931481311894703","REG_TEXT_WIKILIQ_PRICES","TabPFN-v2 🤯","intfloat/e5-small-v2","3"
"tabpfnv2_REG_TEXT_WIKILIQ_PRICES_text_only_3","2026-09-03T01:54:58.000Z","446","finished","0.04085071190693512","REG_TEXT_WIKILIQ_PRICES","TabPFN-v2 🤯","intfloat/e5-small-v2","3"
"tabpfnv2_REG_TEXT_WIKILIQ_PRICES_no_text_3","2026-09-03T01:54:36.000Z","17","finished","0.08343672732113816","REG_TEXT_WIKILIQ_PRICES","TabPFN-v2 🤯","intfloat/e5-small-v2","3"
"tabm_REG_TEXT_WIKILIQ_PRICES_all_3","2026-09-03T01:54:24.000Z","486","finished","0.30558330111770227","REG_TEXT_WIKILIQ_PRICES","TabM Ⓜ️","intfloat/e5-small-v2","3"
"tabm_REG_TEXT_WIKILIQ_PRICES_text_only_3","2026-09-03T01:54:14.000Z","175","finished","0.3543604338095441","REG_TEXT_WIKILIQ_PRICES","TabM Ⓜ️","intfloat/e5-small-v2","3"
"tabm_REG_TEXT_WIKILIQ_PRICES_no_text_3","2026-09-03T01:53:53.000Z","15","finished","0.30990494234235","REG_TEXT_WIKILIQ_PRICES","TabM Ⓜ️","intfloat/e5-small-v2","3"
"cat_REG_TEXT_WIKILIQ_PRICES_all_3","2026-09-03T01:50:45.000Z","183","finished","0.416811403662796","REG_TEXT_WIKILIQ_PRICES","CatBoost 😸","intfloat/e5-small-v2","3"
"cat_REG_TEXT_WIKILIQ_PRICES_text_only_3","2026-09-03T01:50:30.000Z","784","finished","0.027064466621229077","REG_TEXT_WIKILIQ_PRICES","CatBoost 😸","intfloat/e5-small-v2","3"
"cat_REG_TEXT_WIKILIQ_PRICES_no_text_3","2026-09-03T01:50:09.000Z","16","finished","0.2808954724944689","REG_TEXT_WIKILIQ_PRICES","CatBoost 😸","intfloat/e5-small-v2","3"
"light_REG_TEXT_WIKILIQ_PRICES_all_3","2026-09-03T01:48:04.000Z","388","finished","0.358851526186037","REG_TEXT_WIKILIQ_PRICES","LightGBM 💡","intfloat/e5-small-v2","3"
"light_REG_TEXT_WIKILIQ_PRICES_text_only_3","2026-09-03T01:47:47.000Z","172","finished","0.10727773909453409","REG_TEXT_WIKILIQ_PRICES","LightGBM 💡","intfloat/e5-small-v2","3"
"light_REG_TEXT_WIKILIQ_PRICES_no_text_3","2026-09-03T01:47:31.000Z","13","finished","0.1696407975511508","REG_TEXT_WIKILIQ_PRICES","LightGBM 💡","intfloat/e5-small-v2","3"
"tabpfnv2p5_MUL_TEXT_KOREAN_DRAMA_all_4","2026-09-03T01:19:04.000Z","143","finished","0.7315933385853255","MUL_TEXT_KOREAN_DRAMA","TabPFN-v2p5 🇩🇪","intfloat/e5-small-v2","4"
"tabpfnv2p5_MUL_TEXT_KOREAN_DRAMA_text_only_4","2026-09-03T01:18:55.000Z","77","finished","0.7373610125805322","MUL_TEXT_KOREAN_DRAMA","TabPFN-v2p5 🇩🇪","intfloat/e5-small-v2","4"
"tabpfnv2p5_MUL_TEXT_KOREAN_DRAMA_no_text_4","2026-09-03T01:18:45.000Z","30","finished","0.6276363198687077","MUL_TEXT_KOREAN_DRAMA","TabPFN-v2p5 🇩🇪","intfloat/e5-small-v2","4"
"tabpfnv2_MUL_TEXT_KOREAN_DRAMA_all_4","2026-09-03T01:18:27.000Z","51","finished","0.7326047025923506","MUL_TEXT_KOREAN_DRAMA","TabPFN-v2 🤯","intfloat/e5-small-v2","4"
"tabpfnv2_MUL_TEXT_KOREAN_DRAMA_text_only_4","2026-09-03T01:18:20.000Z","94","finished","0.7344077865491404","MUL_TEXT_KOREAN_DRAMA","TabPFN-v2 🤯","intfloat/e5-small-v2","4"
"tabpfnv2_MUL_TEXT_KOREAN_DRAMA_no_text_4","2026-09-03T01:18:06.000Z","14","finished","0.6342655218485589","MUL_TEXT_KOREAN_DRAMA","TabPFN-v2 🤯","intfloat/e5-small-v2","4"
"tabm_MUL_TEXT_KOREAN_DRAMA_all_4","2026-09-03T01:17:36.000Z","72","finished","0.6968014535574962","MUL_TEXT_KOREAN_DRAMA","TabM Ⓜ️","intfloat/e5-small-v2","4"
"tabm_MUL_TEXT_KOREAN_DRAMA_text_only_4","2026-09-03T01:17:23.000Z","138","finished","0.7237163304274412","MUL_TEXT_KOREAN_DRAMA","TabM Ⓜ️","intfloat/e5-small-v2","4"
"tabm_MUL_TEXT_KOREAN_DRAMA_no_text_4","2026-09-03T01:17:15.000Z","14","finished","0.611344969917969","MUL_TEXT_KOREAN_DRAMA","TabM Ⓜ️","intfloat/e5-small-v2","4"
"cat_MUL_TEXT_KOREAN_DRAMA_all_4","2026-09-03T01:17:13.000Z","48","finished","0.6977569595565052","MUL_TEXT_KOREAN_DRAMA","CatBoost 😸","intfloat/e5-small-v2","4"
"cat_MUL_TEXT_KOREAN_DRAMA_text_only_4","2026-09-03T01:17:13.000Z","120","finished","0.7152615472535475","MUL_TEXT_KOREAN_DRAMA","CatBoost 😸","intfloat/e5-small-v2","4"
"cat_MUL_TEXT_KOREAN_DRAMA_no_text_4","2026-09-03T01:17:02.000Z","15","finished","0.6026714816462992","MUL_TEXT_KOREAN_DRAMA","CatBoost 😸","intfloat/e5-small-v2","4"
"light_MUL_TEXT_KOREAN_DRAMA_all_4","2026-09-03T01:17:00.000Z","100","finished","0.659001994869419","MUL_TEXT_KOREAN_DRAMA","LightGBM 💡","intfloat/e5-small-v2","4"
"light_MUL_TEXT_KOREAN_DRAMA_text_only_4","2026-09-03T01:16:51.000Z","85","finished","0.6453266354358439","MUL_TEXT_KOREAN_DRAMA","LightGBM 💡","intfloat/e5-small-v2","4"
"light_MUL_TEXT_KOREAN_DRAMA_no_text_4","2026-09-03T01:16:41.000Z","15","finished","0.5775170174634652","MUL_TEXT_KOREAN_DRAMA","LightGBM 💡","intfloat/e5-small-v2","4"
"tabpfnv2p5_MUL_TEXT_KOREAN_DRAMA_all_3","2026-09-03T01:16:37.000Z","143","finished","0.7135095929026934","MUL_TEXT_KOREAN_DRAMA","TabPFN-v2p5 🇩🇪","intfloat/e5-small-v2","3"
"tabpfnv2p5_MUL_TEXT_KOREAN_DRAMA_no_text_3","2026-09-03T01:16:15.000Z","16","finished","0.7009772820262123","MUL_TEXT_KOREAN_DRAMA","TabPFN-v2p5 🇩🇪","intfloat/e5-small-v2","3"
"tabpfnv2_MUL_TEXT_KOREAN_DRAMA_all_3","2026-09-03T01:15:51.000Z","80","finished","0.7017366034742633","MUL_TEXT_KOREAN_DRAMA","TabPFN-v2 🤯","intfloat/e5-small-v2","3"
"tabpfnv2_MUL_TEXT_KOREAN_DRAMA_text_only_3","2026-09-03T01:15:33.000Z","47","finished","0.6990397585031158","MUL_TEXT_KOREAN_DRAMA","TabPFN-v2 🤯","intfloat/e5-small-v2","3"
"tabpfnv2_MUL_TEXT_KOREAN_DRAMA_no_text_3","2026-09-03T01:15:30.000Z","14","finished","0.6968584166432217","MUL_TEXT_KOREAN_DRAMA","TabPFN-v2 🤯","intfloat/e5-small-v2","3"
"tabm_MUL_TEXT_KOREAN_DRAMA_all_3","2026-09-03T01:15:28.000Z","98","finished","0.6925776010188389","MUL_TEXT_KOREAN_DRAMA","TabM Ⓜ️","intfloat/e5-small-v2","3"
"tabm_MUL_TEXT_KOREAN_DRAMA_text_only_3","2026-09-03T01:15:22.000Z","84","finished","0.6815461573616438","MUL_TEXT_KOREAN_DRAMA","TabM Ⓜ️","intfloat/e5-small-v2","3"
"tabm_MUL_TEXT_KOREAN_DRAMA_no_text_3","2026-09-03T01:15:06.000Z","13","finished","0.6537474616060928","MUL_TEXT_KOREAN_DRAMA","TabM Ⓜ️","intfloat/e5-small-v2","3"
"cat_MUL_TEXT_KOREAN_DRAMA_all_3","2026-09-03T01:14:39.000Z","139","finished","0.6515200096058357","MUL_TEXT_KOREAN_DRAMA","CatBoost 😸","intfloat/e5-small-v2","3"
"cat_MUL_TEXT_KOREAN_DRAMA_text_only_3","2026-09-03T01:14:30.000Z","61","finished","0.6566198232188566","MUL_TEXT_KOREAN_DRAMA","CatBoost 😸","intfloat/e5-small-v2","3"
"cat_MUL_TEXT_KOREAN_DRAMA_no_text_3","2026-09-03T01:14:23.000Z","14","finished","0.6700800424418293","MUL_TEXT_KOREAN_DRAMA","CatBoost 😸","intfloat/e5-small-v2","3"
"light_MUL_TEXT_KOREAN_DRAMA_all_3","2026-09-03T01:14:19.000Z","135","finished","0.679609696646226","MUL_TEXT_KOREAN_DRAMA","LightGBM 💡","intfloat/e5-small-v2","3"
"light_MUL_TEXT_KOREAN_DRAMA_text_only_3","2026-09-03T01:14:11.000Z","73","finished","0.6544412964961148","MUL_TEXT_KOREAN_DRAMA","LightGBM 💡","intfloat/e5-small-v2","3"
"light_MUL_TEXT_KOREAN_DRAMA_no_text_3","2026-09-03T01:13:58.000Z","15","finished","0.6459531783839972","MUL_TEXT_KOREAN_DRAMA","LightGBM 💡","intfloat/e5-small-v2","3"
"tabpfnv2p5_MUL_TEXT_AMERICAN_EAGLE_PRICES_text_only_4","2026-09-03T01:02:26.000Z","532","finished","0.9898995163137488","MUL_TEXT_AMERICAN_EAGLE_PRICES","TabPFN-v2p5 🇩🇪","intfloat/e5-small-v2","4"
"tabpfnv2p5_MUL_TEXT_AMERICAN_EAGLE_PRICES_no_text_4","2026-09-03T01:02:05.000Z","17","finished","0.994669718845661","MUL_TEXT_AMERICAN_EAGLE_PRICES","TabPFN-v2p5 🇩🇪","intfloat/e5-small-v2","4"
"tabpfnv2_MUL_TEXT_AMERICAN_EAGLE_PRICES_all_4","2026-09-03T01:01:12.000Z","614","finished","0.992580188941814","MUL_TEXT_AMERICAN_EAGLE_PRICES","TabPFN-v2 🤯","intfloat/e5-small-v2","4"
"tabpfnv2_MUL_TEXT_AMERICAN_EAGLE_PRICES_text_only_4","2026-09-03T00:59:48.000Z","173","finished","0.9848040011424466","MUL_TEXT_AMERICAN_EAGLE_PRICES","TabPFN-v2 🤯","intfloat/e5-small-v2","4"
"tabpfnv2_MUL_TEXT_AMERICAN_EAGLE_PRICES_no_text_4","2026-09-03T00:59:27.000Z","15","finished","0.9933910316738632","MUL_TEXT_AMERICAN_EAGLE_PRICES","TabPFN-v2 🤯","intfloat/e5-small-v2","4"
"tabm_MUL_TEXT_AMERICAN_EAGLE_PRICES_all_4","2026-09-03T00:58:59.000Z","353","finished","0.9954714026566164","MUL_TEXT_AMERICAN_EAGLE_PRICES","TabM Ⓜ️","intfloat/e5-small-v2","4"
"tabm_MUL_TEXT_AMERICAN_EAGLE_PRICES_text_only_4","2026-09-03T00:57:06.000Z","431","finished","0.9885570556324768","MUL_TEXT_AMERICAN_EAGLE_PRICES","TabM Ⓜ️","intfloat/e5-small-v2","4"
"tabm_MUL_TEXT_AMERICAN_EAGLE_PRICES_no_text_4","2026-09-03T00:56:40.000Z","19","finished","0.9906938202698856","MUL_TEXT_AMERICAN_EAGLE_PRICES","TabM Ⓜ️","intfloat/e5-small-v2","4"
"cat_MUL_TEXT_AMERICAN_EAGLE_PRICES_all_4","2026-09-03T00:56:34.000Z","729","finished","0.995979796318656","MUL_TEXT_AMERICAN_EAGLE_PRICES","CatBoost 😸","intfloat/e5-small-v2","4"
"cat_MUL_TEXT_AMERICAN_EAGLE_PRICES_text_only_4","2026-09-03T00:56:29.000Z","170","finished","0.9889550890651844","MUL_TEXT_AMERICAN_EAGLE_PRICES","CatBoost 😸","intfloat/e5-small-v2","4"
"cat_MUL_TEXT_AMERICAN_EAGLE_PRICES_no_text_4","2026-09-03T00:55:57.000Z","32","finished","0.9927598155376784","MUL_TEXT_AMERICAN_EAGLE_PRICES","CatBoost 😸","intfloat/e5-small-v2","4"
"light_MUL_TEXT_AMERICAN_EAGLE_PRICES_all_4","2026-09-03T00:54:26.000Z","453","finished","0.9961971870937522","MUL_TEXT_AMERICAN_EAGLE_PRICES","LightGBM 💡","intfloat/e5-small-v2","4"
"light_MUL_TEXT_AMERICAN_EAGLE_PRICES_text_only_4","2026-09-03T00:54:15.000Z","694","finished","0.9884595525635432","MUL_TEXT_AMERICAN_EAGLE_PRICES","LightGBM 💡","intfloat/e5-small-v2","4"
"light_MUL_TEXT_AMERICAN_EAGLE_PRICES_no_text_4","2026-09-03T00:54:05.000Z","14","finished","0.9945213870217972","MUL_TEXT_AMERICAN_EAGLE_PRICES","LightGBM 💡","intfloat/e5-small-v2","4"
"tabpfnv2p5_MUL_TEXT_AMERICAN_EAGLE_PRICES_text_only_3","2026-09-03T00:52:38.000Z","377","finished","0.992450650175796","MUL_TEXT_AMERICAN_EAGLE_PRICES","TabPFN-v2p5 🇩🇪","intfloat/e5-small-v2","3"
"tabpfnv2p5_MUL_TEXT_AMERICAN_EAGLE_PRICES_no_text_3","2026-09-03T00:52:17.000Z","16","finished","0.9949458699984264","MUL_TEXT_AMERICAN_EAGLE_PRICES","TabPFN-v2p5 🇩🇪","intfloat/e5-small-v2","3"
"tabpfnv2_MUL_TEXT_AMERICAN_EAGLE_PRICES_all_3","2026-09-03T00:50:54.000Z","180","finished","0.9953551896546649","MUL_TEXT_AMERICAN_EAGLE_PRICES","TabPFN-v2 🤯","intfloat/e5-small-v2","3"
"tabpfnv2_MUL_TEXT_AMERICAN_EAGLE_PRICES_text_only_3","2026-09-03T00:50:51.000Z","614","finished","0.9875761899338642","MUL_TEXT_AMERICAN_EAGLE_PRICES","TabPFN-v2 🤯","intfloat/e5-small-v2","3"
"tabpfnv2_MUL_TEXT_AMERICAN_EAGLE_PRICES_no_text_3","2026-09-03T00:50:33.000Z","15","finished","0.9937418681357608","MUL_TEXT_AMERICAN_EAGLE_PRICES","TabPFN-v2 🤯","intfloat/e5-small-v2","3"
"tabm_MUL_TEXT_AMERICAN_EAGLE_PRICES_all_3","2026-09-03T00:49:31.000Z","426","finished","0.9941488548848496","MUL_TEXT_AMERICAN_EAGLE_PRICES","TabM Ⓜ️","intfloat/e5-small-v2","3"
"tabm_MUL_TEXT_AMERICAN_EAGLE_PRICES_text_only_3","2026-09-03T00:47:56.000Z","154","finished","0.9909474518025756","MUL_TEXT_AMERICAN_EAGLE_PRICES","TabM Ⓜ️","intfloat/e5-small-v2","3"
"tabm_MUL_TEXT_AMERICAN_EAGLE_PRICES_no_text_3","2026-09-03T00:47:35.000Z","16","finished","0.9909107238834152","MUL_TEXT_AMERICAN_EAGLE_PRICES","TabM Ⓜ️","intfloat/e5-small-v2","3"
"cat_MUL_TEXT_AMERICAN_EAGLE_PRICES_all_3","2026-09-03T00:45:51.000Z","379","finished","0.997036369045861","MUL_TEXT_AMERICAN_EAGLE_PRICES","CatBoost 😸","intfloat/e5-small-v2","3"
"cat_MUL_TEXT_AMERICAN_EAGLE_PRICES_text_only_3","2026-09-03T00:45:48.000Z","493","finished","0.9912707437898484","MUL_TEXT_AMERICAN_EAGLE_PRICES","CatBoost 😸","intfloat/e5-small-v2","3"
"cat_MUL_TEXT_AMERICAN_EAGLE_PRICES_no_text_3","2026-09-03T00:45:19.000Z","28","finished","0.9936433006487284","MUL_TEXT_AMERICAN_EAGLE_PRICES","CatBoost 😸","intfloat/e5-small-v2","3"
"light_MUL_TEXT_AMERICAN_EAGLE_PRICES_all_3","2026-09-03T00:44:58.000Z","153","finished","0.9974809314972292","MUL_TEXT_AMERICAN_EAGLE_PRICES","LightGBM 💡","intfloat/e5-small-v2","3"
"light_MUL_TEXT_AMERICAN_EAGLE_PRICES_text_only_3","2026-09-03T00:44:23.000Z","688","finished","0.9913786052368788","MUL_TEXT_AMERICAN_EAGLE_PRICES","LightGBM 💡","intfloat/e5-small-v2","3"
"light_MUL_TEXT_AMERICAN_EAGLE_PRICES_no_text_3","2026-09-03T00:44:02.000Z","15","finished","0.9949800092159328","MUL_TEXT_AMERICAN_EAGLE_PRICES","LightGBM 💡","intfloat/e5-small-v2","3"
"tabpfnv2p5_MUL_TEXT_BOOKS_GOODREADS_text_only_4","2026-09-03T00:13:31.000Z","347","finished","0.7297257758494274","MUL_TEXT_BOOKS_GOODREADS","TabPFN-v2p5 🇩🇪","intfloat/e5-small-v2","4"
"tabpfnv2p5_MUL_TEXT_BOOKS_GOODREADS_no_text_4","2026-09-03T00:13:26.000Z","15","finished","0.7117803629207021","MUL_TEXT_BOOKS_GOODREADS","TabPFN-v2p5 🇩🇪","intfloat/e5-small-v2","4"
"tabpfnv2_MUL_TEXT_BOOKS_GOODREADS_all_4","2026-09-03T00:13:17.000Z","377","finished","0.7377390536805731","MUL_TEXT_BOOKS_GOODREADS","TabPFN-v2 🤯","intfloat/e5-small-v2","4"
"tabpfnv2_MUL_TEXT_BOOKS_GOODREADS_text_only_4","2026-09-03T00:12:27.000Z","273","finished","0.6952372462532789","MUL_TEXT_BOOKS_GOODREADS","TabPFN-v2 🤯","intfloat/e5-small-v2","4"
"tabpfnv2_MUL_TEXT_BOOKS_GOODREADS_no_text_4","2026-09-03T00:12:06.000Z","14","finished","0.7237207151683894","MUL_TEXT_BOOKS_GOODREADS","TabPFN-v2 🤯","intfloat/e5-small-v2","4"
"tabm_MUL_TEXT_BOOKS_GOODREADS_all_4","2026-09-03T00:12:05.000Z","93","finished","0.761470494426017","MUL_TEXT_BOOKS_GOODREADS","TabM Ⓜ️","intfloat/e5-small-v2","4"
"tabm_MUL_TEXT_BOOKS_GOODREADS_text_only_4","2026-09-03T00:11:49.000Z","394","finished","0.7002733559164284","MUL_TEXT_BOOKS_GOODREADS","TabM Ⓜ️","intfloat/e5-small-v2","4"
"tabm_MUL_TEXT_BOOKS_GOODREADS_no_text_4","2026-09-03T00:11:23.000Z","21","finished","0.7015260621794038","MUL_TEXT_BOOKS_GOODREADS","TabM Ⓜ️","intfloat/e5-small-v2","4"
"cat_MUL_TEXT_BOOKS_GOODREADS_all_4","2026-09-03T00:10:09.000Z","109","finished","0.7494206287118433","MUL_TEXT_BOOKS_GOODREADS","CatBoost 😸","intfloat/e5-small-v2","4"
"cat_MUL_TEXT_BOOKS_GOODREADS_text_only_4","2026-09-03T00:10:02.000Z","200","finished","0.6936601574651159","MUL_TEXT_BOOKS_GOODREADS","CatBoost 😸","intfloat/e5-small-v2","4"
"cat_MUL_TEXT_BOOKS_GOODREADS_no_text_4","2026-09-03T00:09:40.000Z","15","finished","0.7055114104842817","MUL_TEXT_BOOKS_GOODREADS","CatBoost 😸","intfloat/e5-small-v2","4"
"light_MUL_TEXT_BOOKS_GOODREADS_all_4","2026-09-03T00:09:15.000Z","386","finished","0.7738703223692429","MUL_TEXT_BOOKS_GOODREADS","LightGBM 💡","intfloat/e5-small-v2","4"
"light_MUL_TEXT_BOOKS_GOODREADS_text_only_4","2026-09-03T00:09:05.000Z","262","finished","0.730867291047058","MUL_TEXT_BOOKS_GOODREADS","LightGBM 💡","intfloat/e5-small-v2","4"
"light_MUL_TEXT_BOOKS_GOODREADS_no_text_4","2026-09-03T00:08:48.000Z","14","finished","0.7119852582573062","MUL_TEXT_BOOKS_GOODREADS","LightGBM 💡","intfloat/e5-small-v2","4"
"tabpfnv2p5_MUL_TEXT_BOOKS_GOODREADS_text_only_3","2026-09-03T00:07:58.000Z","312","finished","0.7524212235533487","MUL_TEXT_BOOKS_GOODREADS","TabPFN-v2p5 🇩🇪","intfloat/e5-small-v2","3"
"tabpfnv2p5_MUL_TEXT_BOOKS_GOODREADS_no_text_3","2026-09-03T00:07:36.000Z","14","finished","0.7194566163950585","MUL_TEXT_BOOKS_GOODREADS","TabPFN-v2p5 🇩🇪","intfloat/e5-small-v2","3"
"tabpfnv2_MUL_TEXT_BOOKS_GOODREADS_all_3","2026-09-03T00:07:23.000Z","277","finished","0.7467684070817966","MUL_TEXT_BOOKS_GOODREADS","TabPFN-v2 🤯","intfloat/e5-small-v2","3"
"tabpfnv2_MUL_TEXT_BOOKS_GOODREADS_text_only_3","2026-09-03T00:06:39.000Z","111","finished","0.712940565929164","MUL_TEXT_BOOKS_GOODREADS","TabPFN-v2 🤯","intfloat/e5-small-v2","3"
"tabpfnv2_MUL_TEXT_BOOKS_GOODREADS_no_text_3","2026-09-03T00:06:17.000Z","15","finished","0.7198791831411614","MUL_TEXT_BOOKS_GOODREADS","TabPFN-v2 🤯","intfloat/e5-small-v2","3"
"tabm_MUL_TEXT_BOOKS_GOODREADS_all_3","2026-09-03T00:06:16.000Z","198","finished","0.7657333785129546","MUL_TEXT_BOOKS_GOODREADS","TabM Ⓜ️","intfloat/e5-small-v2","3"
"tabm_MUL_TEXT_BOOKS_GOODREADS_text_only_3","2026-09-03T00:04:46.000Z","393","finished","0.7402700559418204","MUL_TEXT_BOOKS_GOODREADS","TabM Ⓜ️","intfloat/e5-small-v2","3"
"tabm_MUL_TEXT_BOOKS_GOODREADS_no_text_3","2026-09-03T00:04:19.000Z","23","finished","0.7062830989745975","MUL_TEXT_BOOKS_GOODREADS","TabM Ⓜ️","intfloat/e5-small-v2","3"
"cat_MUL_TEXT_BOOKS_GOODREADS_all_3","2026-09-03T00:04:15.000Z","116","finished","0.8004509892911221","MUL_TEXT_BOOKS_GOODREADS","CatBoost 😸","intfloat/e5-small-v2","3"
"cat_MUL_TEXT_BOOKS_GOODREADS_text_only_3","2026-09-03T00:04:01.000Z","283","finished","0.7565086795112496","MUL_TEXT_BOOKS_GOODREADS","CatBoost 😸","intfloat/e5-small-v2","3"
"cat_MUL_TEXT_BOOKS_GOODREADS_no_text_3","2026-09-03T00:03:58.000Z","16","finished","0.7174996007960357","MUL_TEXT_BOOKS_GOODREADS","CatBoost 😸","intfloat/e5-small-v2","3"
"light_MUL_TEXT_BOOKS_GOODREADS_all_3","2026-09-03T00:03:18.000Z","238","finished","0.7920453767410908","MUL_TEXT_BOOKS_GOODREADS","LightGBM 💡","intfloat/e5-small-v2","3"
"light_MUL_TEXT_BOOKS_GOODREADS_text_only_3","2026-09-03T00:02:57.000Z","195","finished","0.7462664083844422","MUL_TEXT_BOOKS_GOODREADS","LightGBM 💡","intfloat/e5-small-v2","3"
"light_MUL_TEXT_BOOKS_GOODREADS_no_text_3","2026-09-03T00:02:41.000Z","13","finished","0.7038763392864923","MUL_TEXT_BOOKS_GOODREADS","LightGBM 💡","intfloat/e5-small-v2","3"
"tabpfnv2p5_BIN_TEXT_CALIFORNIA_PRICES_text_only_4","2026-09-02T23:31:40.000Z","1816","finished","0.9610904610904611","BIN_TEXT_CALIFORNIA_PRICES","TabPFN-v2p5 🇩🇪","intfloat/e5-small-v2","4"
"tabpfnv2p5_BIN_TEXT_CALIFORNIA_PRICES_no_text_4","2026-09-02T23:31:13.000Z","23","finished","0.9909664909664908","BIN_TEXT_CALIFORNIA_PRICES","TabPFN-v2p5 🇩🇪","intfloat/e5-small-v2","4"
"tabpfnv2_BIN_TEXT_CALIFORNIA_PRICES_all_4","2026-09-02T23:28:59.000Z","1824","finished","0.9918034918034916","BIN_TEXT_CALIFORNIA_PRICES","TabPFN-v2 🤯","intfloat/e5-small-v2","4"
"tabpfnv2_BIN_TEXT_CALIFORNIA_PRICES_text_only_4","2026-09-02T23:26:27.000Z","1635","finished","0.9515984515984516","BIN_TEXT_CALIFORNIA_PRICES","TabPFN-v2 🤯","intfloat/e5-small-v2","4"
"tabpfnv2_BIN_TEXT_CALIFORNIA_PRICES_no_text_4","2026-09-02T23:25:54.000Z","27","finished","0.9894399894399896","BIN_TEXT_CALIFORNIA_PRICES","TabPFN-v2 🤯","intfloat/e5-small-v2","4"
"tabm_BIN_TEXT_CALIFORNIA_PRICES_all_4","2026-09-02T23:24:46.000Z","474","finished","0.9902289902289902","BIN_TEXT_CALIFORNIA_PRICES","TabM Ⓜ️","intfloat/e5-small-v2","4"
"tabm_BIN_TEXT_CALIFORNIA_PRICES_text_only_4","2026-09-02T23:16:45.000Z","478","finished","0.9534849534849535","BIN_TEXT_CALIFORNIA_PRICES","TabM Ⓜ️","intfloat/e5-small-v2","4"
"tabm_BIN_TEXT_CALIFORNIA_PRICES_no_text_4","2026-09-02T23:16:24.000Z","17","finished","0.989033989033989","BIN_TEXT_CALIFORNIA_PRICES","TabM Ⓜ️","intfloat/e5-small-v2","4"
"cat_BIN_TEXT_CALIFORNIA_PRICES_all_4","2026-09-02T23:14:56.000Z","1122","finished","0.9915899915899916","BIN_TEXT_CALIFORNIA_PRICES","CatBoost 😸","intfloat/e5-small-v2","4"
"cat_BIN_TEXT_CALIFORNIA_PRICES_text_only_4","2026-09-02T23:10:53.000Z","2370","finished","0.9574699574699576","BIN_TEXT_CALIFORNIA_PRICES","CatBoost 😸","intfloat/e5-small-v2","4"
"cat_BIN_TEXT_CALIFORNIA_PRICES_no_text_4","2026-09-02T23:10:32.000Z","18","finished","0.9890639890639892","BIN_TEXT_CALIFORNIA_PRICES","CatBoost 😸","intfloat/e5-small-v2","4"
"light_BIN_TEXT_CALIFORNIA_PRICES_all_4","2026-09-02T23:08:28.000Z","470","finished","0.9916179916179916","BIN_TEXT_CALIFORNIA_PRICES","LightGBM 💡","intfloat/e5-small-v2","4"
"light_BIN_TEXT_CALIFORNIA_PRICES_text_only_4","2026-09-02T23:02:10.000Z","2281","finished","0.9552809552809552","BIN_TEXT_CALIFORNIA_PRICES","LightGBM 💡","intfloat/e5-small-v2","4"
"light_BIN_TEXT_CALIFORNIA_PRICES_no_text_4","2026-09-02T23:01:49.000Z","15","finished","0.9891849891849892","BIN_TEXT_CALIFORNIA_PRICES","LightGBM 💡","intfloat/e5-small-v2","4"
"tabpfnv2p5_BIN_TEXT_CALIFORNIA_PRICES_text_only_3","2026-09-02T23:00:51.000Z","1815","finished","0.9596764596764596","BIN_TEXT_CALIFORNIA_PRICES","TabPFN-v2p5 🇩🇪","intfloat/e5-small-v2","3"
"tabpfnv2_BIN_TEXT_CALIFORNIA_PRICES_all_3","2026-09-02T22:58:42.000Z","1811","finished","0.9916774916774918","BIN_TEXT_CALIFORNIA_PRICES","TabPFN-v2 🤯","intfloat/e5-small-v2","3"
"tabpfnv2_BIN_TEXT_CALIFORNIA_PRICES_text_only_3","2026-09-02T22:58:34.000Z","1634","finished","0.9509304509304508","BIN_TEXT_CALIFORNIA_PRICES","TabPFN-v2 🤯","intfloat/e5-small-v2","3"
"tabpfnv2_BIN_TEXT_CALIFORNIA_PRICES_no_text_3","2026-09-02T22:58:03.000Z","26","finished","0.9883479883479884","BIN_TEXT_CALIFORNIA_PRICES","TabPFN-v2 🤯","intfloat/e5-small-v2","3"
"tabm_BIN_TEXT_CALIFORNIA_PRICES_all_3","2026-09-02T22:56:16.000Z","1118","finished","0.987993987993988","BIN_TEXT_CALIFORNIA_PRICES","TabM Ⓜ️","intfloat/e5-small-v2","3"
"tabm_BIN_TEXT_CALIFORNIA_PRICES_text_only_3","2026-09-02T22:52:37.000Z","479","finished","0.9535769535769536","BIN_TEXT_CALIFORNIA_PRICES","TabM Ⓜ️","intfloat/e5-small-v2","3"
"tabm_BIN_TEXT_CALIFORNIA_PRICES_no_text_3","2026-09-02T22:52:11.000Z","19","finished","0.986057986057986","BIN_TEXT_CALIFORNIA_PRICES","TabM Ⓜ️","intfloat/e5-small-v2","3"
"cat_BIN_TEXT_CALIFORNIA_PRICES_all_3","2026-09-02T22:43:46.000Z","501","finished","0.9882909882909882","BIN_TEXT_CALIFORNIA_PRICES","CatBoost 😸","intfloat/e5-small-v2","3"
"cat_BIN_TEXT_CALIFORNIA_PRICES_text_only_3","2026-09-02T22:37:20.000Z","1132","finished","0.9574579574579576","BIN_TEXT_CALIFORNIA_PRICES","CatBoost 😸","intfloat/e5-small-v2","3"
"cat_BIN_TEXT_CALIFORNIA_PRICES_no_text_3","2026-09-02T22:36:59.000Z","17","finished","0.9869359869359868","BIN_TEXT_CALIFORNIA_PRICES","CatBoost 😸","intfloat/e5-small-v2","3"
"light_BIN_TEXT_CALIFORNIA_PRICES_all_3","2026-09-02T22:35:29.000Z","494","finished","0.9893919893919894","BIN_TEXT_CALIFORNIA_PRICES","LightGBM 💡","intfloat/e5-small-v2","3"
"light_BIN_TEXT_CALIFORNIA_PRICES_text_only_3","2026-09-02T22:34:56.000Z","1380","finished","0.9533749533749534","BIN_TEXT_CALIFORNIA_PRICES","LightGBM 💡","intfloat/e5-small-v2","3"
"light_BIN_TEXT_CALIFORNIA_PRICES_no_text_3","2026-09-02T22:34:35.000Z","14","finished","0.9867509867509868","BIN_TEXT_CALIFORNIA_PRICES","LightGBM 💡","intfloat/e5-small-v2","3"
"tabpfnv2p5_MUL_TEXT_MELBOURNE_AIRBNB_all_4","2026-09-02T03:12:23.000Z","1433","finished","0.8353093343730416","MUL_TEXT_MELBOURNE_AIRBNB","TabPFN-v2p5 🇩🇪","intfloat/e5-small-v2","4"
"tabpfnv2p5_MUL_TEXT_MELBOURNE_AIRBNB_text_only_4","2026-09-02T03:11:31.000Z","1433","finished","0.7690498916441845","MUL_TEXT_MELBOURNE_AIRBNB","TabPFN-v2p5 🇩🇪","intfloat/e5-small-v2","4"
"tabpfnv2p5_MUL_TEXT_MELBOURNE_AIRBNB_no_text_4","2026-09-02T03:10:59.000Z","27","finished","0.8527811412820755","MUL_TEXT_MELBOURNE_AIRBNB","TabPFN-v2p5 🇩🇪","intfloat/e5-small-v2","4"
"tabpfnv2_MUL_TEXT_MELBOURNE_AIRBNB_all_4","2026-09-02T03:10:56.000Z","1439","finished","0.8470574442306322","MUL_TEXT_MELBOURNE_AIRBNB","TabPFN-v2 🤯","intfloat/e5-small-v2","4"
"tabpfnv2_MUL_TEXT_MELBOURNE_AIRBNB_text_only_4","2026-09-02T02:54:46.000Z","1393","finished","0.7883048111786921","MUL_TEXT_MELBOURNE_AIRBNB","TabPFN-v2 🤯","intfloat/e5-small-v2","4"
"tabpfnv2_MUL_TEXT_MELBOURNE_AIRBNB_no_text_4","2026-09-02T02:54:14.000Z","28","finished","0.8367646491209744","MUL_TEXT_MELBOURNE_AIRBNB","TabPFN-v2 🤯","intfloat/e5-small-v2","4"
"tabm_MUL_TEXT_MELBOURNE_AIRBNB_all_4","2026-09-02T02:50:31.000Z","1348","finished","0.8469982755953526","MUL_TEXT_MELBOURNE_AIRBNB","TabM Ⓜ️","intfloat/e5-small-v2","4"
"tabm_MUL_TEXT_MELBOURNE_AIRBNB_text_only_4","2026-09-02T02:48:27.000Z","1347","finished","0.7967254782248221","MUL_TEXT_MELBOURNE_AIRBNB","TabM Ⓜ️","intfloat/e5-small-v2","4"
"tabm_MUL_TEXT_MELBOURNE_AIRBNB_no_text_4","2026-09-02T02:47:55.000Z","27","finished","0.8411049250741494","MUL_TEXT_MELBOURNE_AIRBNB","TabM Ⓜ️","intfloat/e5-small-v2","4"
"cat_MUL_TEXT_MELBOURNE_AIRBNB_all_4","2026-09-02T02:47:30.000Z","1487","finished","0.8393704620134372","MUL_TEXT_MELBOURNE_AIRBNB","CatBoost 😸","intfloat/e5-small-v2","4"
"cat_MUL_TEXT_MELBOURNE_AIRBNB_text_only_4","2026-09-02T02:46:34.000Z","1459","finished","0.7743895418039266","MUL_TEXT_MELBOURNE_AIRBNB","CatBoost 😸","intfloat/e5-small-v2","4"
"cat_MUL_TEXT_MELBOURNE_AIRBNB_no_text_4","2026-09-02T02:46:11.000Z","72","finished","0.8316175439745621","MUL_TEXT_MELBOURNE_AIRBNB","CatBoost 😸","intfloat/e5-small-v2","4"
"light_MUL_TEXT_MELBOURNE_AIRBNB_all_4","2026-09-02T02:33:09.000Z","1259","finished","0.8183995415806568","MUL_TEXT_MELBOURNE_AIRBNB","LightGBM 💡","intfloat/e5-small-v2","4"
"light_MUL_TEXT_MELBOURNE_AIRBNB_text_only_4","2026-09-02T02:28:46.000Z","1302","finished","0.7528690242912942","MUL_TEXT_MELBOURNE_AIRBNB","LightGBM 💡","intfloat/e5-small-v2","4"
"light_MUL_TEXT_MELBOURNE_AIRBNB_no_text_4","2026-09-02T02:28:20.000Z","19","finished","0.8190362935222705","MUL_TEXT_MELBOURNE_AIRBNB","LightGBM 💡","intfloat/e5-small-v2","4"
"tabpfnv2p5_MUL_TEXT_MELBOURNE_AIRBNB_all_3","2026-09-02T02:23:50.000Z","1439","finished","0.8503602408397519","MUL_TEXT_MELBOURNE_AIRBNB","TabPFN-v2p5 🇩🇪","intfloat/e5-small-v2","3"
"tabpfnv2p5_MUL_TEXT_MELBOURNE_AIRBNB_text_only_3","2026-09-02T02:22:48.000Z","1423","finished","0.7748758925664991","MUL_TEXT_MELBOURNE_AIRBNB","TabPFN-v2p5 🇩🇪","intfloat/e5-small-v2","3"
"tabpfnv2p5_MUL_TEXT_MELBOURNE_AIRBNB_no_text_3","2026-09-02T02:22:17.000Z","26","finished","0.8626790122443643","MUL_TEXT_MELBOURNE_AIRBNB","TabPFN-v2p5 🇩🇪","intfloat/e5-small-v2","3"
"tabpfnv2_MUL_TEXT_MELBOURNE_AIRBNB_all_3","2026-09-02T02:21:55.000Z","1452","finished","0.8556850592688605","MUL_TEXT_MELBOURNE_AIRBNB","TabPFN-v2 🤯","intfloat/e5-small-v2","3"
"tabpfnv2_MUL_TEXT_MELBOURNE_AIRBNB_text_only_3","2026-09-02T02:09:52.000Z","1394","finished","0.7926537857536717","MUL_TEXT_MELBOURNE_AIRBNB","TabPFN-v2 🤯","intfloat/e5-small-v2","3"
"tabpfnv2_MUL_TEXT_MELBOURNE_AIRBNB_no_text_3","2026-09-02T02:09:20.000Z","28","finished","0.847329978484859","MUL_TEXT_MELBOURNE_AIRBNB","TabPFN-v2 🤯","intfloat/e5-small-v2","3"
"tabm_MUL_TEXT_MELBOURNE_AIRBNB_all_3","2026-09-02T02:05:55.000Z","1343","finished","0.8553848785105735","MUL_TEXT_MELBOURNE_AIRBNB","TabM Ⓜ️","intfloat/e5-small-v2","3"
"tabm_MUL_TEXT_MELBOURNE_AIRBNB_text_only_3","2026-09-02T01:59:18.000Z","1354","finished","0.8095894768571593","MUL_TEXT_MELBOURNE_AIRBNB","TabM Ⓜ️","intfloat/e5-small-v2","3"
"tabm_MUL_TEXT_MELBOURNE_AIRBNB_no_text_3","2026-09-02T01:58:52.000Z","24","finished","0.8479885960804321","MUL_TEXT_MELBOURNE_AIRBNB","TabM Ⓜ️","intfloat/e5-small-v2","3"
"cat_MUL_TEXT_MELBOURNE_AIRBNB_all_3","2026-09-02T01:58:47.000Z","1497","finished","0.8429072522613819","MUL_TEXT_MELBOURNE_AIRBNB","CatBoost 😸","intfloat/e5-small-v2","3"
"cat_MUL_TEXT_MELBOURNE_AIRBNB_text_only_3","2026-09-02T01:57:52.000Z","1460","finished","0.7883194183072305","MUL_TEXT_MELBOURNE_AIRBNB","CatBoost 😸","intfloat/e5-small-v2","3"
"cat_MUL_TEXT_MELBOURNE_AIRBNB_no_text_3","2026-09-02T01:57:34.000Z","69","finished","0.8404591764867323","MUL_TEXT_MELBOURNE_AIRBNB","CatBoost 😸","intfloat/e5-small-v2","3"
"light_MUL_TEXT_MELBOURNE_AIRBNB_all_3","2026-09-02T01:48:19.000Z","1257","finished","0.8276403505639449","MUL_TEXT_MELBOURNE_AIRBNB","LightGBM 💡","intfloat/e5-small-v2","3"
"light_MUL_TEXT_MELBOURNE_AIRBNB_text_only_3","2026-09-02T01:44:14.000Z","1299","finished","0.7684949067882323","MUL_TEXT_MELBOURNE_AIRBNB","LightGBM 💡","intfloat/e5-small-v2","3"
"light_MUL_TEXT_MELBOURNE_AIRBNB_no_text_3","2026-09-02T01:43:47.000Z","21","finished","0.8244061907561246","MUL_TEXT_MELBOURNE_AIRBNB","LightGBM 💡","intfloat/e5-small-v2","3"
"tabpfnv2p5_BIN_TEXT_IMDB_GENRE_all_4","2026-09-01T23:29:58.000Z","34","finished","0.86875","BIN_TEXT_IMDB_GENRE","TabPFN-v2p5 🇩🇪","intfloat/e5-small-v2","4"
"tabpfnv2p5_BIN_TEXT_IMDB_GENRE_text_only_4","2026-09-01T23:29:57.000Z","37","finished","0.7931547619047619","BIN_TEXT_IMDB_GENRE","TabPFN-v2p5 🇩🇪","intfloat/e5-small-v2","4"
"tabpfnv2p5_BIN_TEXT_IMDB_GENRE_no_text_4","2026-09-01T23:29:54.000Z","15","finished","0.8529761904761904","BIN_TEXT_IMDB_GENRE","TabPFN-v2p5 🇩🇪","intfloat/e5-small-v2","4"
"tabpfnv2_BIN_TEXT_IMDB_GENRE_all_4","2026-09-01T23:29:47.000Z","37","finished","0.8601190476190477","BIN_TEXT_IMDB_GENRE","TabPFN-v2 🤯","intfloat/e5-small-v2","4"
"tabpfnv2_BIN_TEXT_IMDB_GENRE_text_only_4","2026-09-01T23:29:38.000Z","37","finished","0.8047619047619048","BIN_TEXT_IMDB_GENRE","TabPFN-v2 🤯","intfloat/e5-small-v2","4"
"tabpfnv2_BIN_TEXT_IMDB_GENRE_no_text_4","2026-09-01T23:29:33.000Z","16","finished","0.8476190476190476","BIN_TEXT_IMDB_GENRE","TabPFN-v2 🤯","intfloat/e5-small-v2","4"
"tabm_BIN_TEXT_IMDB_GENRE_all_4","2026-09-01T23:29:20.000Z","34","finished","0.8142857142857143","BIN_TEXT_IMDB_GENRE","TabM Ⓜ️","intfloat/e5-small-v2","4"
"tabm_BIN_TEXT_IMDB_GENRE_text_only_4","2026-09-01T23:29:15.000Z","35","finished","0.7839285714285714","BIN_TEXT_IMDB_GENRE","TabM Ⓜ️","intfloat/e5-small-v2","4"
"tabm_BIN_TEXT_IMDB_GENRE_no_text_4","2026-09-01T23:29:12.000Z","14","finished","0.8172619047619047","BIN_TEXT_IMDB_GENRE","TabM Ⓜ️","intfloat/e5-small-v2","4"
"cat_BIN_TEXT_IMDB_GENRE_all_4","2026-09-01T23:29:05.000Z","36","finished","0.8309523809523809","BIN_TEXT_IMDB_GENRE","CatBoost 😸","intfloat/e5-small-v2","4"
"cat_BIN_TEXT_IMDB_GENRE_text_only_4","2026-09-01T23:28:56.000Z","36","finished","0.7172619047619048","BIN_TEXT_IMDB_GENRE","CatBoost 😸","intfloat/e5-small-v2","4"
"cat_BIN_TEXT_IMDB_GENRE_no_text_4","2026-09-01T23:28:51.000Z","15","finished","0.830952380952381","BIN_TEXT_IMDB_GENRE","CatBoost 😸","intfloat/e5-small-v2","4"
"light_BIN_TEXT_IMDB_GENRE_all_4","2026-09-01T23:28:44.000Z","32","finished","0.7785714285714286","BIN_TEXT_IMDB_GENRE","LightGBM 💡","intfloat/e5-small-v2","4"
"light_BIN_TEXT_IMDB_GENRE_text_only_4","2026-09-01T23:28:39.000Z","33","finished","0.6988095238095239","BIN_TEXT_IMDB_GENRE","LightGBM 💡","intfloat/e5-small-v2","4"
"light_BIN_TEXT_IMDB_GENRE_no_text_4","2026-09-01T23:28:30.000Z","14","finished","0.7988095238095239","BIN_TEXT_IMDB_GENRE","LightGBM 💡","intfloat/e5-small-v2","4"
"tabpfnv2p5_BIN_TEXT_IMDB_GENRE_all_3","2026-09-01T23:28:23.000Z","36","finished","0.8982142857142857","BIN_TEXT_IMDB_GENRE","TabPFN-v2p5 🇩🇪","intfloat/e5-small-v2","3"
"tabpfnv2p5_BIN_TEXT_IMDB_GENRE_text_only_3","2026-09-01T23:28:13.000Z","36","finished","0.8303571428571428","BIN_TEXT_IMDB_GENRE","TabPFN-v2p5 🇩🇪","intfloat/e5-small-v2","3"
"tabpfnv2p5_BIN_TEXT_IMDB_GENRE_no_text_3","2026-09-01T23:28:09.000Z","14","finished","0.8910714285714285","BIN_TEXT_IMDB_GENRE","TabPFN-v2p5 🇩🇪","intfloat/e5-small-v2","3"
"tabpfnv2_BIN_TEXT_IMDB_GENRE_all_3","2026-09-01T23:28:01.000Z","36","finished","0.886904761904762","BIN_TEXT_IMDB_GENRE","TabPFN-v2 🤯","intfloat/e5-small-v2","3"
"tabpfnv2_BIN_TEXT_IMDB_GENRE_text_only_3","2026-09-01T23:27:57.000Z","37","finished","0.8199404761904762","BIN_TEXT_IMDB_GENRE","TabPFN-v2 🤯","intfloat/e5-small-v2","3"
"tabpfnv2_BIN_TEXT_IMDB_GENRE_no_text_3","2026-09-01T23:27:52.000Z","15","finished","0.8827380952380952","BIN_TEXT_IMDB_GENRE","TabPFN-v2 🤯","intfloat/e5-small-v2","3"
"tabm_BIN_TEXT_IMDB_GENRE_all_3","2026-09-01T23:27:41.000Z","34","finished","0.8773809523809524","BIN_TEXT_IMDB_GENRE","TabM Ⓜ️","intfloat/e5-small-v2","3"
"tabm_BIN_TEXT_IMDB_GENRE_text_only_3","2026-09-01T23:27:32.000Z","34","finished","0.8267857142857142","BIN_TEXT_IMDB_GENRE","TabM Ⓜ️","intfloat/e5-small-v2","3"
"tabm_BIN_TEXT_IMDB_GENRE_no_text_3","2026-09-01T23:27:31.000Z","14","finished","0.8803571428571428","BIN_TEXT_IMDB_GENRE","TabM Ⓜ️","intfloat/e5-small-v2","3"
"cat_BIN_TEXT_IMDB_GENRE_all_3","2026-09-01T23:27:25.000Z","34","finished","0.863095238095238","BIN_TEXT_IMDB_GENRE","CatBoost 😸","intfloat/e5-small-v2","3"
"cat_BIN_TEXT_IMDB_GENRE_text_only_3","2026-09-01T23:27:15.000Z","35","finished","0.8125000000000001","BIN_TEXT_IMDB_GENRE","CatBoost 😸","intfloat/e5-small-v2","3"
"cat_BIN_TEXT_IMDB_GENRE_no_text_3","2026-09-01T23:27:10.000Z","14","finished","0.8958333333333334","BIN_TEXT_IMDB_GENRE","CatBoost 😸","intfloat/e5-small-v2","3"
"light_BIN_TEXT_IMDB_GENRE_all_3","2026-09-01T23:27:04.000Z","34","finished","0.8452380952380953","BIN_TEXT_IMDB_GENRE","LightGBM 💡","intfloat/e5-small-v2","3"
"light_BIN_TEXT_IMDB_GENRE_text_only_3","2026-09-01T23:26:55.000Z","33","finished","0.7702380952380953","BIN_TEXT_IMDB_GENRE","LightGBM 💡","intfloat/e5-small-v2","3"
"light_BIN_TEXT_IMDB_GENRE_no_text_3","2026-09-01T23:26:54.000Z","14","finished","0.8363095238095238","BIN_TEXT_IMDB_GENRE","LightGBM 💡","intfloat/e5-small-v2","3"
"tabpfnv2p5_MUL_TEXT_NEWS_CHANNEL_all_4","2026-09-01T23:21:01.000Z","93","finished","0.8215064953354795","MUL_TEXT_NEWS_CHANNEL","TabPFN-v2p5 🇩🇪","intfloat/e5-small-v2","4"
"tabpfnv2p5_MUL_TEXT_NEWS_CHANNEL_text_only_4","2026-09-01T23:20:51.000Z","90","finished","0.6159514549308001","MUL_TEXT_NEWS_CHANNEL","TabPFN-v2p5 🇩🇪","intfloat/e5-small-v2","4"
"tabpfnv2p5_MUL_TEXT_NEWS_CHANNEL_no_text_4","2026-09-01T23:20:30.000Z","18","finished","0.8136531934872671","MUL_TEXT_NEWS_CHANNEL","TabPFN-v2p5 🇩🇪","intfloat/e5-small-v2","4"
"tabpfnv2_MUL_TEXT_NEWS_CHANNEL_all_4","2026-09-01T23:20:24.000Z","96","finished","0.8133659009260789","MUL_TEXT_NEWS_CHANNEL","TabPFN-v2 🤯","intfloat/e5-small-v2","4"
"tabpfnv2_MUL_TEXT_NEWS_CHANNEL_text_only_4","2026-09-01T23:20:09.000Z","89","finished","0.6102962182258767","MUL_TEXT_NEWS_CHANNEL","TabPFN-v2 🤯","intfloat/e5-small-v2","4"
"tabpfnv2_MUL_TEXT_NEWS_CHANNEL_no_text_4","2026-09-01T23:19:48.000Z","17","finished","0.8078380514881731","MUL_TEXT_NEWS_CHANNEL","TabPFN-v2 🤯","intfloat/e5-small-v2","4"
"tabm_MUL_TEXT_NEWS_CHANNEL_all_4","2026-09-01T23:19:37.000Z","94","finished","0.8038096552870589","MUL_TEXT_NEWS_CHANNEL","TabM Ⓜ️","intfloat/e5-small-v2","4"
"tabm_MUL_TEXT_NEWS_CHANNEL_text_only_4","2026-09-01T23:19:27.000Z","87","finished","0.6127581377784718","MUL_TEXT_NEWS_CHANNEL","TabM Ⓜ️","intfloat/e5-small-v2","4"
"tabm_MUL_TEXT_NEWS_CHANNEL_no_text_4","2026-09-01T23:19:11.000Z","20","finished","0.7944959356694139","MUL_TEXT_NEWS_CHANNEL","TabM Ⓜ️","intfloat/e5-small-v2","4"
"cat_MUL_TEXT_NEWS_CHANNEL_all_4","2026-09-01T23:18:56.000Z","89","finished","0.7962896992504372","MUL_TEXT_NEWS_CHANNEL","CatBoost 😸","intfloat/e5-small-v2","4"
"cat_MUL_TEXT_NEWS_CHANNEL_text_only_4","2026-09-01T23:18:55.000Z","87","finished","0.6077090091638953","MUL_TEXT_NEWS_CHANNEL","CatBoost 😸","intfloat/e5-small-v2","4"
"cat_MUL_TEXT_NEWS_CHANNEL_no_text_4","2026-09-01T23:18:34.000Z","18","finished","0.7898834710749983","MUL_TEXT_NEWS_CHANNEL","CatBoost 😸","intfloat/e5-small-v2","4"
"light_MUL_TEXT_NEWS_CHANNEL_all_4","2026-09-01T23:18:24.000Z","80","finished","0.7869618149206795","MUL_TEXT_NEWS_CHANNEL","LightGBM 💡","intfloat/e5-small-v2","4"
"light_MUL_TEXT_NEWS_CHANNEL_text_only_4","2026-09-01T23:17:58.000Z","84","finished","0.5930933182891295","MUL_TEXT_NEWS_CHANNEL","LightGBM 💡","intfloat/e5-small-v2","4"
"light_MUL_TEXT_NEWS_CHANNEL_no_text_4","2026-09-01T23:17:37.000Z","15","finished","0.785044670179464","MUL_TEXT_NEWS_CHANNEL","LightGBM 💡","intfloat/e5-small-v2","4"
"tabpfnv2p5_MUL_TEXT_NEWS_CHANNEL_all_3","2026-09-01T23:17:31.000Z","94","finished","0.8294689959044383","MUL_TEXT_NEWS_CHANNEL","TabPFN-v2p5 🇩🇪","intfloat/e5-small-v2","3"
"tabpfnv2p5_MUL_TEXT_NEWS_CHANNEL_text_only_3","2026-09-01T23:17:21.000Z","91","finished","0.6205293822136422","MUL_TEXT_NEWS_CHANNEL","TabPFN-v2p5 🇩🇪","intfloat/e5-small-v2","3"
"tabpfnv2p5_MUL_TEXT_NEWS_CHANNEL_no_text_3","2026-09-01T23:17:00.000Z","18","finished","0.8178406117562466","MUL_TEXT_NEWS_CHANNEL","TabPFN-v2p5 🇩🇪","intfloat/e5-small-v2","3"
"tabpfnv2_MUL_TEXT_NEWS_CHANNEL_all_3","2026-09-01T23:16:54.000Z","97","finished","0.8206793356322374","MUL_TEXT_NEWS_CHANNEL","TabPFN-v2 🤯","intfloat/e5-small-v2","3"
"tabpfnv2_MUL_TEXT_NEWS_CHANNEL_text_only_3","2026-09-01T23:16:50.000Z","89","finished","0.612100305870717","MUL_TEXT_NEWS_CHANNEL","TabPFN-v2 🤯","intfloat/e5-small-v2","3"
"tabpfnv2_MUL_TEXT_NEWS_CHANNEL_no_text_3","2026-09-01T23:16:28.000Z","19","finished","0.8127241393436911","MUL_TEXT_NEWS_CHANNEL","TabPFN-v2 🤯","intfloat/e5-small-v2","3"
"tabm_MUL_TEXT_NEWS_CHANNEL_all_3","2026-09-01T23:16:03.000Z","88","finished","0.8151476244551206","MUL_TEXT_NEWS_CHANNEL","TabM Ⓜ️","intfloat/e5-small-v2","3"
"tabm_MUL_TEXT_NEWS_CHANNEL_text_only_3","2026-09-01T23:16:02.000Z","87","finished","0.6183216485897151","MUL_TEXT_NEWS_CHANNEL","TabM Ⓜ️","intfloat/e5-small-v2","3"
"tabm_MUL_TEXT_NEWS_CHANNEL_no_text_3","2026-09-01T23:15:40.000Z","19","finished","0.8006812641689102","MUL_TEXT_NEWS_CHANNEL","TabM Ⓜ️","intfloat/e5-small-v2","3"
"cat_MUL_TEXT_NEWS_CHANNEL_all_3","2026-09-01T23:15:30.000Z","87","finished","0.804074044669723","MUL_TEXT_NEWS_CHANNEL","CatBoost 😸","intfloat/e5-small-v2","3"
"cat_MUL_TEXT_NEWS_CHANNEL_text_only_3","2026-09-01T23:15:26.000Z","81","finished","0.6130351704872091","MUL_TEXT_NEWS_CHANNEL","CatBoost 😸","intfloat/e5-small-v2","3"
"cat_MUL_TEXT_NEWS_CHANNEL_no_text_3","2026-09-01T23:15:05.000Z","18","finished","0.8004400532220419","MUL_TEXT_NEWS_CHANNEL","CatBoost 😸","intfloat/e5-small-v2","3"
"light_MUL_TEXT_NEWS_CHANNEL_all_3","2026-09-01T23:14:59.000Z","84","finished","0.7990714958621106","MUL_TEXT_NEWS_CHANNEL","LightGBM 💡","intfloat/e5-small-v2","3"
"light_MUL_TEXT_NEWS_CHANNEL_text_only_3","2026-09-01T23:14:34.000Z","82","finished","0.5894068242906233","MUL_TEXT_NEWS_CHANNEL","LightGBM 💡","intfloat/e5-small-v2","3"
"light_MUL_TEXT_NEWS_CHANNEL_no_text_3","2026-09-01T23:14:13.000Z","14","finished","0.7906142441489039","MUL_TEXT_NEWS_CHANNEL","LightGBM 💡","intfloat/e5-small-v2","3"
"tabpfnv2p5_BIN_TEXT_OSHA_INJURY_all_4","2026-09-01T23:03:19.000Z","106","finished","0.6274975092835794","BIN_TEXT_OSHA_INJURY","TabPFN-v2p5 🇩🇪","intfloat/e5-small-v2","4"
"tabpfnv2p5_BIN_TEXT_OSHA_INJURY_text_only_4","2026-09-01T23:03:18.000Z","110","finished","0.5864867312743411","BIN_TEXT_OSHA_INJURY","TabPFN-v2p5 🇩🇪","intfloat/e5-small-v2","4"
"tabpfnv2p5_BIN_TEXT_OSHA_INJURY_no_text_4","2026-09-01T23:03:01.000Z","15","finished","0.5992391993478852","BIN_TEXT_OSHA_INJURY","TabPFN-v2p5 🇩🇪","intfloat/e5-small-v2","4"
"tabpfnv2_BIN_TEXT_OSHA_INJURY_all_4","2026-09-01T23:02:55.000Z","112","finished","0.6221447332669143","BIN_TEXT_OSHA_INJURY","TabPFN-v2 🤯","intfloat/e5-small-v2","4"
"tabpfnv2_BIN_TEXT_OSHA_INJURY_text_only_4","2026-09-01T23:02:46.000Z","113","finished","0.5723213477040123","BIN_TEXT_OSHA_INJURY","TabPFN-v2 🤯","intfloat/e5-small-v2","4"
"tabpfnv2_BIN_TEXT_OSHA_INJURY_no_text_4","2026-09-01T23:02:25.000Z","15","finished","0.6052440902092202","BIN_TEXT_OSHA_INJURY","TabPFN-v2 🤯","intfloat/e5-small-v2","4"
"tabm_BIN_TEXT_OSHA_INJURY_all_4","2026-09-01T23:01:35.000Z","99","finished","0.6301421972647405","BIN_TEXT_OSHA_INJURY","TabM Ⓜ️","intfloat/e5-small-v2","4"
"tabm_BIN_TEXT_OSHA_INJURY_text_only_4","2026-09-01T23:01:28.000Z","103","finished","0.5864867312743411","BIN_TEXT_OSHA_INJURY","TabM Ⓜ️","intfloat/e5-small-v2","4"
"tabm_BIN_TEXT_OSHA_INJURY_no_text_4","2026-09-01T23:01:14.000Z","15","finished","0.6032062313196268","BIN_TEXT_OSHA_INJURY","TabM Ⓜ️","intfloat/e5-small-v2","4"
"cat_BIN_TEXT_OSHA_INJURY_all_4","2026-09-01T23:01:11.000Z","107","finished","0.6324427135223258","BIN_TEXT_OSHA_INJURY","CatBoost 😸","intfloat/e5-small-v2","4"
"cat_BIN_TEXT_OSHA_INJURY_text_only_4","2026-09-01T23:01:10.000Z","103","finished","0.5993478851553301","BIN_TEXT_OSHA_INJURY","CatBoost 😸","intfloat/e5-small-v2","4"
"cat_BIN_TEXT_OSHA_INJURY_no_text_4","2026-09-01T23:00:50.000Z","19","finished","0.6083597500226429","BIN_TEXT_OSHA_INJURY","CatBoost 😸","intfloat/e5-small-v2","4"
"light_BIN_TEXT_OSHA_INJURY_all_4","2026-09-01T23:00:40.000Z","102","finished","0.590544334752287","BIN_TEXT_OSHA_INJURY","LightGBM 💡","intfloat/e5-small-v2","4"
"light_BIN_TEXT_OSHA_INJURY_text_only_4","2026-09-01T22:59:43.000Z","101","finished","0.5933882800470972","BIN_TEXT_OSHA_INJURY","LightGBM 💡","intfloat/e5-small-v2","4"
"light_BIN_TEXT_OSHA_INJURY_no_text_4","2026-09-01T22:59:27.000Z","14","finished","0.587247531926456","BIN_TEXT_OSHA_INJURY","LightGBM 💡","intfloat/e5-small-v2","4"
"tabpfnv2p5_BIN_TEXT_OSHA_INJURY_all_3","2026-09-01T22:59:23.000Z","105","finished","0.5992120278960239","BIN_TEXT_OSHA_INJURY","TabPFN-v2p5 🇩🇪","intfloat/e5-small-v2","3"
"tabpfnv2p5_BIN_TEXT_OSHA_INJURY_text_only_3","2026-09-01T22:59:15.000Z","109","finished","0.5918576215922471","BIN_TEXT_OSHA_INJURY","TabPFN-v2p5 🇩🇪","intfloat/e5-small-v2","3"
"tabpfnv2p5_BIN_TEXT_OSHA_INJURY_no_text_3","2026-09-01T22:59:02.000Z","15","finished","0.5653292274250521","BIN_TEXT_OSHA_INJURY","TabPFN-v2p5 🇩🇪","intfloat/e5-small-v2","3"
"tabpfnv2_BIN_TEXT_OSHA_INJURY_all_3","2026-09-01T22:58:55.000Z","112","finished","0.5861516167013856","BIN_TEXT_OSHA_INJURY","TabPFN-v2 🤯","intfloat/e5-small-v2","3"
"tabpfnv2_BIN_TEXT_OSHA_INJURY_text_only_3","2026-09-01T22:58:46.000Z","110","finished","0.5912507925006794","BIN_TEXT_OSHA_INJURY","TabPFN-v2 🤯","intfloat/e5-small-v2","3"
"tabpfnv2_BIN_TEXT_OSHA_INJURY_no_text_3","2026-09-01T22:58:24.000Z","15","finished","0.5703650031700027","BIN_TEXT_OSHA_INJURY","TabPFN-v2 🤯","intfloat/e5-small-v2","3"
"tabm_BIN_TEXT_OSHA_INJURY_all_3","2026-09-01T22:57:43.000Z","102","finished","0.5756362648310841","BIN_TEXT_OSHA_INJURY","TabM Ⓜ️","intfloat/e5-small-v2","3"
"tabm_BIN_TEXT_OSHA_INJURY_text_only_3","2026-09-01T22:57:31.000Z","101","finished","0.5616157956706821","BIN_TEXT_OSHA_INJURY","TabM Ⓜ️","intfloat/e5-small-v2","3"
"tabm_BIN_TEXT_OSHA_INJURY_no_text_3","2026-09-01T22:57:22.000Z","15","finished","0.5075174350149443","BIN_TEXT_OSHA_INJURY","TabM Ⓜ️","intfloat/e5-small-v2","3"
"cat_BIN_TEXT_OSHA_INJURY_all_3","2026-09-01T22:57:12.000Z","105","finished","0.5705099175799293","BIN_TEXT_OSHA_INJURY","CatBoost 😸","intfloat/e5-small-v2","3"
"cat_BIN_TEXT_OSHA_INJURY_text_only_3","2026-09-01T22:57:10.000Z","102","finished","0.5645684267729373","BIN_TEXT_OSHA_INJURY","CatBoost 😸","intfloat/e5-small-v2","3"
"cat_BIN_TEXT_OSHA_INJURY_no_text_3","2026-09-01T22:56:41.000Z","26","finished","0.5495607281949099","BIN_TEXT_OSHA_INJURY","CatBoost 😸","intfloat/e5-small-v2","3"
"light_BIN_TEXT_OSHA_INJURY_all_3","2026-09-01T22:56:40.000Z","100","finished","0.535676116293814","BIN_TEXT_OSHA_INJURY","LightGBM 💡","intfloat/e5-small-v2","3"
"light_BIN_TEXT_OSHA_INJURY_text_only_3","2026-09-01T22:55:46.000Z","100","finished","0.5610542523322163","BIN_TEXT_OSHA_INJURY","LightGBM 💡","intfloat/e5-small-v2","3"
"light_BIN_TEXT_OSHA_INJURY_no_text_3","2026-09-01T22:55:30.000Z","13","finished","0.5549859614165384","BIN_TEXT_OSHA_INJURY","LightGBM 💡","intfloat/e5-small-v2","3"
"tabpfnv2p5_MUL_TEXT_HEARTHSTONE_CARDS_all_4","2026-09-01T22:43:39.000Z","70","finished","0.9144387535290636","MUL_TEXT_HEARTHSTONE_CARDS","TabPFN-v2p5 🇩🇪","intfloat/e5-small-v2","4"
"tabpfnv2p5_MUL_TEXT_HEARTHSTONE_CARDS_text_only_4","2026-09-01T22:43:38.000Z","69","finished","0.8956412369425187","MUL_TEXT_HEARTHSTONE_CARDS","TabPFN-v2p5 🇩🇪","intfloat/e5-small-v2","4"
"tabpfnv2p5_MUL_TEXT_HEARTHSTONE_CARDS_no_text_4","2026-09-01T22:43:30.000Z","15","finished","0.8168144451594879","MUL_TEXT_HEARTHSTONE_CARDS","TabPFN-v2p5 🇩🇪","intfloat/e5-small-v2","4"
"tabpfnv2_MUL_TEXT_HEARTHSTONE_CARDS_all_4","2026-09-01T22:43:28.000Z","71","finished","0.885527865011561","MUL_TEXT_HEARTHSTONE_CARDS","TabPFN-v2 🤯","intfloat/e5-small-v2","4"
"tabpfnv2_MUL_TEXT_HEARTHSTONE_CARDS_text_only_4","2026-09-01T22:42:53.000Z","84","finished","0.8859277488737496","MUL_TEXT_HEARTHSTONE_CARDS","TabPFN-v2 🤯","intfloat/e5-small-v2","4"
"tabpfnv2_MUL_TEXT_HEARTHSTONE_CARDS_no_text_4","2026-09-01T22:42:32.000Z","14","finished","0.7450484497183049","MUL_TEXT_HEARTHSTONE_CARDS","TabPFN-v2 🤯","intfloat/e5-small-v2","4"
"tabm_MUL_TEXT_HEARTHSTONE_CARDS_all_4","2026-09-01T22:42:22.000Z","65","finished","0.9304000028404632","MUL_TEXT_HEARTHSTONE_CARDS","TabM Ⓜ️","intfloat/e5-small-v2","4"
"tabm_MUL_TEXT_HEARTHSTONE_CARDS_text_only_4","2026-09-01T22:42:19.000Z","72","finished","0.9005137274137788","MUL_TEXT_HEARTHSTONE_CARDS","TabM Ⓜ️","intfloat/e5-small-v2","4"
"tabm_MUL_TEXT_HEARTHSTONE_CARDS_no_text_4","2026-09-01T22:41:58.000Z","16","finished","0.796045441469132","MUL_TEXT_HEARTHSTONE_CARDS","TabM Ⓜ️","intfloat/e5-small-v2","4"
"cat_MUL_TEXT_HEARTHSTONE_CARDS_all_4","2026-09-01T22:41:54.000Z","99","finished","0.9075689167268004","MUL_TEXT_HEARTHSTONE_CARDS","CatBoost 😸","intfloat/e5-small-v2","4"
"cat_MUL_TEXT_HEARTHSTONE_CARDS_text_only_4","2026-09-01T22:41:54.000Z","87","finished","0.8804564280237243","MUL_TEXT_HEARTHSTONE_CARDS","CatBoost 😸","intfloat/e5-small-v2","4"
"cat_MUL_TEXT_HEARTHSTONE_CARDS_no_text_4","2026-09-01T22:41:32.000Z","20","finished","0.7810850024941828","MUL_TEXT_HEARTHSTONE_CARDS","CatBoost 😸","intfloat/e5-small-v2","4"
"light_MUL_TEXT_HEARTHSTONE_CARDS_all_4","2026-09-01T22:41:24.000Z","66","finished","0.8769513935602493","MUL_TEXT_HEARTHSTONE_CARDS","LightGBM 💡","intfloat/e5-small-v2","4"
"light_MUL_TEXT_HEARTHSTONE_CARDS_text_only_4","2026-09-01T22:41:14.000Z","63","finished","0.8688917823642862","MUL_TEXT_HEARTHSTONE_CARDS","LightGBM 💡","intfloat/e5-small-v2","4"
"light_MUL_TEXT_HEARTHSTONE_CARDS_no_text_4","2026-09-01T22:40:53.000Z","15","finished","0.7675066000763686","MUL_TEXT_HEARTHSTONE_CARDS","LightGBM 💡","intfloat/e5-small-v2","4"
"tabpfnv2p5_MUL_TEXT_HEARTHSTONE_CARDS_text_only_3","2026-09-01T22:40:35.000Z","71","finished","0.8643552609747298","MUL_TEXT_HEARTHSTONE_CARDS","TabPFN-v2p5 🇩🇪","intfloat/e5-small-v2","3"
"tabpfnv2p5_MUL_TEXT_HEARTHSTONE_CARDS_all_3","2026-09-01T22:40:35.000Z","73","finished","0.891850489888695","MUL_TEXT_HEARTHSTONE_CARDS","TabPFN-v2p5 🇩🇪","intfloat/e5-small-v2","3"
"tabpfnv2p5_MUL_TEXT_HEARTHSTONE_CARDS_no_text_3","2026-09-01T22:40:32.000Z","14","finished","0.8182836698871382","MUL_TEXT_HEARTHSTONE_CARDS","TabPFN-v2p5 🇩🇪","intfloat/e5-small-v2","3"
"tabpfnv2_MUL_TEXT_HEARTHSTONE_CARDS_all_3","2026-09-01T22:40:14.000Z","71","finished","0.8819389675624191","MUL_TEXT_HEARTHSTONE_CARDS","TabPFN-v2 🤯","intfloat/e5-small-v2","3"
"tabpfnv2_MUL_TEXT_HEARTHSTONE_CARDS_text_only_3","2026-09-01T22:40:05.000Z","72","finished","0.8753263402598732","MUL_TEXT_HEARTHSTONE_CARDS","TabPFN-v2 🤯","intfloat/e5-small-v2","3"
"tabpfnv2_MUL_TEXT_HEARTHSTONE_CARDS_no_text_3","2026-09-01T22:39:38.000Z","18","finished","0.7591667808480931","MUL_TEXT_HEARTHSTONE_CARDS","TabPFN-v2 🤯","intfloat/e5-small-v2","3"
"tabm_MUL_TEXT_HEARTHSTONE_CARDS_all_3","2026-09-01T22:39:22.000Z","70","finished","0.8864222705062828","MUL_TEXT_HEARTHSTONE_CARDS","TabM Ⓜ️","intfloat/e5-small-v2","3"
"tabm_MUL_TEXT_HEARTHSTONE_CARDS_text_only_3","2026-09-01T22:39:22.000Z","70","finished","0.859088668448849","MUL_TEXT_HEARTHSTONE_CARDS","TabM Ⓜ️","intfloat/e5-small-v2","3"
"tabm_MUL_TEXT_HEARTHSTONE_CARDS_no_text_3","2026-09-01T22:39:01.000Z","15","finished","0.8078663187508409","MUL_TEXT_HEARTHSTONE_CARDS","TabM Ⓜ️","intfloat/e5-small-v2","3"
"cat_MUL_TEXT_HEARTHSTONE_CARDS_all_3","2026-09-01T22:38:58.000Z","88","finished","0.8913539095865032","MUL_TEXT_HEARTHSTONE_CARDS","CatBoost 😸","intfloat/e5-small-v2","3"
"cat_MUL_TEXT_HEARTHSTONE_CARDS_text_only_3","2026-09-01T22:38:50.000Z","77","finished","0.859381740224466","MUL_TEXT_HEARTHSTONE_CARDS","CatBoost 😸","intfloat/e5-small-v2","3"
"cat_MUL_TEXT_HEARTHSTONE_CARDS_no_text_3","2026-09-01T22:38:31.000Z","20","finished","0.8034934014352038","MUL_TEXT_HEARTHSTONE_CARDS","CatBoost 😸","intfloat/e5-small-v2","3"
"light_MUL_TEXT_HEARTHSTONE_CARDS_all_3","2026-09-01T22:38:24.000Z","68","finished","0.8707990346971124","MUL_TEXT_HEARTHSTONE_CARDS","LightGBM 💡","intfloat/e5-small-v2","3"
"light_MUL_TEXT_HEARTHSTONE_CARDS_text_only_3","2026-09-01T22:38:13.000Z","66","finished","0.8424235562519884","MUL_TEXT_HEARTHSTONE_CARDS","LightGBM 💡","intfloat/e5-small-v2","3"
"light_MUL_TEXT_HEARTHSTONE_CARDS_no_text_3","2026-09-01T22:37:52.000Z","15","finished","0.7116534186748871","MUL_TEXT_HEARTHSTONE_CARDS","LightGBM 💡","intfloat/e5-small-v2","3"
"tabpfnv2p5_MUL_TEXT_CONSUMER_COMPLAINT_all_4","2026-09-01T22:25:42.000Z","379","finished","0.9247259667623984","MUL_TEXT_CONSUMER_COMPLAINT","TabPFN-v2p5 🇩🇪","intfloat/e5-small-v2","4"
"tabpfnv2p5_MUL_TEXT_CONSUMER_COMPLAINT_text_only_4","2026-09-01T22:25:25.000Z","398","finished","0.918188486811376","MUL_TEXT_CONSUMER_COMPLAINT","TabPFN-v2p5 🇩🇪","intfloat/e5-small-v2","4"
"tabpfnv2p5_MUL_TEXT_CONSUMER_COMPLAINT_no_text_4","2026-09-01T22:25:21.000Z","18","finished","0.8613319218936933","MUL_TEXT_CONSUMER_COMPLAINT","TabPFN-v2p5 🇩🇪","intfloat/e5-small-v2","4"
"tabpfnv2_MUL_TEXT_CONSUMER_COMPLAINT_all_4","2026-09-01T22:25:19.000Z","412","finished","0.9144770015339456","MUL_TEXT_CONSUMER_COMPLAINT","TabPFN-v2 🤯","intfloat/e5-small-v2","4"
"tabpfnv2_MUL_TEXT_CONSUMER_COMPLAINT_text_only_4","2026-09-01T22:20:03.000Z","408","finished","0.9127288131238842","MUL_TEXT_CONSUMER_COMPLAINT","TabPFN-v2 🤯","intfloat/e5-small-v2","4"
"tabpfnv2_MUL_TEXT_CONSUMER_COMPLAINT_no_text_4","2026-09-01T22:19:42.000Z","18","finished","0.863584926170317","MUL_TEXT_CONSUMER_COMPLAINT","TabPFN-v2 🤯","intfloat/e5-small-v2","4"
"tabm_MUL_TEXT_CONSUMER_COMPLAINT_all_4","2026-09-01T22:19:31.000Z","346","finished","0.8978057617936595","MUL_TEXT_CONSUMER_COMPLAINT","TabM Ⓜ️","intfloat/e5-small-v2","4"
"tabm_MUL_TEXT_CONSUMER_COMPLAINT_text_only_4","2026-09-01T22:19:08.000Z","366","finished","0.8617351408766867","MUL_TEXT_CONSUMER_COMPLAINT","TabM Ⓜ️","intfloat/e5-small-v2","4"
"tabm_MUL_TEXT_CONSUMER_COMPLAINT_no_text_4","2026-09-01T22:19:04.000Z","21","finished","0.8340866984333969","MUL_TEXT_CONSUMER_COMPLAINT","TabM Ⓜ️","intfloat/e5-small-v2","4"
"cat_MUL_TEXT_CONSUMER_COMPLAINT_text_only_4","2026-09-01T22:18:59.000Z","383","finished","0.8810655140735791","MUL_TEXT_CONSUMER_COMPLAINT","CatBoost 😸","intfloat/e5-small-v2","4"
"cat_MUL_TEXT_CONSUMER_COMPLAINT_all_4","2026-09-01T22:18:59.000Z","403","finished","0.9065082862097362","MUL_TEXT_CONSUMER_COMPLAINT","CatBoost 😸","intfloat/e5-small-v2","4"
"cat_MUL_TEXT_CONSUMER_COMPLAINT_no_text_4","2026-09-01T22:18:17.000Z","42","finished","0.8634550129146054","MUL_TEXT_CONSUMER_COMPLAINT","CatBoost 😸","intfloat/e5-small-v2","4"
"light_MUL_TEXT_CONSUMER_COMPLAINT_all_4","2026-09-01T22:13:47.000Z","351","finished","0.9035501523333912","MUL_TEXT_CONSUMER_COMPLAINT","LightGBM 💡","intfloat/e5-small-v2","4"
"light_MUL_TEXT_CONSUMER_COMPLAINT_text_only_4","2026-09-01T22:12:59.000Z","355","finished","0.8707714020207145","MUL_TEXT_CONSUMER_COMPLAINT","LightGBM 💡","intfloat/e5-small-v2","4"
"light_MUL_TEXT_CONSUMER_COMPLAINT_no_text_4","2026-09-01T22:12:38.000Z","17","finished","0.8448361580690502","MUL_TEXT_CONSUMER_COMPLAINT","LightGBM 💡","intfloat/e5-small-v2","4"
"tabpfnv2p5_MUL_TEXT_CONSUMER_COMPLAINT_all_3","2026-09-01T22:12:31.000Z","392","finished","0.9205024788447592","MUL_TEXT_CONSUMER_COMPLAINT","TabPFN-v2p5 🇩🇪","intfloat/e5-small-v2","3"
"tabpfnv2p5_MUL_TEXT_CONSUMER_COMPLAINT_text_only_3","2026-09-01T22:12:27.000Z","389","finished","0.9121833079402876","MUL_TEXT_CONSUMER_COMPLAINT","TabPFN-v2p5 🇩🇪","intfloat/e5-small-v2","3"
"tabpfnv2p5_MUL_TEXT_CONSUMER_COMPLAINT_no_text_3","2026-09-01T22:12:10.000Z","18","finished","0.8647495436666639","MUL_TEXT_CONSUMER_COMPLAINT","TabPFN-v2p5 🇩🇪","intfloat/e5-small-v2","3"
"tabpfnv2_MUL_TEXT_CONSUMER_COMPLAINT_all_3","2026-09-01T22:11:40.000Z","391","finished","0.9088921788684452","MUL_TEXT_CONSUMER_COMPLAINT","TabPFN-v2 🤯","intfloat/e5-small-v2","3"
"tabpfnv2_MUL_TEXT_CONSUMER_COMPLAINT_text_only_3","2026-09-01T22:06:54.000Z","407","finished","0.9025884940871678","MUL_TEXT_CONSUMER_COMPLAINT","TabPFN-v2 🤯","intfloat/e5-small-v2","3"
"tabpfnv2_MUL_TEXT_CONSUMER_COMPLAINT_no_text_3","2026-09-01T22:06:28.000Z","20","finished","0.8621733686650328","MUL_TEXT_CONSUMER_COMPLAINT","TabPFN-v2 🤯","intfloat/e5-small-v2","3"
"tabm_MUL_TEXT_CONSUMER_COMPLAINT_all_3","2026-09-01T22:06:22.000Z","362","finished","0.8924442340892054","MUL_TEXT_CONSUMER_COMPLAINT","TabM Ⓜ️","intfloat/e5-small-v2","3"
"tabm_MUL_TEXT_CONSUMER_COMPLAINT_text_only_3","2026-09-01T22:06:00.000Z","365","finished","0.8708224296266982","MUL_TEXT_CONSUMER_COMPLAINT","TabM Ⓜ️","intfloat/e5-small-v2","3"
"tabm_MUL_TEXT_CONSUMER_COMPLAINT_no_text_3","2026-09-01T22:05:55.000Z","20","finished","0.8254460788853744","MUL_TEXT_CONSUMER_COMPLAINT","TabM Ⓜ️","intfloat/e5-small-v2","3"
"cat_MUL_TEXT_CONSUMER_COMPLAINT_all_3","2026-09-01T22:05:51.000Z","399","finished","0.901568377546182","MUL_TEXT_CONSUMER_COMPLAINT","CatBoost 😸","intfloat/e5-small-v2","3"
"cat_MUL_TEXT_CONSUMER_COMPLAINT_text_only_3","2026-09-01T22:05:40.000Z","357","finished","0.8699740461599845","MUL_TEXT_CONSUMER_COMPLAINT","CatBoost 😸","intfloat/e5-small-v2","3"
"cat_MUL_TEXT_CONSUMER_COMPLAINT_no_text_3","2026-09-01T22:04:58.000Z","38","finished","0.855240313800075","MUL_TEXT_CONSUMER_COMPLAINT","CatBoost 😸","intfloat/e5-small-v2","3"
"light_MUL_TEXT_CONSUMER_COMPLAINT_all_3","2026-09-01T22:00:33.000Z","350","finished","0.9022636218106752","MUL_TEXT_CONSUMER_COMPLAINT","LightGBM 💡","intfloat/e5-small-v2","3"
"light_MUL_TEXT_CONSUMER_COMPLAINT_text_only_3","2026-09-01T21:59:50.000Z","355","finished","0.8664567347430403","MUL_TEXT_CONSUMER_COMPLAINT","LightGBM 💡","intfloat/e5-small-v2","3"
"light_MUL_TEXT_CONSUMER_COMPLAINT_no_text_3","2026-09-01T21:59:29.000Z","16","finished","0.8319551988743712","MUL_TEXT_CONSUMER_COMPLAINT","LightGBM 💡","intfloat/e5-small-v2","3"
